2026-08-23 21:34:28.077 +03:00 [INF] User profile is available. Using 'C:\Users\mahmo\AppData\Local\ASP.NET\DataProtection-Keys' as key repository and Windows DPAPI to encrypt keys at rest.
2026-08-23 21:34:28.149 +03:00 [ERR] Hosting failed to start
System.IO.IOException: Failed to bind to address http://127.0.0.1:5279: address already in use.
 ---> Microsoft.AspNetCore.Connections.AddressInUseException: Only one usage of each socket address (protocol/network address/port) is normally permitted.
 ---> System.Net.Sockets.SocketException (10048): Only one usage of each socket address (protocol/network address/port) is normally permitted.
   at System.Net.Sockets.Socket.UpdateStatusAfterSocketErrorAndThrowException(SocketError error, Boolean disconnectOnFailure, String callerName)
   at System.Net.Sockets.Socket.DoBind(EndPoint endPointSnapshot, SocketAddress socketAddress)
   at System.Net.Sockets.Socket.Bind(EndPoint localEP)
   at Microsoft.AspNetCore.Server.Kestrel.Transport.Sockets.SocketTransportOptions.CreateDefaultBoundListenSocket(EndPoint endpoint)
   at Microsoft.AspNetCore.Server.Kestrel.Transport.Sockets.SocketConnectionListener.Bind()
   --- End of inner exception stack trace ---
   at Microsoft.AspNetCore.Server.Kestrel.Transport.Sockets.SocketConnectionListener.Bind()
   at Microsoft.AspNetCore.Server.Kestrel.Transport.Sockets.SocketTransportFactory.BindAsync(EndPoint endpoint, CancellationToken cancellationToken)
   at Microsoft.AspNetCore.Server.Kestrel.Core.Internal.Infrastructure.TransportManager.BindAsync(EndPoint endPoint, ConnectionDelegate connectionDelegate, EndpointConfig endpointConfig, CancellationToken cancellationToken)
   at Microsoft.AspNetCore.Server.Kestrel.Core.KestrelServerImpl.<>c__DisplayClass28_0`1.<<StartAsync>g__OnBind|0>d.MoveNext()
--- End of stack trace from previous location ---
   at Microsoft.AspNetCore.Server.Kestrel.Core.Internal.AddressBinder.BindEndpointAsync(ListenOptions endpoint, AddressBindContext context, CancellationToken cancellationToken)
   --- End of inner exception stack trace ---
   at Microsoft.AspNetCore.Server.Kestrel.Core.Internal.AddressBinder.BindEndpointAsync(ListenOptions endpoint, AddressBindContext context, CancellationToken cancellationToken)
   at Microsoft.AspNetCore.Server.Kestrel.Core.LocalhostListenOptions.BindAsync(AddressBindContext context, CancellationToken cancellationToken)
   at Microsoft.AspNetCore.Server.Kestrel.Core.Internal.AddressBinder.AddressesStrategy.BindAsync(AddressBindContext context, CancellationToken cancellationToken)
   at Microsoft.AspNetCore.Server.Kestrel.Core.KestrelServerImpl.BindAsync(CancellationToken cancellationToken)
   at Microsoft.AspNetCore.Server.Kestrel.Core.KestrelServerImpl.StartAsync[TContext](IHttpApplication`1 application, CancellationToken cancellationToken)
   at Microsoft.AspNetCore.Hosting.GenericWebHostService.StartAsync(CancellationToken cancellationToken)
   at Microsoft.Extensions.Hosting.Internal.Host.<StartAsync>b__14_1(IHostedService service, CancellationToken token)
   at Microsoft.Extensions.Hosting.Internal.Host.ForeachService[T](IEnumerable`1 services, CancellationToken token, Boolean concurrent, Boolean abortOnFirstException, List`1 exceptions, Func`3 operation)
2026-08-23 21:41:41.531 +03:00 [INF] User profile is available. Using 'C:\Users\mahmo\AppData\Local\ASP.NET\DataProtection-Keys' as key repository and Windows DPAPI to encrypt keys at rest.
2026-08-23 21:41:41.592 +03:00 [INF] Now listening on: http://localhost:5279
2026-08-23 21:41:41.594 +03:00 [INF] Application started. Press Ctrl+C to shut down.
2026-08-23 21:41:41.594 +03:00 [INF] Hosting environment: Development
2026-08-23 21:41:41.594 +03:00 [INF] Content root path: C:\Users\mahmo\ResturantPOS\presentation
2026-08-23 21:41:47.606 +03:00 [INF] Request starting HTTP/1.1 POST http://localhost:5279/hubs/order/negotiate?negotiateVersion=1 - null 0
2026-08-23 21:41:47.606 +03:00 [INF] Request starting HTTP/1.1 POST http://localhost:5279/hubs/order/negotiate?negotiateVersion=1 - null 0
2026-08-23 21:41:47.622 +03:00 [WRN] Failed to determine the https port for redirect.
2026-08-23 21:41:47.623 +03:00 [INF] CORS policy execution successful.
2026-08-23 21:41:47.623 +03:00 [INF] CORS policy execution successful.
2026-08-23 21:41:47.663 +03:00 [INF] Executing endpoint '/hubs/order/negotiate'
2026-08-23 21:41:47.663 +03:00 [INF] Executing endpoint '/hubs/order/negotiate'
2026-08-23 21:41:47.669 +03:00 [INF] Executed endpoint '/hubs/order/negotiate'
2026-08-23 21:41:47.669 +03:00 [INF] Executed endpoint '/hubs/order/negotiate'
2026-08-23 21:41:47.670 +03:00 [INF] Request finished HTTP/1.1 POST http://localhost:5279/hubs/order/negotiate?negotiateVersion=1 - 200 316 application/json 65.2176ms
2026-08-23 21:41:47.670 +03:00 [INF] Request finished HTTP/1.1 POST http://localhost:5279/hubs/order/negotiate?negotiateVersion=1 - 200 316 application/json 65.3057ms
2026-08-23 21:41:47.676 +03:00 [INF] Request starting HTTP/1.1 GET http://localhost:5279/hubs/order?id=CMjsBsV9D0fLohxuAq7kVg&access_token=eyJhbGciOiJIUzI1NiIsInR5cCI6IkpXVCJ9.eyJuYW1laWQiOiI3IiwidW5pcXVlX25hbWUiOiJDaGVmIFN0YWZmIiwiZW1haWwiOiJjaGVmQGFsYXJpcy5jb20iLCJyb2xlIjoiQ2hlZiIsIm5iZiI6MTc4NzUxMDE4OSwiZXhwIjoxNzg3NTM4OTg5LCJpYXQiOjE3ODc1MTAxODksImlzcyI6IlJlc3RhdXJhbnRQT1MiLCJhdWQiOiJSZXN0YXVyYW50UE9TVXNlcnMifQ.lWD38d-2RzHnCWzvpJPz5IC6rxu6uqvutgSnX8uya8Q - null null
2026-08-23 21:41:47.678 +03:00 [INF] CORS policy execution successful.
2026-08-23 21:41:47.680 +03:00 [INF] Executing endpoint '/hubs/order'
2026-08-23 21:41:47.709 +03:00 [INF] Request starting HTTP/1.1 GET http://localhost:5279/hubs/order?id=weQ7yy6D4lUuZoEXshUETQ&access_token=eyJhbGciOiJIUzI1NiIsInR5cCI6IkpXVCJ9.eyJuYW1laWQiOiI3IiwidW5pcXVlX25hbWUiOiJDaGVmIFN0YWZmIiwiZW1haWwiOiJjaGVmQGFsYXJpcy5jb20iLCJyb2xlIjoiQ2hlZiIsIm5iZiI6MTc4NzUxMDE4OSwiZXhwIjoxNzg3NTM4OTg5LCJpYXQiOjE3ODc1MTAxODksImlzcyI6IlJlc3RhdXJhbnRQT1MiLCJhdWQiOiJSZXN0YXVyYW50UE9TVXNlcnMifQ.lWD38d-2RzHnCWzvpJPz5IC6rxu6uqvutgSnX8uya8Q - null null
2026-08-23 21:41:47.710 +03:00 [INF] CORS policy execution successful.
2026-08-23 21:41:47.710 +03:00 [INF] Executing endpoint '/hubs/order'
2026-08-23 21:42:38.801 +03:00 [INF] Executed endpoint '/hubs/order'
2026-08-23 21:42:38.801 +03:00 [INF] Executed endpoint '/hubs/order'
2026-08-23 21:42:38.803 +03:00 [INF] Request finished HTTP/1.1 GET http://localhost:5279/hubs/order?id=weQ7yy6D4lUuZoEXshUETQ&access_token=eyJhbGciOiJIUzI1NiIsInR5cCI6IkpXVCJ9.eyJuYW1laWQiOiI3IiwidW5pcXVlX25hbWUiOiJDaGVmIFN0YWZmIiwiZW1haWwiOiJjaGVmQGFsYXJpcy5jb20iLCJyb2xlIjoiQ2hlZiIsIm5iZiI6MTc4NzUxMDE4OSwiZXhwIjoxNzg3NTM4OTg5LCJpYXQiOjE3ODc1MTAxODksImlzcyI6IlJlc3RhdXJhbnRQT1MiLCJhdWQiOiJSZXN0YXVyYW50UE9TVXNlcnMifQ.lWD38d-2RzHnCWzvpJPz5IC6rxu6uqvutgSnX8uya8Q - 101 null null 51093.9075ms
2026-08-23 21:42:38.803 +03:00 [INF] Request finished HTTP/1.1 GET http://localhost:5279/hubs/order?id=CMjsBsV9D0fLohxuAq7kVg&access_token=eyJhbGciOiJIUzI1NiIsInR5cCI6IkpXVCJ9.eyJuYW1laWQiOiI3IiwidW5pcXVlX25hbWUiOiJDaGVmIFN0YWZmIiwiZW1haWwiOiJjaGVmQGFsYXJpcy5jb20iLCJyb2xlIjoiQ2hlZiIsIm5iZiI6MTc4NzUxMDE4OSwiZXhwIjoxNzg3NTM4OTg5LCJpYXQiOjE3ODc1MTAxODksImlzcyI6IlJlc3RhdXJhbnRQT1MiLCJhdWQiOiJSZXN0YXVyYW50UE9TVXNlcnMifQ.lWD38d-2RzHnCWzvpJPz5IC6rxu6uqvutgSnX8uya8Q - 101 null null 51127.4652ms
2026-08-23 21:42:39.038 +03:00 [INF] Request starting HTTP/1.1 POST http://localhost:5279/hubs/order/negotiate?negotiateVersion=1 - null 0
2026-08-23 21:42:39.038 +03:00 [INF] Request starting HTTP/1.1 POST http://localhost:5279/hubs/order/negotiate?negotiateVersion=1 - null 0
2026-08-23 21:42:39.039 +03:00 [INF] CORS policy execution successful.
2026-08-23 21:42:39.039 +03:00 [INF] Request starting HTTP/1.1 GET http://localhost:5279/api/Categories - null null
2026-08-23 21:42:39.039 +03:00 [INF] CORS policy execution successful.
2026-08-23 21:42:39.039 +03:00 [INF] Executing endpoint '/hubs/order/negotiate'
2026-08-23 21:42:39.039 +03:00 [INF] Executing endpoint '/hubs/order/negotiate'
2026-08-23 21:42:39.039 +03:00 [INF] Executed endpoint '/hubs/order/negotiate'
2026-08-23 21:42:39.039 +03:00 [INF] Executed endpoint '/hubs/order/negotiate'
2026-08-23 21:42:39.039 +03:00 [INF] Request finished HTTP/1.1 POST http://localhost:5279/hubs/order/negotiate?negotiateVersion=1 - 200 316 application/json 1.1136ms
2026-08-23 21:42:39.040 +03:00 [INF] Request finished HTTP/1.1 POST http://localhost:5279/hubs/order/negotiate?negotiateVersion=1 - 200 316 application/json 1.2104ms
2026-08-23 21:42:39.041 +03:00 [INF] Request starting HTTP/1.1 GET http://localhost:5279/api/MenuItems - null null
2026-08-23 21:42:39.041 +03:00 [INF] Executing endpoint 'Presentation.Controllers.CategoriesController.GetAllCategories (Presentation)'
2026-08-23 21:42:39.043 +03:00 [INF] Executing endpoint 'Presentation.Controllers.MenuItemsController.GetAllMenuItems (Presentation)'
2026-08-23 21:42:39.050 +03:00 [INF] Request starting HTTP/1.1 GET http://localhost:5279/hubs/order?id=nftl_3fuQp1tZkjKheFn-w&access_token=eyJhbGciOiJIUzI1NiIsInR5cCI6IkpXVCJ9.eyJuYW1laWQiOiI3IiwidW5pcXVlX25hbWUiOiJDaGVmIFN0YWZmIiwiZW1haWwiOiJjaGVmQGFsYXJpcy5jb20iLCJyb2xlIjoiQ2hlZiIsIm5iZiI6MTc4NzUxMDE4OSwiZXhwIjoxNzg3NTM4OTg5LCJpYXQiOjE3ODc1MTAxODksImlzcyI6IlJlc3RhdXJhbnRQT1MiLCJhdWQiOiJSZXN0YXVyYW50UE9TVXNlcnMifQ.lWD38d-2RzHnCWzvpJPz5IC6rxu6uqvutgSnX8uya8Q - null null
2026-08-23 21:42:39.050 +03:00 [INF] CORS policy execution successful.
2026-08-23 21:42:39.051 +03:00 [INF] Executing endpoint '/hubs/order'
2026-08-23 21:42:39.053 +03:00 [INF] Route matched with {action = "GetAllCategories", controller = "Categories"}. Executing controller action with signature System.Threading.Tasks.Task`1[Microsoft.AspNetCore.Mvc.IActionResult] GetAllCategories() on controller Presentation.Controllers.CategoriesController (Presentation).
2026-08-23 21:42:39.054 +03:00 [INF] Route matched with {action = "GetAllMenuItems", controller = "MenuItems"}. Executing controller action with signature System.Threading.Tasks.Task`1[Microsoft.AspNetCore.Mvc.IActionResult] GetAllMenuItems(Application.DTOs.Menu.MenuFilterDto) on controller Presentation.Controllers.MenuItemsController (Presentation).
2026-08-23 21:42:39.072 +03:00 [INF] Request starting HTTP/1.1 GET http://localhost:5279/hubs/order?id=gF6hX0neSTZe6iuantaAkg&access_token=eyJhbGciOiJIUzI1NiIsInR5cCI6IkpXVCJ9.eyJuYW1laWQiOiI3IiwidW5pcXVlX25hbWUiOiJDaGVmIFN0YWZmIiwiZW1haWwiOiJjaGVmQGFsYXJpcy5jb20iLCJyb2xlIjoiQ2hlZiIsIm5iZiI6MTc4NzUxMDE4OSwiZXhwIjoxNzg3NTM4OTg5LCJpYXQiOjE3ODc1MTAxODksImlzcyI6IlJlc3RhdXJhbnRQT1MiLCJhdWQiOiJSZXN0YXVyYW50UE9TVXNlcnMifQ.lWD38d-2RzHnCWzvpJPz5IC6rxu6uqvutgSnX8uya8Q - null null
2026-08-23 21:42:39.072 +03:00 [INF] CORS policy execution successful.
2026-08-23 21:42:39.072 +03:00 [INF] Executing endpoint '/hubs/order'
2026-08-23 21:42:39.963 +03:00 [INF] Executed DbCommand (17ms) [Parameters=[], CommandType='"Text"', CommandTimeout='30']
SELECT [c].[Id], [c].[Description], [c].[IsActive], [c].[Name]
FROM [Categories] AS [c]
2026-08-23 21:42:39.963 +03:00 [INF] Executed DbCommand (19ms) [Parameters=[], CommandType='"Text"', CommandTimeout='30']
SELECT [m].[Id], [m].[CategoryId], [m].[CreatedAt], [m].[IsAvailable], [m].[IsSeasonalItem], [m].[Name], [m].[Price], [c].[Id], [c].[Description], [c].[IsActive], [c].[Name]
FROM [MenuItems] AS [m]
LEFT JOIN [Categories] AS [c] ON [m].[CategoryId] = [c].[Id]
2026-08-23 21:42:40.004 +03:00 [INF] Executing OkObjectResult, writing value of type 'System.Linq.Enumerable+ListSelectIterator`2[[Domain.Models.MenuItem, Domain, Version=1.0.0.0, Culture=neutral, PublicKeyToken=null],[Application.DTOs.Menu.MenuItemDto, Application, Version=1.0.0.0, Culture=neutral, PublicKeyToken=null]]'.
2026-08-23 21:42:40.004 +03:00 [INF] Executing OkObjectResult, writing value of type 'System.Linq.Enumerable+ListSelectIterator`2[[Domain.Models.Category, Domain, Version=1.0.0.0, Culture=neutral, PublicKeyToken=null],[Application.DTOs.Menu.Categories.CategoryDto, Application, Version=1.0.0.0, Culture=neutral, PublicKeyToken=null]]'.
2026-08-23 21:42:40.038 +03:00 [INF] Executed action Presentation.Controllers.CategoriesController.GetAllCategories (Presentation) in 982.4723ms
2026-08-23 21:42:40.038 +03:00 [INF] Executed action Presentation.Controllers.MenuItemsController.GetAllMenuItems (Presentation) in 983.4565ms
2026-08-23 21:42:40.038 +03:00 [INF] Executed endpoint 'Presentation.Controllers.CategoriesController.GetAllCategories (Presentation)'
2026-08-23 21:42:40.038 +03:00 [INF] Request starting HTTP/1.1 GET http://localhost:5279/api/Categories - null null
2026-08-23 21:42:40.038 +03:00 [INF] Executed endpoint 'Presentation.Controllers.MenuItemsController.GetAllMenuItems (Presentation)'
2026-08-23 21:42:40.040 +03:00 [INF] Executing endpoint 'Presentation.Controllers.CategoriesController.GetAllCategories (Presentation)'
2026-08-23 21:42:40.041 +03:00 [INF] Route matched with {action = "GetAllCategories", controller = "Categories"}. Executing controller action with signature System.Threading.Tasks.Task`1[Microsoft.AspNetCore.Mvc.IActionResult] GetAllCategories() on controller Presentation.Controllers.CategoriesController (Presentation).
2026-08-23 21:42:40.041 +03:00 [INF] Request starting HTTP/1.1 GET http://localhost:5279/api/MenuItems - null null
2026-08-23 21:42:40.041 +03:00 [INF] Executing endpoint 'Presentation.Controllers.MenuItemsController.GetAllMenuItems (Presentation)'
2026-08-23 21:42:40.041 +03:00 [INF] Route matched with {action = "GetAllMenuItems", controller = "MenuItems"}. Executing controller action with signature System.Threading.Tasks.Task`1[Microsoft.AspNetCore.Mvc.IActionResult] GetAllMenuItems(Application.DTOs.Menu.MenuFilterDto) on controller Presentation.Controllers.MenuItemsController (Presentation).
2026-08-23 21:42:40.042 +03:00 [INF] Request finished HTTP/1.1 GET http://localhost:5279/api/Categories - 200 null application/json; charset=utf-8 1002.9667ms
2026-08-23 21:42:40.042 +03:00 [INF] Request finished HTTP/1.1 GET http://localhost:5279/api/MenuItems - 200 null application/json; charset=utf-8 1000.685ms
2026-08-23 21:42:40.098 +03:00 [INF] Executed DbCommand (5ms) [Parameters=[], CommandType='"Text"', CommandTimeout='30']
SELECT [c].[Id], [c].[Description], [c].[IsActive], [c].[Name]
FROM [Categories] AS [c]
2026-08-23 21:42:40.098 +03:00 [INF] Executing OkObjectResult, writing value of type 'System.Linq.Enumerable+ListSelectIterator`2[[Domain.Models.Category, Domain, Version=1.0.0.0, Culture=neutral, PublicKeyToken=null],[Application.DTOs.Menu.Categories.CategoryDto, Application, Version=1.0.0.0, Culture=neutral, PublicKeyToken=null]]'.
2026-08-23 21:42:40.098 +03:00 [INF] Executed action Presentation.Controllers.CategoriesController.GetAllCategories (Presentation) in 57.4307ms
2026-08-23 21:42:40.098 +03:00 [INF] Executed endpoint 'Presentation.Controllers.CategoriesController.GetAllCategories (Presentation)'
2026-08-23 21:42:40.098 +03:00 [INF] Request finished HTTP/1.1 GET http://localhost:5279/api/Categories - 200 null application/json; charset=utf-8 60.3243ms
2026-08-23 21:42:40.100 +03:00 [INF] Executed DbCommand (7ms) [Parameters=[], CommandType='"Text"', CommandTimeout='30']
SELECT [m].[Id], [m].[CategoryId], [m].[CreatedAt], [m].[IsAvailable], [m].[IsSeasonalItem], [m].[Name], [m].[Price], [c].[Id], [c].[Description], [c].[IsActive], [c].[Name]
FROM [MenuItems] AS [m]
LEFT JOIN [Categories] AS [c] ON [m].[CategoryId] = [c].[Id]
2026-08-23 21:42:40.101 +03:00 [INF] Executing OkObjectResult, writing value of type 'System.Linq.Enumerable+ListSelectIterator`2[[Domain.Models.MenuItem, Domain, Version=1.0.0.0, Culture=neutral, PublicKeyToken=null],[Application.DTOs.Menu.MenuItemDto, Application, Version=1.0.0.0, Culture=neutral, PublicKeyToken=null]]'.
2026-08-23 21:42:40.101 +03:00 [INF] Executed action Presentation.Controllers.MenuItemsController.GetAllMenuItems (Presentation) in 59.3466ms
2026-08-23 21:42:40.101 +03:00 [INF] Executed endpoint 'Presentation.Controllers.MenuItemsController.GetAllMenuItems (Presentation)'
2026-08-23 21:42:40.101 +03:00 [INF] Request finished HTTP/1.1 GET http://localhost:5279/api/MenuItems - 200 null application/json; charset=utf-8 60.0543ms
2026-08-23 21:42:47.932 +03:00 [INF] Request starting HTTP/1.1 GET http://localhost:5279/api/Orders - null null
2026-08-23 21:42:47.932 +03:00 [INF] Request starting HTTP/1.1 GET http://localhost:5279/api/MenuItems - null null
2026-08-23 21:42:47.933 +03:00 [INF] Executing endpoint 'Presentation.Controllers.MenuItemsController.GetAllMenuItems (Presentation)'
2026-08-23 21:42:47.933 +03:00 [INF] Route matched with {action = "GetAllMenuItems", controller = "MenuItems"}. Executing controller action with signature System.Threading.Tasks.Task`1[Microsoft.AspNetCore.Mvc.IActionResult] GetAllMenuItems(Application.DTOs.Menu.MenuFilterDto) on controller Presentation.Controllers.MenuItemsController (Presentation).
2026-08-23 21:42:47.934 +03:00 [INF] Executing endpoint 'Presentation.Controllers.OrdersController.GetAllOrders (Presentation)'
2026-08-23 21:42:47.938 +03:00 [INF] Route matched with {action = "GetAllOrders", controller = "Orders"}. Executing controller action with signature System.Threading.Tasks.Task`1[Microsoft.AspNetCore.Mvc.IActionResult] GetAllOrders(System.Nullable`1[Domain.Enums.OrderStatus]) on controller Presentation.Controllers.OrdersController (Presentation).
2026-08-23 21:42:47.940 +03:00 [INF] Executed DbCommand (6ms) [Parameters=[], CommandType='"Text"', CommandTimeout='30']
SELECT [m].[Id], [m].[CategoryId], [m].[CreatedAt], [m].[IsAvailable], [m].[IsSeasonalItem], [m].[Name], [m].[Price], [c].[Id], [c].[Description], [c].[IsActive], [c].[Name]
FROM [MenuItems] AS [m]
LEFT JOIN [Categories] AS [c] ON [m].[CategoryId] = [c].[Id]
2026-08-23 21:42:47.941 +03:00 [INF] Executing OkObjectResult, writing value of type 'System.Linq.Enumerable+ListSelectIterator`2[[Domain.Models.MenuItem, Domain, Version=1.0.0.0, Culture=neutral, PublicKeyToken=null],[Application.DTOs.Menu.MenuItemDto, Application, Version=1.0.0.0, Culture=neutral, PublicKeyToken=null]]'.
2026-08-23 21:42:47.942 +03:00 [INF] Executed action Presentation.Controllers.MenuItemsController.GetAllMenuItems (Presentation) in 8.7283ms
2026-08-23 21:42:47.942 +03:00 [INF] Executed endpoint 'Presentation.Controllers.MenuItemsController.GetAllMenuItems (Presentation)'
2026-08-23 21:42:47.942 +03:00 [INF] Request finished HTTP/1.1 GET http://localhost:5279/api/MenuItems - 200 null application/json; charset=utf-8 9.4405ms
2026-08-23 21:42:47.945 +03:00 [INF] Request starting HTTP/1.1 GET http://localhost:5279/api/MenuItems - null null
2026-08-23 21:42:47.945 +03:00 [INF] Executing endpoint 'Presentation.Controllers.MenuItemsController.GetAllMenuItems (Presentation)'
2026-08-23 21:42:47.945 +03:00 [INF] Route matched with {action = "GetAllMenuItems", controller = "MenuItems"}. Executing controller action with signature System.Threading.Tasks.Task`1[Microsoft.AspNetCore.Mvc.IActionResult] GetAllMenuItems(Application.DTOs.Menu.MenuFilterDto) on controller Presentation.Controllers.MenuItemsController (Presentation).
2026-08-23 21:42:47.950 +03:00 [INF] Executed DbCommand (4ms) [Parameters=[], CommandType='"Text"', CommandTimeout='30']
SELECT [m].[Id], [m].[CategoryId], [m].[CreatedAt], [m].[IsAvailable], [m].[IsSeasonalItem], [m].[Name], [m].[Price], [c].[Id], [c].[Description], [c].[IsActive], [c].[Name]
FROM [MenuItems] AS [m]
LEFT JOIN [Categories] AS [c] ON [m].[CategoryId] = [c].[Id]
2026-08-23 21:42:47.951 +03:00 [INF] Executing OkObjectResult, writing value of type 'System.Linq.Enumerable+ListSelectIterator`2[[Domain.Models.MenuItem, Domain, Version=1.0.0.0, Culture=neutral, PublicKeyToken=null],[Application.DTOs.Menu.MenuItemDto, Application, Version=1.0.0.0, Culture=neutral, PublicKeyToken=null]]'.
2026-08-23 21:42:47.951 +03:00 [INF] Executed action Presentation.Controllers.MenuItemsController.GetAllMenuItems (Presentation) in 5.9681ms
2026-08-23 21:42:47.951 +03:00 [INF] Executed endpoint 'Presentation.Controllers.MenuItemsController.GetAllMenuItems (Presentation)'
2026-08-23 21:42:47.952 +03:00 [INF] Request finished HTTP/1.1 GET http://localhost:5279/api/MenuItems - 200 null application/json; charset=utf-8 6.6167ms
2026-08-23 21:42:47.993 +03:00 [INF] Executed DbCommand (16ms) [Parameters=[], CommandType='"Text"', CommandTimeout='30']
SELECT [o].[Id], [o].[CancellationReason], [o].[CancelledAt], [o].[CancelledBy], [o].[CreatedAt], [o].[DiscountAmount], [o].[FinalAmount], [o].[RowVersion], [o].[Status], [o].[TableId], [o].[TotalAmount], [o].[UpdatedAt], [o].[WaiterId], [r].[Id], [r].[Capacity], [r].[RowVersion], [r].[Status], [r].[TableNumber], [r].[WaiterId], [e].[Id], [e].[CreatedAt], [e].[Email], [e].[FullName], [e].[IsActive], [e].[PasswordHash], [e].[Phone], [e].[Role], [o0].[Id], [o0].[CancellationReason], [o0].[CancelledAt], [o0].[CancelledBy], [o0].[MenuItemId], [o0].[Notes], [o0].[OrderId], [o0].[Quantity], [o0].[Status], [o0].[UnitPrice]
FROM [Orders] AS [o]
INNER JOIN [RestaurantTables] AS [r] ON [o].[TableId] = [r].[Id]
INNER JOIN [Employees] AS [e] ON [o].[WaiterId] = [e].[Id]
LEFT JOIN [OrderItems] AS [o0] ON [o].[Id] = [o0].[OrderId]
ORDER BY [o].[Id], [r].[Id], [e].[Id]
2026-08-23 21:42:48.047 +03:00 [INF] Executing OkObjectResult, writing value of type 'System.Linq.Enumerable+ListSelectIterator`2[[Domain.Models.Order, Domain, Version=1.0.0.0, Culture=neutral, PublicKeyToken=null],[Application.DTOs.Orders.OrderSummaryDto, Application, Version=1.0.0.0, Culture=neutral, PublicKeyToken=null]]'.
2026-08-23 21:42:48.057 +03:00 [INF] Executed action Presentation.Controllers.OrdersController.GetAllOrders (Presentation) in 118.6206ms
2026-08-23 21:42:48.057 +03:00 [INF] Executed endpoint 'Presentation.Controllers.OrdersController.GetAllOrders (Presentation)'
2026-08-23 21:42:48.057 +03:00 [INF] Request finished HTTP/1.1 GET http://localhost:5279/api/Orders - 200 null application/json; charset=utf-8 125.0562ms
2026-08-23 21:42:48.060 +03:00 [INF] Request starting HTTP/1.1 GET http://localhost:5279/api/Orders - null null
2026-08-23 21:42:48.060 +03:00 [INF] Executing endpoint 'Presentation.Controllers.OrdersController.GetAllOrders (Presentation)'
2026-08-23 21:42:48.060 +03:00 [INF] Route matched with {action = "GetAllOrders", controller = "Orders"}. Executing controller action with signature System.Threading.Tasks.Task`1[Microsoft.AspNetCore.Mvc.IActionResult] GetAllOrders(System.Nullable`1[Domain.Enums.OrderStatus]) on controller Presentation.Controllers.OrdersController (Presentation).
2026-08-23 21:42:48.074 +03:00 [INF] Executed DbCommand (12ms) [Parameters=[], CommandType='"Text"', CommandTimeout='30']
SELECT [o].[Id], [o].[CancellationReason], [o].[CancelledAt], [o].[CancelledBy], [o].[CreatedAt], [o].[DiscountAmount], [o].[FinalAmount], [o].[RowVersion], [o].[Status], [o].[TableId], [o].[TotalAmount], [o].[UpdatedAt], [o].[WaiterId], [r].[Id], [r].[Capacity], [r].[RowVersion], [r].[Status], [r].[TableNumber], [r].[WaiterId], [e].[Id], [e].[CreatedAt], [e].[Email], [e].[FullName], [e].[IsActive], [e].[PasswordHash], [e].[Phone], [e].[Role], [o0].[Id], [o0].[CancellationReason], [o0].[CancelledAt], [o0].[CancelledBy], [o0].[MenuItemId], [o0].[Notes], [o0].[OrderId], [o0].[Quantity], [o0].[Status], [o0].[UnitPrice]
FROM [Orders] AS [o]
INNER JOIN [RestaurantTables] AS [r] ON [o].[TableId] = [r].[Id]
INNER JOIN [Employees] AS [e] ON [o].[WaiterId] = [e].[Id]
LEFT JOIN [OrderItems] AS [o0] ON [o].[Id] = [o0].[OrderId]
ORDER BY [o].[Id], [r].[Id], [e].[Id]
2026-08-23 21:42:48.077 +03:00 [INF] Executing OkObjectResult, writing value of type 'System.Linq.Enumerable+ListSelectIterator`2[[Domain.Models.Order, Domain, Version=1.0.0.0, Culture=neutral, PublicKeyToken=null],[Application.DTOs.Orders.OrderSummaryDto, Application, Version=1.0.0.0, Culture=neutral, PublicKeyToken=null]]'.
2026-08-23 21:42:48.077 +03:00 [INF] Executed action Presentation.Controllers.OrdersController.GetAllOrders (Presentation) in 16.4637ms
2026-08-23 21:42:48.077 +03:00 [INF] Executed endpoint 'Presentation.Controllers.OrdersController.GetAllOrders (Presentation)'
2026-08-23 21:42:48.077 +03:00 [INF] Request finished HTTP/1.1 GET http://localhost:5279/api/Orders - 200 null application/json; charset=utf-8 17.5468ms
2026-08-23 21:42:54.147 +03:00 [INF] Request starting HTTP/1.1 GET http://localhost:5279/api/Categories - null null
2026-08-23 21:42:54.147 +03:00 [INF] Request starting HTTP/1.1 GET http://localhost:5279/api/MenuItems - null null
2026-08-23 21:42:54.147 +03:00 [INF] Executing endpoint 'Presentation.Controllers.CategoriesController.GetAllCategories (Presentation)'
2026-08-23 21:42:54.147 +03:00 [INF] Executing endpoint 'Presentation.Controllers.MenuItemsController.GetAllMenuItems (Presentation)'
2026-08-23 21:42:54.147 +03:00 [INF] Route matched with {action = "GetAllMenuItems", controller = "MenuItems"}. Executing controller action with signature System.Threading.Tasks.Task`1[Microsoft.AspNetCore.Mvc.IActionResult] GetAllMenuItems(Application.DTOs.Menu.MenuFilterDto) on controller Presentation.Controllers.MenuItemsController (Presentation).
2026-08-23 21:42:54.147 +03:00 [INF] Route matched with {action = "GetAllCategories", controller = "Categories"}. Executing controller action with signature System.Threading.Tasks.Task`1[Microsoft.AspNetCore.Mvc.IActionResult] GetAllCategories() on controller Presentation.Controllers.CategoriesController (Presentation).
2026-08-23 21:42:54.152 +03:00 [INF] Executed DbCommand (4ms) [Parameters=[], CommandType='"Text"', CommandTimeout='30']
SELECT [c].[Id], [c].[Description], [c].[IsActive], [c].[Name]
FROM [Categories] AS [c]
2026-08-23 21:42:54.153 +03:00 [INF] Executing OkObjectResult, writing value of type 'System.Linq.Enumerable+ListSelectIterator`2[[Domain.Models.Category, Domain, Version=1.0.0.0, Culture=neutral, PublicKeyToken=null],[Application.DTOs.Menu.Categories.CategoryDto, Application, Version=1.0.0.0, Culture=neutral, PublicKeyToken=null]]'.
2026-08-23 21:42:54.153 +03:00 [INF] Executed action Presentation.Controllers.CategoriesController.GetAllCategories (Presentation) in 5.5655ms
2026-08-23 21:42:54.153 +03:00 [INF] Executed endpoint 'Presentation.Controllers.CategoriesController.GetAllCategories (Presentation)'
2026-08-23 21:42:54.153 +03:00 [INF] Request finished HTTP/1.1 GET http://localhost:5279/api/Categories - 200 null application/json; charset=utf-8 6.4666ms
2026-08-23 21:42:54.154 +03:00 [INF] Executed DbCommand (6ms) [Parameters=[], CommandType='"Text"', CommandTimeout='30']
SELECT [m].[Id], [m].[CategoryId], [m].[CreatedAt], [m].[IsAvailable], [m].[IsSeasonalItem], [m].[Name], [m].[Price], [c].[Id], [c].[Description], [c].[IsActive], [c].[Name]
FROM [MenuItems] AS [m]
LEFT JOIN [Categories] AS [c] ON [m].[CategoryId] = [c].[Id]
2026-08-23 21:42:54.156 +03:00 [INF] Executing OkObjectResult, writing value of type 'System.Linq.Enumerable+ListSelectIterator`2[[Domain.Models.MenuItem, Domain, Version=1.0.0.0, Culture=neutral, PublicKeyToken=null],[Application.DTOs.Menu.MenuItemDto, Application, Version=1.0.0.0, Culture=neutral, PublicKeyToken=null]]'.
2026-08-23 21:42:54.156 +03:00 [INF] Request starting HTTP/1.1 GET http://localhost:5279/api/Categories - null null
2026-08-23 21:42:54.156 +03:00 [INF] Executed action Presentation.Controllers.MenuItemsController.GetAllMenuItems (Presentation) in 8.4898ms
2026-08-23 21:42:54.156 +03:00 [INF] Executed endpoint 'Presentation.Controllers.MenuItemsController.GetAllMenuItems (Presentation)'
2026-08-23 21:42:54.156 +03:00 [INF] Request finished HTTP/1.1 GET http://localhost:5279/api/MenuItems - 200 null application/json; charset=utf-8 9.2626ms
2026-08-23 21:42:54.156 +03:00 [INF] Executing endpoint 'Presentation.Controllers.CategoriesController.GetAllCategories (Presentation)'
2026-08-23 21:42:54.156 +03:00 [INF] Route matched with {action = "GetAllCategories", controller = "Categories"}. Executing controller action with signature System.Threading.Tasks.Task`1[Microsoft.AspNetCore.Mvc.IActionResult] GetAllCategories() on controller Presentation.Controllers.CategoriesController (Presentation).
2026-08-23 21:42:54.159 +03:00 [INF] Executed DbCommand (1ms) [Parameters=[], CommandType='"Text"', CommandTimeout='30']
SELECT [c].[Id], [c].[Description], [c].[IsActive], [c].[Name]
FROM [Categories] AS [c]
2026-08-23 21:42:54.159 +03:00 [INF] Executing OkObjectResult, writing value of type 'System.Linq.Enumerable+ListSelectIterator`2[[Domain.Models.Category, Domain, Version=1.0.0.0, Culture=neutral, PublicKeyToken=null],[Application.DTOs.Menu.Categories.CategoryDto, Application, Version=1.0.0.0, Culture=neutral, PublicKeyToken=null]]'.
2026-08-23 21:42:54.159 +03:00 [INF] Executed action Presentation.Controllers.CategoriesController.GetAllCategories (Presentation) in 2.6147ms
2026-08-23 21:42:54.159 +03:00 [INF] Executed endpoint 'Presentation.Controllers.CategoriesController.GetAllCategories (Presentation)'
2026-08-23 21:42:54.159 +03:00 [INF] Request starting HTTP/1.1 GET http://localhost:5279/api/MenuItems - null null
2026-08-23 21:42:54.159 +03:00 [INF] Request finished HTTP/1.1 GET http://localhost:5279/api/Categories - 200 null application/json; charset=utf-8 3.6ms
2026-08-23 21:42:54.160 +03:00 [INF] Executing endpoint 'Presentation.Controllers.MenuItemsController.GetAllMenuItems (Presentation)'
2026-08-23 21:42:54.160 +03:00 [INF] Route matched with {action = "GetAllMenuItems", controller = "MenuItems"}. Executing controller action with signature System.Threading.Tasks.Task`1[Microsoft.AspNetCore.Mvc.IActionResult] GetAllMenuItems(Application.DTOs.Menu.MenuFilterDto) on controller Presentation.Controllers.MenuItemsController (Presentation).
2026-08-23 21:42:54.162 +03:00 [INF] Executed DbCommand (1ms) [Parameters=[], CommandType='"Text"', CommandTimeout='30']
SELECT [m].[Id], [m].[CategoryId], [m].[CreatedAt], [m].[IsAvailable], [m].[IsSeasonalItem], [m].[Name], [m].[Price], [c].[Id], [c].[Description], [c].[IsActive], [c].[Name]
FROM [MenuItems] AS [m]
LEFT JOIN [Categories] AS [c] ON [m].[CategoryId] = [c].[Id]
2026-08-23 21:42:54.163 +03:00 [INF] Executing OkObjectResult, writing value of type 'System.Linq.Enumerable+ListSelectIterator`2[[Domain.Models.MenuItem, Domain, Version=1.0.0.0, Culture=neutral, PublicKeyToken=null],[Application.DTOs.Menu.MenuItemDto, Application, Version=1.0.0.0, Culture=neutral, PublicKeyToken=null]]'.
2026-08-23 21:42:54.163 +03:00 [INF] Executed action Presentation.Controllers.MenuItemsController.GetAllMenuItems (Presentation) in 3.0717ms
2026-08-23 21:42:54.163 +03:00 [INF] Executed endpoint 'Presentation.Controllers.MenuItemsController.GetAllMenuItems (Presentation)'
2026-08-23 21:42:54.164 +03:00 [INF] Request finished HTTP/1.1 GET http://localhost:5279/api/MenuItems - 200 null application/json; charset=utf-8 4.1679ms
2026-08-23 21:43:03.043 +03:00 [INF] Request starting HTTP/1.1 PUT http://localhost:5279/api/MenuItems/3/status - application/json 21
2026-08-23 21:43:03.044 +03:00 [INF] CORS policy execution successful.
2026-08-23 21:43:03.044 +03:00 [INF] Executing endpoint 'Presentation.Controllers.MenuItemsController.UpdateMenuItemStatus (Presentation)'
2026-08-23 21:43:03.047 +03:00 [INF] Route matched with {action = "UpdateMenuItemStatus", controller = "MenuItems"}. Executing controller action with signature System.Threading.Tasks.Task`1[Microsoft.AspNetCore.Mvc.IActionResult] UpdateMenuItemStatus(Int32, Application.DTOs.Menu.UpdateMenuItemStatusDto) on controller Presentation.Controllers.MenuItemsController (Presentation).
2026-08-23 21:43:03.084 +03:00 [INF] Executed DbCommand (10ms) [Parameters=[@__id_0='?' (DbType = Int32)], CommandType='"Text"', CommandTimeout='30']
SELECT TOP(1) [m].[Id], [m].[CategoryId], [m].[CreatedAt], [m].[IsAvailable], [m].[IsSeasonalItem], [m].[Name], [m].[Price], [c].[Id], [c].[Description], [c].[IsActive], [c].[Name]
FROM [MenuItems] AS [m]
LEFT JOIN [Categories] AS [c] ON [m].[CategoryId] = [c].[Id]
WHERE [m].[Id] = @__id_0
2026-08-23 21:43:03.139 +03:00 [INF] Executed DbCommand (8ms) [Parameters=[@p6='?' (DbType = Int32), @p0='?' (DbType = Int32), @p1='?' (DbType = DateTime2), @p2='?' (DbType = Boolean), @p3='?' (DbType = Boolean), @p4='?' (Size = 100), @p5='?' (Precision = 18) (Scale = 2) (DbType = Decimal)], CommandType='"Text"', CommandTimeout='30']
SET IMPLICIT_TRANSACTIONS OFF;
SET NOCOUNT ON;
UPDATE [MenuItems] SET [CategoryId] = @p0, [CreatedAt] = @p1, [IsAvailable] = @p2, [IsSeasonalItem] = @p3, [Name] = @p4, [Price] = @p5
OUTPUT 1
WHERE [Id] = @p6;
2026-08-23 21:43:03.149 +03:00 [INF] Executing OkObjectResult, writing value of type 'Application.DTOs.Menu.MenuItemDto'.
2026-08-23 21:43:03.149 +03:00 [INF] Executed action Presentation.Controllers.MenuItemsController.UpdateMenuItemStatus (Presentation) in 102.0872ms
2026-08-23 21:43:03.149 +03:00 [INF] Executed endpoint 'Presentation.Controllers.MenuItemsController.UpdateMenuItemStatus (Presentation)'
2026-08-23 21:43:03.149 +03:00 [INF] Request finished HTTP/1.1 PUT http://localhost:5279/api/MenuItems/3/status - 200 null application/json; charset=utf-8 105.7937ms
2026-08-23 21:43:03.153 +03:00 [INF] Request starting HTTP/1.1 GET http://localhost:5279/api/Categories - null null
2026-08-23 21:43:03.153 +03:00 [INF] Request starting HTTP/1.1 GET http://localhost:5279/api/MenuItems - null null
2026-08-23 21:43:03.153 +03:00 [INF] Executing endpoint 'Presentation.Controllers.MenuItemsController.GetAllMenuItems (Presentation)'
2026-08-23 21:43:03.153 +03:00 [INF] Executing endpoint 'Presentation.Controllers.CategoriesController.GetAllCategories (Presentation)'
2026-08-23 21:43:03.153 +03:00 [INF] Route matched with {action = "GetAllCategories", controller = "Categories"}. Executing controller action with signature System.Threading.Tasks.Task`1[Microsoft.AspNetCore.Mvc.IActionResult] GetAllCategories() on controller Presentation.Controllers.CategoriesController (Presentation).
2026-08-23 21:43:03.153 +03:00 [INF] Route matched with {action = "GetAllMenuItems", controller = "MenuItems"}. Executing controller action with signature System.Threading.Tasks.Task`1[Microsoft.AspNetCore.Mvc.IActionResult] GetAllMenuItems(Application.DTOs.Menu.MenuFilterDto) on controller Presentation.Controllers.MenuItemsController (Presentation).
2026-08-23 21:43:03.154 +03:00 [INF] Executed DbCommand (0ms) [Parameters=[], CommandType='"Text"', CommandTimeout='30']
SELECT [c].[Id], [c].[Description], [c].[IsActive], [c].[Name]
FROM [Categories] AS [c]
2026-08-23 21:43:03.155 +03:00 [INF] Executing OkObjectResult, writing value of type 'System.Linq.Enumerable+ListSelectIterator`2[[Domain.Models.Category, Domain, Version=1.0.0.0, Culture=neutral, PublicKeyToken=null],[Application.DTOs.Menu.Categories.CategoryDto, Application, Version=1.0.0.0, Culture=neutral, PublicKeyToken=null]]'.
2026-08-23 21:43:03.155 +03:00 [INF] Executed action Presentation.Controllers.CategoriesController.GetAllCategories (Presentation) in 1.453ms
2026-08-23 21:43:03.155 +03:00 [INF] Executed endpoint 'Presentation.Controllers.CategoriesController.GetAllCategories (Presentation)'
2026-08-23 21:43:03.155 +03:00 [INF] Request finished HTTP/1.1 GET http://localhost:5279/api/Categories - 200 null application/json; charset=utf-8 1.9506ms
2026-08-23 21:43:03.155 +03:00 [INF] Executed DbCommand (1ms) [Parameters=[], CommandType='"Text"', CommandTimeout='30']
SELECT [m].[Id], [m].[CategoryId], [m].[CreatedAt], [m].[IsAvailable], [m].[IsSeasonalItem], [m].[Name], [m].[Price], [c].[Id], [c].[Description], [c].[IsActive], [c].[Name]
FROM [MenuItems] AS [m]
LEFT JOIN [Categories] AS [c] ON [m].[CategoryId] = [c].[Id]
2026-08-23 21:43:03.155 +03:00 [INF] Executing OkObjectResult, writing value of type 'System.Linq.Enumerable+ListSelectIterator`2[[Domain.Models.MenuItem, Domain, Version=1.0.0.0, Culture=neutral, PublicKeyToken=null],[Application.DTOs.Menu.MenuItemDto, Application, Version=1.0.0.0, Culture=neutral, PublicKeyToken=null]]'.
2026-08-23 21:43:03.155 +03:00 [INF] Executed action Presentation.Controllers.MenuItemsController.GetAllMenuItems (Presentation) in 2.0558ms
2026-08-23 21:43:03.155 +03:00 [INF] Executed endpoint 'Presentation.Controllers.MenuItemsController.GetAllMenuItems (Presentation)'
2026-08-23 21:43:03.156 +03:00 [INF] Request finished HTTP/1.1 GET http://localhost:5279/api/MenuItems - 200 null application/json; charset=utf-8 2.4361ms
2026-08-23 21:43:03.157 +03:00 [INF] Request starting HTTP/1.1 GET http://localhost:5279/api/Categories - null null
2026-08-23 21:43:03.157 +03:00 [INF] Request starting HTTP/1.1 GET http://localhost:5279/api/MenuItems - null null
2026-08-23 21:43:03.158 +03:00 [INF] Executing endpoint 'Presentation.Controllers.CategoriesController.GetAllCategories (Presentation)'
2026-08-23 21:43:03.158 +03:00 [INF] Executing endpoint 'Presentation.Controllers.MenuItemsController.GetAllMenuItems (Presentation)'
2026-08-23 21:43:03.158 +03:00 [INF] Route matched with {action = "GetAllCategories", controller = "Categories"}. Executing controller action with signature System.Threading.Tasks.Task`1[Microsoft.AspNetCore.Mvc.IActionResult] GetAllCategories() on controller Presentation.Controllers.CategoriesController (Presentation).
2026-08-23 21:43:03.158 +03:00 [INF] Route matched with {action = "GetAllMenuItems", controller = "MenuItems"}. Executing controller action with signature System.Threading.Tasks.Task`1[Microsoft.AspNetCore.Mvc.IActionResult] GetAllMenuItems(Application.DTOs.Menu.MenuFilterDto) on controller Presentation.Controllers.MenuItemsController (Presentation).
2026-08-23 21:43:03.159 +03:00 [INF] Executed DbCommand (0ms) [Parameters=[], CommandType='"Text"', CommandTimeout='30']
SELECT [c].[Id], [c].[Description], [c].[IsActive], [c].[Name]
FROM [Categories] AS [c]
2026-08-23 21:43:03.159 +03:00 [INF] Executing OkObjectResult, writing value of type 'System.Linq.Enumerable+ListSelectIterator`2[[Domain.Models.Category, Domain, Version=1.0.0.0, Culture=neutral, PublicKeyToken=null],[Application.DTOs.Menu.Categories.CategoryDto, Application, Version=1.0.0.0, Culture=neutral, PublicKeyToken=null]]'.
2026-08-23 21:43:03.159 +03:00 [INF] Executed action Presentation.Controllers.CategoriesController.GetAllCategories (Presentation) in 1.3379ms
2026-08-23 21:43:03.159 +03:00 [INF] Executed endpoint 'Presentation.Controllers.CategoriesController.GetAllCategories (Presentation)'
2026-08-23 21:43:03.159 +03:00 [INF] Request finished HTTP/1.1 GET http://localhost:5279/api/Categories - 200 null application/json; charset=utf-8 1.7406ms
2026-08-23 21:43:03.159 +03:00 [INF] Executed DbCommand (1ms) [Parameters=[], CommandType='"Text"', CommandTimeout='30']
SELECT [m].[Id], [m].[CategoryId], [m].[CreatedAt], [m].[IsAvailable], [m].[IsSeasonalItem], [m].[Name], [m].[Price], [c].[Id], [c].[Description], [c].[IsActive], [c].[Name]
FROM [MenuItems] AS [m]
LEFT JOIN [Categories] AS [c] ON [m].[CategoryId] = [c].[Id]
2026-08-23 21:43:03.159 +03:00 [INF] Executing OkObjectResult, writing value of type 'System.Linq.Enumerable+ListSelectIterator`2[[Domain.Models.MenuItem, Domain, Version=1.0.0.0, Culture=neutral, PublicKeyToken=null],[Application.DTOs.Menu.MenuItemDto, Application, Version=1.0.0.0, Culture=neutral, PublicKeyToken=null]]'.
2026-08-23 21:43:03.159 +03:00 [INF] Executed action Presentation.Controllers.MenuItemsController.GetAllMenuItems (Presentation) in 1.7744ms
2026-08-23 21:43:03.159 +03:00 [INF] Executed endpoint 'Presentation.Controllers.MenuItemsController.GetAllMenuItems (Presentation)'
2026-08-23 21:43:03.160 +03:00 [INF] Request finished HTTP/1.1 GET http://localhost:5279/api/MenuItems - 200 null application/json; charset=utf-8 2.0901ms
2026-08-23 21:43:03.162 +03:00 [INF] Request starting HTTP/1.1 GET http://localhost:5279/api/Categories - null null
2026-08-23 21:43:03.162 +03:00 [INF] Request starting HTTP/1.1 GET http://localhost:5279/api/MenuItems - null null
2026-08-23 21:43:03.162 +03:00 [INF] Executing endpoint 'Presentation.Controllers.CategoriesController.GetAllCategories (Presentation)'
2026-08-23 21:43:03.162 +03:00 [INF] Route matched with {action = "GetAllCategories", controller = "Categories"}. Executing controller action with signature System.Threading.Tasks.Task`1[Microsoft.AspNetCore.Mvc.IActionResult] GetAllCategories() on controller Presentation.Controllers.CategoriesController (Presentation).
2026-08-23 21:43:03.162 +03:00 [INF] Executing endpoint 'Presentation.Controllers.MenuItemsController.GetAllMenuItems (Presentation)'
2026-08-23 21:43:03.162 +03:00 [INF] Route matched with {action = "GetAllMenuItems", controller = "MenuItems"}. Executing controller action with signature System.Threading.Tasks.Task`1[Microsoft.AspNetCore.Mvc.IActionResult] GetAllMenuItems(Application.DTOs.Menu.MenuFilterDto) on controller Presentation.Controllers.MenuItemsController (Presentation).
2026-08-23 21:43:03.163 +03:00 [INF] Executed DbCommand (1ms) [Parameters=[], CommandType='"Text"', CommandTimeout='30']
SELECT [c].[Id], [c].[Description], [c].[IsActive], [c].[Name]
FROM [Categories] AS [c]
2026-08-23 21:43:03.163 +03:00 [INF] Executed DbCommand (1ms) [Parameters=[], CommandType='"Text"', CommandTimeout='30']
SELECT [m].[Id], [m].[CategoryId], [m].[CreatedAt], [m].[IsAvailable], [m].[IsSeasonalItem], [m].[Name], [m].[Price], [c].[Id], [c].[Description], [c].[IsActive], [c].[Name]
FROM [MenuItems] AS [m]
LEFT JOIN [Categories] AS [c] ON [m].[CategoryId] = [c].[Id]
2026-08-23 21:43:03.164 +03:00 [INF] Executing OkObjectResult, writing value of type 'System.Linq.Enumerable+ListSelectIterator`2[[Domain.Models.Category, Domain, Version=1.0.0.0, Culture=neutral, PublicKeyToken=null],[Application.DTOs.Menu.Categories.CategoryDto, Application, Version=1.0.0.0, Culture=neutral, PublicKeyToken=null]]'.
2026-08-23 21:43:03.164 +03:00 [INF] Executed action Presentation.Controllers.CategoriesController.GetAllCategories (Presentation) in 1.7961ms
2026-08-23 21:43:03.164 +03:00 [INF] Executed endpoint 'Presentation.Controllers.CategoriesController.GetAllCategories (Presentation)'
2026-08-23 21:43:03.164 +03:00 [INF] Request finished HTTP/1.1 GET http://localhost:5279/api/Categories - 200 null application/json; charset=utf-8 2.3187ms
2026-08-23 21:43:03.164 +03:00 [INF] Executing OkObjectResult, writing value of type 'System.Linq.Enumerable+ListSelectIterator`2[[Domain.Models.MenuItem, Domain, Version=1.0.0.0, Culture=neutral, PublicKeyToken=null],[Application.DTOs.Menu.MenuItemDto, Application, Version=1.0.0.0, Culture=neutral, PublicKeyToken=null]]'.
2026-08-23 21:43:03.164 +03:00 [INF] Executed action Presentation.Controllers.MenuItemsController.GetAllMenuItems (Presentation) in 2.0923ms
2026-08-23 21:43:03.164 +03:00 [INF] Executed endpoint 'Presentation.Controllers.MenuItemsController.GetAllMenuItems (Presentation)'
2026-08-23 21:43:03.164 +03:00 [INF] Request finished HTTP/1.1 GET http://localhost:5279/api/MenuItems - 200 null application/json; charset=utf-8 2.6427ms
2026-08-23 21:43:03.807 +03:00 [INF] Request starting HTTP/1.1 PUT http://localhost:5279/api/MenuItems/3/status - application/json 20
2026-08-23 21:43:03.807 +03:00 [INF] CORS policy execution successful.
2026-08-23 21:43:03.808 +03:00 [INF] Executing endpoint 'Presentation.Controllers.MenuItemsController.UpdateMenuItemStatus (Presentation)'
2026-08-23 21:43:03.808 +03:00 [INF] Route matched with {action = "UpdateMenuItemStatus", controller = "MenuItems"}. Executing controller action with signature System.Threading.Tasks.Task`1[Microsoft.AspNetCore.Mvc.IActionResult] UpdateMenuItemStatus(Int32, Application.DTOs.Menu.UpdateMenuItemStatusDto) on controller Presentation.Controllers.MenuItemsController (Presentation).
2026-08-23 21:43:03.810 +03:00 [INF] Executed DbCommand (1ms) [Parameters=[@__id_0='?' (DbType = Int32)], CommandType='"Text"', CommandTimeout='30']
SELECT TOP(1) [m].[Id], [m].[CategoryId], [m].[CreatedAt], [m].[IsAvailable], [m].[IsSeasonalItem], [m].[Name], [m].[Price], [c].[Id], [c].[Description], [c].[IsActive], [c].[Name]
FROM [MenuItems] AS [m]
LEFT JOIN [Categories] AS [c] ON [m].[CategoryId] = [c].[Id]
WHERE [m].[Id] = @__id_0
2026-08-23 21:43:03.820 +03:00 [INF] Executed DbCommand (9ms) [Parameters=[@p6='?' (DbType = Int32), @p0='?' (DbType = Int32), @p1='?' (DbType = DateTime2), @p2='?' (DbType = Boolean), @p3='?' (DbType = Boolean), @p4='?' (Size = 100), @p5='?' (Precision = 18) (Scale = 2) (DbType = Decimal)], CommandType='"Text"', CommandTimeout='30']
SET IMPLICIT_TRANSACTIONS OFF;
SET NOCOUNT ON;
UPDATE [MenuItems] SET [CategoryId] = @p0, [CreatedAt] = @p1, [IsAvailable] = @p2, [IsSeasonalItem] = @p3, [Name] = @p4, [Price] = @p5
OUTPUT 1
WHERE [Id] = @p6;
2026-08-23 21:43:03.820 +03:00 [INF] Executing OkObjectResult, writing value of type 'Application.DTOs.Menu.MenuItemDto'.
2026-08-23 21:43:03.821 +03:00 [INF] Executed action Presentation.Controllers.MenuItemsController.UpdateMenuItemStatus (Presentation) in 12.843ms
2026-08-23 21:43:03.821 +03:00 [INF] Executed endpoint 'Presentation.Controllers.MenuItemsController.UpdateMenuItemStatus (Presentation)'
2026-08-23 21:43:03.821 +03:00 [INF] Request finished HTTP/1.1 PUT http://localhost:5279/api/MenuItems/3/status - 200 null application/json; charset=utf-8 13.9834ms
2026-08-23 21:43:03.839 +03:00 [INF] Request starting HTTP/1.1 GET http://localhost:5279/api/Categories - null null
2026-08-23 21:43:03.839 +03:00 [INF] Request starting HTTP/1.1 GET http://localhost:5279/api/MenuItems - null null
2026-08-23 21:43:03.839 +03:00 [INF] Executing endpoint 'Presentation.Controllers.CategoriesController.GetAllCategories (Presentation)'
2026-08-23 21:43:03.839 +03:00 [INF] Executing endpoint 'Presentation.Controllers.MenuItemsController.GetAllMenuItems (Presentation)'
2026-08-23 21:43:03.839 +03:00 [INF] Route matched with {action = "GetAllCategories", controller = "Categories"}. Executing controller action with signature System.Threading.Tasks.Task`1[Microsoft.AspNetCore.Mvc.IActionResult] GetAllCategories() on controller Presentation.Controllers.CategoriesController (Presentation).
2026-08-23 21:43:03.839 +03:00 [INF] Route matched with {action = "GetAllMenuItems", controller = "MenuItems"}. Executing controller action with signature System.Threading.Tasks.Task`1[Microsoft.AspNetCore.Mvc.IActionResult] GetAllMenuItems(Application.DTOs.Menu.MenuFilterDto) on controller Presentation.Controllers.MenuItemsController (Presentation).
2026-08-23 21:43:03.840 +03:00 [INF] Executed DbCommand (0ms) [Parameters=[], CommandType='"Text"', CommandTimeout='30']
SELECT [c].[Id], [c].[Description], [c].[IsActive], [c].[Name]
FROM [Categories] AS [c]
2026-08-23 21:43:03.840 +03:00 [INF] Executing OkObjectResult, writing value of type 'System.Linq.Enumerable+ListSelectIterator`2[[Domain.Models.Category, Domain, Version=1.0.0.0, Culture=neutral, PublicKeyToken=null],[Application.DTOs.Menu.Categories.CategoryDto, Application, Version=1.0.0.0, Culture=neutral, PublicKeyToken=null]]'.
2026-08-23 21:43:03.840 +03:00 [INF] Executed action Presentation.Controllers.CategoriesController.GetAllCategories (Presentation) in 1.1391ms
2026-08-23 21:43:03.840 +03:00 [INF] Executed endpoint 'Presentation.Controllers.CategoriesController.GetAllCategories (Presentation)'
2026-08-23 21:43:03.840 +03:00 [INF] Request finished HTTP/1.1 GET http://localhost:5279/api/Categories - 200 null application/json; charset=utf-8 1.5704ms
2026-08-23 21:43:03.842 +03:00 [INF] Request starting HTTP/1.1 GET http://localhost:5279/api/Categories - null null
2026-08-23 21:43:03.842 +03:00 [INF] Executing endpoint 'Presentation.Controllers.CategoriesController.GetAllCategories (Presentation)'
2026-08-23 21:43:03.842 +03:00 [INF] Route matched with {action = "GetAllCategories", controller = "Categories"}. Executing controller action with signature System.Threading.Tasks.Task`1[Microsoft.AspNetCore.Mvc.IActionResult] GetAllCategories() on controller Presentation.Controllers.CategoriesController (Presentation).
2026-08-23 21:43:03.842 +03:00 [INF] Executed DbCommand (3ms) [Parameters=[], CommandType='"Text"', CommandTimeout='30']
SELECT [m].[Id], [m].[CategoryId], [m].[CreatedAt], [m].[IsAvailable], [m].[IsSeasonalItem], [m].[Name], [m].[Price], [c].[Id], [c].[Description], [c].[IsActive], [c].[Name]
FROM [MenuItems] AS [m]
LEFT JOIN [Categories] AS [c] ON [m].[CategoryId] = [c].[Id]
2026-08-23 21:43:03.843 +03:00 [INF] Executing OkObjectResult, writing value of type 'System.Linq.Enumerable+ListSelectIterator`2[[Domain.Models.MenuItem, Domain, Version=1.0.0.0, Culture=neutral, PublicKeyToken=null],[Application.DTOs.Menu.MenuItemDto, Application, Version=1.0.0.0, Culture=neutral, PublicKeyToken=null]]'.
2026-08-23 21:43:03.843 +03:00 [INF] Executed DbCommand (0ms) [Parameters=[], CommandType='"Text"', CommandTimeout='30']
SELECT [c].[Id], [c].[Description], [c].[IsActive], [c].[Name]
FROM [Categories] AS [c]
2026-08-23 21:43:03.843 +03:00 [INF] Executed action Presentation.Controllers.MenuItemsController.GetAllMenuItems (Presentation) in 4.0293ms
2026-08-23 21:43:03.843 +03:00 [INF] Executed endpoint 'Presentation.Controllers.MenuItemsController.GetAllMenuItems (Presentation)'
2026-08-23 21:43:03.843 +03:00 [INF] Executing OkObjectResult, writing value of type 'System.Linq.Enumerable+ListSelectIterator`2[[Domain.Models.Category, Domain, Version=1.0.0.0, Culture=neutral, PublicKeyToken=null],[Application.DTOs.Menu.Categories.CategoryDto, Application, Version=1.0.0.0, Culture=neutral, PublicKeyToken=null]]'.
2026-08-23 21:43:03.843 +03:00 [INF] Request finished HTTP/1.1 GET http://localhost:5279/api/MenuItems - 200 null application/json; charset=utf-8 4.4935ms
2026-08-23 21:43:03.843 +03:00 [INF] Executed action Presentation.Controllers.CategoriesController.GetAllCategories (Presentation) in 0.7582ms
2026-08-23 21:43:03.843 +03:00 [INF] Executed endpoint 'Presentation.Controllers.CategoriesController.GetAllCategories (Presentation)'
2026-08-23 21:43:03.843 +03:00 [INF] Request finished HTTP/1.1 GET http://localhost:5279/api/Categories - 200 null application/json; charset=utf-8 1.0657ms
2026-08-23 21:43:03.846 +03:00 [INF] Request starting HTTP/1.1 GET http://localhost:5279/api/Categories - null null
2026-08-23 21:43:03.846 +03:00 [INF] Request starting HTTP/1.1 GET http://localhost:5279/api/MenuItems - null null
2026-08-23 21:43:03.846 +03:00 [INF] Executing endpoint 'Presentation.Controllers.CategoriesController.GetAllCategories (Presentation)'
2026-08-23 21:43:03.846 +03:00 [INF] Executing endpoint 'Presentation.Controllers.MenuItemsController.GetAllMenuItems (Presentation)'
2026-08-23 21:43:03.846 +03:00 [INF] Route matched with {action = "GetAllCategories", controller = "Categories"}. Executing controller action with signature System.Threading.Tasks.Task`1[Microsoft.AspNetCore.Mvc.IActionResult] GetAllCategories() on controller Presentation.Controllers.CategoriesController (Presentation).
2026-08-23 21:43:03.846 +03:00 [INF] Route matched with {action = "GetAllMenuItems", controller = "MenuItems"}. Executing controller action with signature System.Threading.Tasks.Task`1[Microsoft.AspNetCore.Mvc.IActionResult] GetAllMenuItems(Application.DTOs.Menu.MenuFilterDto) on controller Presentation.Controllers.MenuItemsController (Presentation).
2026-08-23 21:43:03.847 +03:00 [INF] Executed DbCommand (1ms) [Parameters=[], CommandType='"Text"', CommandTimeout='30']
SELECT [c].[Id], [c].[Description], [c].[IsActive], [c].[Name]
FROM [Categories] AS [c]
2026-08-23 21:43:03.847 +03:00 [INF] Executed DbCommand (1ms) [Parameters=[], CommandType='"Text"', CommandTimeout='30']
SELECT [m].[Id], [m].[CategoryId], [m].[CreatedAt], [m].[IsAvailable], [m].[IsSeasonalItem], [m].[Name], [m].[Price], [c].[Id], [c].[Description], [c].[IsActive], [c].[Name]
FROM [MenuItems] AS [m]
LEFT JOIN [Categories] AS [c] ON [m].[CategoryId] = [c].[Id]
2026-08-23 21:43:03.847 +03:00 [INF] Executing OkObjectResult, writing value of type 'System.Linq.Enumerable+ListSelectIterator`2[[Domain.Models.Category, Domain, Version=1.0.0.0, Culture=neutral, PublicKeyToken=null],[Application.DTOs.Menu.Categories.CategoryDto, Application, Version=1.0.0.0, Culture=neutral, PublicKeyToken=null]]'.
2026-08-23 21:43:03.847 +03:00 [INF] Executing OkObjectResult, writing value of type 'System.Linq.Enumerable+ListSelectIterator`2[[Domain.Models.MenuItem, Domain, Version=1.0.0.0, Culture=neutral, PublicKeyToken=null],[Application.DTOs.Menu.MenuItemDto, Application, Version=1.0.0.0, Culture=neutral, PublicKeyToken=null]]'.
2026-08-23 21:43:03.847 +03:00 [INF] Executed action Presentation.Controllers.CategoriesController.GetAllCategories (Presentation) in 1.1865ms
2026-08-23 21:43:03.847 +03:00 [INF] Executed endpoint 'Presentation.Controllers.CategoriesController.GetAllCategories (Presentation)'
2026-08-23 21:43:03.847 +03:00 [INF] Executed action Presentation.Controllers.MenuItemsController.GetAllMenuItems (Presentation) in 1.2076ms
2026-08-23 21:43:03.847 +03:00 [INF] Executed endpoint 'Presentation.Controllers.MenuItemsController.GetAllMenuItems (Presentation)'
2026-08-23 21:43:03.847 +03:00 [INF] Request finished HTTP/1.1 GET http://localhost:5279/api/MenuItems - 200 null application/json; charset=utf-8 1.5595ms
2026-08-23 21:43:03.847 +03:00 [INF] Request finished HTTP/1.1 GET http://localhost:5279/api/Categories - 200 null application/json; charset=utf-8 1.5815ms
2026-08-23 21:43:03.849 +03:00 [INF] Request starting HTTP/1.1 GET http://localhost:5279/api/MenuItems - null null
2026-08-23 21:43:03.850 +03:00 [INF] Executing endpoint 'Presentation.Controllers.MenuItemsController.GetAllMenuItems (Presentation)'
2026-08-23 21:43:03.850 +03:00 [INF] Route matched with {action = "GetAllMenuItems", controller = "MenuItems"}. Executing controller action with signature System.Threading.Tasks.Task`1[Microsoft.AspNetCore.Mvc.IActionResult] GetAllMenuItems(Application.DTOs.Menu.MenuFilterDto) on controller Presentation.Controllers.MenuItemsController (Presentation).
2026-08-23 21:43:03.851 +03:00 [INF] Executed DbCommand (1ms) [Parameters=[], CommandType='"Text"', CommandTimeout='30']
SELECT [m].[Id], [m].[CategoryId], [m].[CreatedAt], [m].[IsAvailable], [m].[IsSeasonalItem], [m].[Name], [m].[Price], [c].[Id], [c].[Description], [c].[IsActive], [c].[Name]
FROM [MenuItems] AS [m]
LEFT JOIN [Categories] AS [c] ON [m].[CategoryId] = [c].[Id]
2026-08-23 21:43:03.851 +03:00 [INF] Executing OkObjectResult, writing value of type 'System.Linq.Enumerable+ListSelectIterator`2[[Domain.Models.MenuItem, Domain, Version=1.0.0.0, Culture=neutral, PublicKeyToken=null],[Application.DTOs.Menu.MenuItemDto, Application, Version=1.0.0.0, Culture=neutral, PublicKeyToken=null]]'.
2026-08-23 21:43:03.851 +03:00 [INF] Executed action Presentation.Controllers.MenuItemsController.GetAllMenuItems (Presentation) in 1.5297ms
2026-08-23 21:43:03.851 +03:00 [INF] Executed endpoint 'Presentation.Controllers.MenuItemsController.GetAllMenuItems (Presentation)'
2026-08-23 21:43:03.851 +03:00 [INF] Request finished HTTP/1.1 GET http://localhost:5279/api/MenuItems - 200 null application/json; charset=utf-8 1.9284ms
2026-08-23 21:44:57.141 +03:00 [INF] Request starting HTTP/1.1 POST http://localhost:5279/api/Auth/login - application/json 56
2026-08-23 21:44:57.142 +03:00 [INF] CORS policy execution successful.
2026-08-23 21:44:57.142 +03:00 [INF] Executing endpoint 'Presentation.Controllers.AuthController.Login (Presentation)'
2026-08-23 21:44:57.144 +03:00 [INF] Route matched with {action = "Login", controller = "Auth"}. Executing controller action with signature System.Threading.Tasks.Task`1[Microsoft.AspNetCore.Mvc.IActionResult] Login(Application.DTOs.Authentication.LoginDto) on controller Presentation.Controllers.AuthController (Presentation).
2026-08-23 21:44:57.170 +03:00 [INF] Executed DbCommand (7ms) [Parameters=[@__dto_Email_0='?' (Size = 255)], CommandType='"Text"', CommandTimeout='30']
SELECT TOP(2) [e].[Id], [e].[CreatedAt], [e].[Email], [e].[FullName], [e].[IsActive], [e].[PasswordHash], [e].[Phone], [e].[Role]
FROM [Employees] AS [e]
WHERE [e].[Email] = @__dto_Email_0
2026-08-23 21:44:57.179 +03:00 [INF] Executing OkObjectResult, writing value of type 'Application.DTOs.Authentication.AuthResponseDto'.
2026-08-23 21:44:57.182 +03:00 [INF] Executed action Presentation.Controllers.AuthController.Login (Presentation) in 38.0648ms
2026-08-23 21:44:57.182 +03:00 [INF] Executed endpoint 'Presentation.Controllers.AuthController.Login (Presentation)'
2026-08-23 21:44:57.182 +03:00 [INF] Request finished HTTP/1.1 POST http://localhost:5279/api/Auth/login - 200 null application/json; charset=utf-8 40.7916ms
2026-08-23 21:44:57.199 +03:00 [INF] Request starting HTTP/1.1 GET http://localhost:5279/api/Tables - null null
2026-08-23 21:44:57.200 +03:00 [INF] Executing endpoint 'Presentation.Controllers.TablesController.GetAllTables (Presentation)'
2026-08-23 21:44:57.204 +03:00 [INF] Route matched with {action = "GetAllTables", controller = "Tables"}. Executing controller action with signature System.Threading.Tasks.Task`1[Microsoft.AspNetCore.Mvc.IActionResult] GetAllTables(System.Nullable`1[Domain.Enums.TableStatus]) on controller Presentation.Controllers.TablesController (Presentation).
2026-08-23 21:44:57.219 +03:00 [INF] Executed DbCommand (4ms) [Parameters=[], CommandType='"Text"', CommandTimeout='30']
SELECT [r].[Id], [r].[Capacity], [r].[RowVersion], [r].[Status], [r].[TableNumber], [r].[WaiterId], [e].[Id], [e].[CreatedAt], [e].[Email], [e].[FullName], [e].[IsActive], [e].[PasswordHash], [e].[Phone], [e].[Role]
FROM [RestaurantTables] AS [r]
LEFT JOIN [Employees] AS [e] ON [r].[WaiterId] = [e].[Id]
2026-08-23 21:44:57.220 +03:00 [INF] Executing OkObjectResult, writing value of type 'System.Linq.Enumerable+ListSelectIterator`2[[Domain.Models.RestaurantTable, Domain, Version=1.0.0.0, Culture=neutral, PublicKeyToken=null],[Application.DTOs.Tables.TableSummaryDto, Application, Version=1.0.0.0, Culture=neutral, PublicKeyToken=null]]'.
2026-08-23 21:44:57.226 +03:00 [INF] Executed action Presentation.Controllers.TablesController.GetAllTables (Presentation) in 21.8676ms
2026-08-23 21:44:57.226 +03:00 [INF] Executed endpoint 'Presentation.Controllers.TablesController.GetAllTables (Presentation)'
2026-08-23 21:44:57.226 +03:00 [INF] Request finished HTTP/1.1 GET http://localhost:5279/api/Tables - 200 null application/json; charset=utf-8 26.6554ms
2026-08-23 21:44:57.228 +03:00 [INF] Request starting HTTP/1.1 GET http://localhost:5279/api/Tables - null null
2026-08-23 21:44:57.229 +03:00 [INF] Executing endpoint 'Presentation.Controllers.TablesController.GetAllTables (Presentation)'
2026-08-23 21:44:57.229 +03:00 [INF] Route matched with {action = "GetAllTables", controller = "Tables"}. Executing controller action with signature System.Threading.Tasks.Task`1[Microsoft.AspNetCore.Mvc.IActionResult] GetAllTables(System.Nullable`1[Domain.Enums.TableStatus]) on controller Presentation.Controllers.TablesController (Presentation).
2026-08-23 21:44:57.236 +03:00 [INF] Executed DbCommand (6ms) [Parameters=[], CommandType='"Text"', CommandTimeout='30']
SELECT [r].[Id], [r].[Capacity], [r].[RowVersion], [r].[Status], [r].[TableNumber], [r].[WaiterId], [e].[Id], [e].[CreatedAt], [e].[Email], [e].[FullName], [e].[IsActive], [e].[PasswordHash], [e].[Phone], [e].[Role]
FROM [RestaurantTables] AS [r]
LEFT JOIN [Employees] AS [e] ON [r].[WaiterId] = [e].[Id]
2026-08-23 21:44:57.236 +03:00 [INF] Executing OkObjectResult, writing value of type 'System.Linq.Enumerable+ListSelectIterator`2[[Domain.Models.RestaurantTable, Domain, Version=1.0.0.0, Culture=neutral, PublicKeyToken=null],[Application.DTOs.Tables.TableSummaryDto, Application, Version=1.0.0.0, Culture=neutral, PublicKeyToken=null]]'.
2026-08-23 21:44:57.236 +03:00 [INF] Executed action Presentation.Controllers.TablesController.GetAllTables (Presentation) in 7.4744ms
2026-08-23 21:44:57.236 +03:00 [INF] Executed endpoint 'Presentation.Controllers.TablesController.GetAllTables (Presentation)'
2026-08-23 21:44:57.236 +03:00 [INF] Request finished HTTP/1.1 GET http://localhost:5279/api/Tables - 200 null application/json; charset=utf-8 8.1226ms
2026-08-23 21:44:59.366 +03:00 [INF] Request starting HTTP/1.1 GET http://localhost:5279/api/Categories - null null
2026-08-23 21:44:59.366 +03:00 [INF] Executing endpoint 'Presentation.Controllers.CategoriesController.GetAllCategories (Presentation)'
2026-08-23 21:44:59.366 +03:00 [INF] Route matched with {action = "GetAllCategories", controller = "Categories"}. Executing controller action with signature System.Threading.Tasks.Task`1[Microsoft.AspNetCore.Mvc.IActionResult] GetAllCategories() on controller Presentation.Controllers.CategoriesController (Presentation).
2026-08-23 21:44:59.366 +03:00 [INF] Request starting HTTP/1.1 GET http://localhost:5279/api/MenuItems - null null
2026-08-23 21:44:59.366 +03:00 [INF] Executing endpoint 'Presentation.Controllers.MenuItemsController.GetAllMenuItems (Presentation)'
2026-08-23 21:44:59.366 +03:00 [INF] Route matched with {action = "GetAllMenuItems", controller = "MenuItems"}. Executing controller action with signature System.Threading.Tasks.Task`1[Microsoft.AspNetCore.Mvc.IActionResult] GetAllMenuItems(Application.DTOs.Menu.MenuFilterDto) on controller Presentation.Controllers.MenuItemsController (Presentation).
2026-08-23 21:44:59.370 +03:00 [INF] Executed DbCommand (3ms) [Parameters=[], CommandType='"Text"', CommandTimeout='30']
SELECT [c].[Id], [c].[Description], [c].[IsActive], [c].[Name]
FROM [Categories] AS [c]
2026-08-23 21:44:59.370 +03:00 [INF] Executing OkObjectResult, writing value of type 'System.Linq.Enumerable+ListSelectIterator`2[[Domain.Models.Category, Domain, Version=1.0.0.0, Culture=neutral, PublicKeyToken=null],[Application.DTOs.Menu.Categories.CategoryDto, Application, Version=1.0.0.0, Culture=neutral, PublicKeyToken=null]]'.
2026-08-23 21:44:59.370 +03:00 [INF] Executed action Presentation.Controllers.CategoriesController.GetAllCategories (Presentation) in 3.9823ms
2026-08-23 21:44:59.370 +03:00 [INF] Executed endpoint 'Presentation.Controllers.CategoriesController.GetAllCategories (Presentation)'
2026-08-23 21:44:59.370 +03:00 [INF] Request finished HTTP/1.1 GET http://localhost:5279/api/Categories - 200 null application/json; charset=utf-8 4.5267ms
2026-08-23 21:44:59.373 +03:00 [INF] Executed DbCommand (7ms) [Parameters=[], CommandType='"Text"', CommandTimeout='30']
SELECT [m].[Id], [m].[CategoryId], [m].[CreatedAt], [m].[IsAvailable], [m].[IsSeasonalItem], [m].[Name], [m].[Price], [c].[Id], [c].[Description], [c].[IsActive], [c].[Name]
FROM [MenuItems] AS [m]
LEFT JOIN [Categories] AS [c] ON [m].[CategoryId] = [c].[Id]
2026-08-23 21:44:59.373 +03:00 [INF] Request starting HTTP/1.1 GET http://localhost:5279/api/Categories - null null
2026-08-23 21:44:59.374 +03:00 [INF] Executing OkObjectResult, writing value of type 'System.Linq.Enumerable+ListSelectIterator`2[[Domain.Models.MenuItem, Domain, Version=1.0.0.0, Culture=neutral, PublicKeyToken=null],[Application.DTOs.Menu.MenuItemDto, Application, Version=1.0.0.0, Culture=neutral, PublicKeyToken=null]]'.
2026-08-23 21:44:59.374 +03:00 [INF] Executing endpoint 'Presentation.Controllers.CategoriesController.GetAllCategories (Presentation)'
2026-08-23 21:44:59.374 +03:00 [INF] Executed action Presentation.Controllers.MenuItemsController.GetAllMenuItems (Presentation) in 7.5306ms
2026-08-23 21:44:59.374 +03:00 [INF] Executed endpoint 'Presentation.Controllers.MenuItemsController.GetAllMenuItems (Presentation)'
2026-08-23 21:44:59.374 +03:00 [INF] Route matched with {action = "GetAllCategories", controller = "Categories"}. Executing controller action with signature System.Threading.Tasks.Task`1[Microsoft.AspNetCore.Mvc.IActionResult] GetAllCategories() on controller Presentation.Controllers.CategoriesController (Presentation).
2026-08-23 21:44:59.374 +03:00 [INF] Request finished HTTP/1.1 GET http://localhost:5279/api/MenuItems - 200 null application/json; charset=utf-8 7.8232ms
2026-08-23 21:44:59.375 +03:00 [INF] Executed DbCommand (1ms) [Parameters=[], CommandType='"Text"', CommandTimeout='30']
SELECT [c].[Id], [c].[Description], [c].[IsActive], [c].[Name]
FROM [Categories] AS [c]
2026-08-23 21:44:59.376 +03:00 [INF] Executing OkObjectResult, writing value of type 'System.Linq.Enumerable+ListSelectIterator`2[[Domain.Models.Category, Domain, Version=1.0.0.0, Culture=neutral, PublicKeyToken=null],[Application.DTOs.Menu.Categories.CategoryDto, Application, Version=1.0.0.0, Culture=neutral, PublicKeyToken=null]]'.
2026-08-23 21:44:59.376 +03:00 [INF] Executed action Presentation.Controllers.CategoriesController.GetAllCategories (Presentation) in 1.9665ms
2026-08-23 21:44:59.376 +03:00 [INF] Executed endpoint 'Presentation.Controllers.CategoriesController.GetAllCategories (Presentation)'
2026-08-23 21:44:59.376 +03:00 [INF] Request finished HTTP/1.1 GET http://localhost:5279/api/Categories - 200 null application/json; charset=utf-8 2.4919ms
2026-08-23 21:44:59.377 +03:00 [INF] Request starting HTTP/1.1 GET http://localhost:5279/api/MenuItems - null null
2026-08-23 21:44:59.378 +03:00 [INF] Executing endpoint 'Presentation.Controllers.MenuItemsController.GetAllMenuItems (Presentation)'
2026-08-23 21:44:59.378 +03:00 [INF] Route matched with {action = "GetAllMenuItems", controller = "MenuItems"}. Executing controller action with signature System.Threading.Tasks.Task`1[Microsoft.AspNetCore.Mvc.IActionResult] GetAllMenuItems(Application.DTOs.Menu.MenuFilterDto) on controller Presentation.Controllers.MenuItemsController (Presentation).
2026-08-23 21:44:59.379 +03:00 [INF] Executed DbCommand (1ms) [Parameters=[], CommandType='"Text"', CommandTimeout='30']
SELECT [m].[Id], [m].[CategoryId], [m].[CreatedAt], [m].[IsAvailable], [m].[IsSeasonalItem], [m].[Name], [m].[Price], [c].[Id], [c].[Description], [c].[IsActive], [c].[Name]
FROM [MenuItems] AS [m]
LEFT JOIN [Categories] AS [c] ON [m].[CategoryId] = [c].[Id]
2026-08-23 21:44:59.380 +03:00 [INF] Executing OkObjectResult, writing value of type 'System.Linq.Enumerable+ListSelectIterator`2[[Domain.Models.MenuItem, Domain, Version=1.0.0.0, Culture=neutral, PublicKeyToken=null],[Application.DTOs.Menu.MenuItemDto, Application, Version=1.0.0.0, Culture=neutral, PublicKeyToken=null]]'.
2026-08-23 21:44:59.380 +03:00 [INF] Executed action Presentation.Controllers.MenuItemsController.GetAllMenuItems (Presentation) in 2.3823ms
2026-08-23 21:44:59.380 +03:00 [INF] Executed endpoint 'Presentation.Controllers.MenuItemsController.GetAllMenuItems (Presentation)'
2026-08-23 21:44:59.380 +03:00 [INF] Request finished HTTP/1.1 GET http://localhost:5279/api/MenuItems - 200 null application/json; charset=utf-8 2.91ms
2026-08-23 21:57:54.409 +03:00 [INF] User profile is available. Using 'C:\Users\mahmo\AppData\Local\ASP.NET\DataProtection-Keys' as key repository and Windows DPAPI to encrypt keys at rest.
2026-08-23 21:57:54.487 +03:00 [INF] Now listening on: http://localhost:5279
2026-08-23 21:57:54.489 +03:00 [INF] Application started. Press Ctrl+C to shut down.
2026-08-23 21:57:54.489 +03:00 [INF] Hosting environment: Development
2026-08-23 21:57:54.490 +03:00 [INF] Content root path: C:\Users\mahmo\ResturantPOS\presentation
2026-08-23 21:57:57.501 +03:00 [INF] Request starting HTTP/1.1 POST http://localhost:5279/hubs/order/negotiate?negotiateVersion=1 - null 0
2026-08-23 21:57:57.501 +03:00 [INF] Request starting HTTP/1.1 POST http://localhost:5279/hubs/order/negotiate?negotiateVersion=1 - null 0
2026-08-23 21:57:57.501 +03:00 [INF] Request starting HTTP/1.1 POST http://localhost:5279/hubs/order/negotiate?negotiateVersion=1 - null 0
2026-08-23 21:57:57.501 +03:00 [INF] Request starting HTTP/1.1 GET http://localhost:5279/api/Tables - null null
2026-08-23 21:57:57.501 +03:00 [INF] Request starting HTTP/1.1 POST http://localhost:5279/hubs/order/negotiate?negotiateVersion=1 - null 0
2026-08-23 21:57:57.524 +03:00 [WRN] Failed to determine the https port for redirect.
2026-08-23 21:57:57.525 +03:00 [INF] CORS policy execution successful.
2026-08-23 21:57:57.525 +03:00 [INF] CORS policy execution successful.
2026-08-23 21:57:57.525 +03:00 [INF] CORS policy execution successful.
2026-08-23 21:57:57.525 +03:00 [INF] CORS policy execution successful.
2026-08-23 21:57:57.590 +03:00 [INF] Executing endpoint '/hubs/order/negotiate'
2026-08-23 21:57:57.590 +03:00 [INF] Executing endpoint '/hubs/order/negotiate'
2026-08-23 21:57:57.590 +03:00 [INF] Executing endpoint '/hubs/order/negotiate'
2026-08-23 21:57:57.590 +03:00 [INF] Executing endpoint '/hubs/order/negotiate'
2026-08-23 21:57:57.590 +03:00 [INF] Executing endpoint 'Presentation.Controllers.TablesController.GetAllTables (Presentation)'
2026-08-23 21:57:57.598 +03:00 [INF] Executed endpoint '/hubs/order/negotiate'
2026-08-23 21:57:57.598 +03:00 [INF] Executed endpoint '/hubs/order/negotiate'
2026-08-23 21:57:57.598 +03:00 [INF] Executed endpoint '/hubs/order/negotiate'
2026-08-23 21:57:57.598 +03:00 [INF] Executed endpoint '/hubs/order/negotiate'
2026-08-23 21:57:57.600 +03:00 [INF] Request finished HTTP/1.1 POST http://localhost:5279/hubs/order/negotiate?negotiateVersion=1 - 200 316 application/json 101.3213ms
2026-08-23 21:57:57.600 +03:00 [INF] Request finished HTTP/1.1 POST http://localhost:5279/hubs/order/negotiate?negotiateVersion=1 - 200 316 application/json 101.3088ms
2026-08-23 21:57:57.601 +03:00 [INF] Request finished HTTP/1.1 POST http://localhost:5279/hubs/order/negotiate?negotiateVersion=1 - 200 316 application/json 101.5287ms
2026-08-23 21:57:57.601 +03:00 [INF] Request finished HTTP/1.1 POST http://localhost:5279/hubs/order/negotiate?negotiateVersion=1 - 200 316 application/json 102.0282ms
2026-08-23 21:57:57.606 +03:00 [INF] Request starting HTTP/1.1 GET http://localhost:5279/hubs/order?id=UtC9q_7wY1w2QgYz87rT1Q&access_token=eyJhbGciOiJIUzI1NiIsInR5cCI6IkpXVCJ9.eyJuYW1laWQiOiI1IiwidW5pcXVlX25hbWUiOiJNYW5hZ2VyIFN0YWZmIiwiZW1haWwiOiJtYW5hZ2VyQGFsYXJpcy5jb20iLCJyb2xlIjoiTWFuYWdlciIsIm5iZiI6MTc4NzUwMDgxMiwiZXhwIjoxNzg3NTI5NjEyLCJpYXQiOjE3ODc1MDA4MTIsImlzcyI6IlJlc3RhdXJhbnRQT1MiLCJhdWQiOiJSZXN0YXVyYW50UE9TVXNlcnMifQ.RydEx1qnqFDfXV9xXm9q9B5oMtJHVjDMSTfGK2kPBCk - null null
2026-08-23 21:57:57.610 +03:00 [INF] Route matched with {action = "GetAllTables", controller = "Tables"}. Executing controller action with signature System.Threading.Tasks.Task`1[Microsoft.AspNetCore.Mvc.IActionResult] GetAllTables(System.Nullable`1[Domain.Enums.TableStatus]) on controller Presentation.Controllers.TablesController (Presentation).
2026-08-23 21:57:57.618 +03:00 [INF] CORS policy execution successful.
2026-08-23 21:57:57.620 +03:00 [INF] Executing endpoint '/hubs/order'
2026-08-23 21:57:57.642 +03:00 [INF] Request starting HTTP/1.1 GET http://localhost:5279/hubs/order?id=vxTvO0L5SR4gx99rtfaghA&access_token=eyJhbGciOiJIUzI1NiIsInR5cCI6IkpXVCJ9.eyJuYW1laWQiOiI1IiwidW5pcXVlX25hbWUiOiJNYW5hZ2VyIFN0YWZmIiwiZW1haWwiOiJtYW5hZ2VyQGFsYXJpcy5jb20iLCJyb2xlIjoiTWFuYWdlciIsIm5iZiI6MTc4NzUwMDgxMiwiZXhwIjoxNzg3NTI5NjEyLCJpYXQiOjE3ODc1MDA4MTIsImlzcyI6IlJlc3RhdXJhbnRQT1MiLCJhdWQiOiJSZXN0YXVyYW50UE9TVXNlcnMifQ.RydEx1qnqFDfXV9xXm9q9B5oMtJHVjDMSTfGK2kPBCk - null null
2026-08-23 21:57:57.644 +03:00 [INF] CORS policy execution successful.
2026-08-23 21:57:57.645 +03:00 [INF] Executing endpoint '/hubs/order'
2026-08-23 21:57:57.670 +03:00 [INF] Request starting HTTP/1.1 GET http://localhost:5279/hubs/order?id=Q2jOA5_uUpmawJA6w4YfLw&access_token=eyJhbGciOiJIUzI1NiIsInR5cCI6IkpXVCJ9.eyJuYW1laWQiOiI1IiwidW5pcXVlX25hbWUiOiJNYW5hZ2VyIFN0YWZmIiwiZW1haWwiOiJtYW5hZ2VyQGFsYXJpcy5jb20iLCJyb2xlIjoiTWFuYWdlciIsIm5iZiI6MTc4NzUwMDgxMiwiZXhwIjoxNzg3NTI5NjEyLCJpYXQiOjE3ODc1MDA4MTIsImlzcyI6IlJlc3RhdXJhbnRQT1MiLCJhdWQiOiJSZXN0YXVyYW50UE9TVXNlcnMifQ.RydEx1qnqFDfXV9xXm9q9B5oMtJHVjDMSTfGK2kPBCk - null null
2026-08-23 21:57:57.671 +03:00 [INF] CORS policy execution successful.
2026-08-23 21:57:57.672 +03:00 [INF] Executing endpoint '/hubs/order'
2026-08-23 21:57:57.690 +03:00 [INF] Request starting HTTP/1.1 GET http://localhost:5279/hubs/order?id=ApxB8iZHir7ihTEs-csBYg&access_token=eyJhbGciOiJIUzI1NiIsInR5cCI6IkpXVCJ9.eyJuYW1laWQiOiI1IiwidW5pcXVlX25hbWUiOiJNYW5hZ2VyIFN0YWZmIiwiZW1haWwiOiJtYW5hZ2VyQGFsYXJpcy5jb20iLCJyb2xlIjoiTWFuYWdlciIsIm5iZiI6MTc4NzUwMDgxMiwiZXhwIjoxNzg3NTI5NjEyLCJpYXQiOjE3ODc1MDA4MTIsImlzcyI6IlJlc3RhdXJhbnRQT1MiLCJhdWQiOiJSZXN0YXVyYW50UE9TVXNlcnMifQ.RydEx1qnqFDfXV9xXm9q9B5oMtJHVjDMSTfGK2kPBCk - null null
2026-08-23 21:57:57.692 +03:00 [INF] CORS policy execution successful.
2026-08-23 21:57:57.692 +03:00 [INF] Executing endpoint '/hubs/order'
2026-08-23 21:57:58.545 +03:00 [INF] Executed DbCommand (23ms) [Parameters=[], CommandType='"Text"', CommandTimeout='30']
SELECT [r].[Id], [r].[Capacity], [r].[RowVersion], [r].[Status], [r].[TableNumber], [r].[WaiterId], [e].[Id], [e].[CreatedAt], [e].[Email], [e].[FullName], [e].[IsActive], [e].[PasswordHash], [e].[Phone], [e].[Role]
FROM [RestaurantTables] AS [r]
LEFT JOIN [Employees] AS [e] ON [r].[WaiterId] = [e].[Id]
2026-08-23 21:57:58.608 +03:00 [INF] Executing OkObjectResult, writing value of type 'System.Linq.Enumerable+ListSelectIterator`2[[Domain.Models.RestaurantTable, Domain, Version=1.0.0.0, Culture=neutral, PublicKeyToken=null],[Application.DTOs.Tables.TableSummaryDto, Application, Version=1.0.0.0, Culture=neutral, PublicKeyToken=null]]'.
2026-08-23 21:57:58.661 +03:00 [INF] Request starting HTTP/1.1 GET http://localhost:5279/api/Tables - null null
2026-08-23 21:57:58.662 +03:00 [INF] Executed action Presentation.Controllers.TablesController.GetAllTables (Presentation) in 1041.34ms
2026-08-23 21:57:58.663 +03:00 [INF] Executed endpoint 'Presentation.Controllers.TablesController.GetAllTables (Presentation)'
2026-08-23 21:57:58.664 +03:00 [INF] Executing endpoint 'Presentation.Controllers.TablesController.GetAllTables (Presentation)'
2026-08-23 21:57:58.665 +03:00 [INF] Route matched with {action = "GetAllTables", controller = "Tables"}. Executing controller action with signature System.Threading.Tasks.Task`1[Microsoft.AspNetCore.Mvc.IActionResult] GetAllTables(System.Nullable`1[Domain.Enums.TableStatus]) on controller Presentation.Controllers.TablesController (Presentation).
2026-08-23 21:57:58.667 +03:00 [INF] Request finished HTTP/1.1 GET http://localhost:5279/api/Tables - 200 null application/json; charset=utf-8 1167.8058ms
2026-08-23 21:57:58.704 +03:00 [INF] Executed DbCommand (2ms) [Parameters=[], CommandType='"Text"', CommandTimeout='30']
SELECT [r].[Id], [r].[Capacity], [r].[RowVersion], [r].[Status], [r].[TableNumber], [r].[WaiterId], [e].[Id], [e].[CreatedAt], [e].[Email], [e].[FullName], [e].[IsActive], [e].[PasswordHash], [e].[Phone], [e].[Role]
FROM [RestaurantTables] AS [r]
LEFT JOIN [Employees] AS [e] ON [r].[WaiterId] = [e].[Id]
2026-08-23 21:57:58.705 +03:00 [INF] Executing OkObjectResult, writing value of type 'System.Linq.Enumerable+ListSelectIterator`2[[Domain.Models.RestaurantTable, Domain, Version=1.0.0.0, Culture=neutral, PublicKeyToken=null],[Application.DTOs.Tables.TableSummaryDto, Application, Version=1.0.0.0, Culture=neutral, PublicKeyToken=null]]'.
2026-08-23 21:57:58.707 +03:00 [INF] Executed action Presentation.Controllers.TablesController.GetAllTables (Presentation) in 41.186ms
2026-08-23 21:57:58.707 +03:00 [INF] Executed endpoint 'Presentation.Controllers.TablesController.GetAllTables (Presentation)'
2026-08-23 21:57:58.708 +03:00 [INF] Request finished HTTP/1.1 GET http://localhost:5279/api/Tables - 200 null application/json; charset=utf-8 46.5128ms
2026-08-23 21:58:02.320 +03:00 [INF] Request starting HTTP/1.1 POST http://localhost:5279/api/Auth/login - application/json 53
2026-08-23 21:58:02.322 +03:00 [INF] CORS policy execution successful.
2026-08-23 21:58:02.322 +03:00 [INF] Executing endpoint 'Presentation.Controllers.AuthController.Login (Presentation)'
2026-08-23 21:58:02.326 +03:00 [INF] Route matched with {action = "Login", controller = "Auth"}. Executing controller action with signature System.Threading.Tasks.Task`1[Microsoft.AspNetCore.Mvc.IActionResult] Login(Application.DTOs.Authentication.LoginDto) on controller Presentation.Controllers.AuthController (Presentation).
2026-08-23 21:58:02.402 +03:00 [INF] Executed DbCommand (11ms) [Parameters=[@__dto_Email_0='?' (Size = 255)], CommandType='"Text"', CommandTimeout='30']
SELECT TOP(2) [e].[Id], [e].[CreatedAt], [e].[Email], [e].[FullName], [e].[IsActive], [e].[PasswordHash], [e].[Phone], [e].[Role]
FROM [Employees] AS [e]
WHERE [e].[Email] = @__dto_Email_0
2026-08-23 21:58:02.432 +03:00 [INF] Executing OkObjectResult, writing value of type 'Application.DTOs.Authentication.AuthResponseDto'.
2026-08-23 21:58:02.439 +03:00 [INF] Executed action Presentation.Controllers.AuthController.Login (Presentation) in 111.9248ms
2026-08-23 21:58:02.440 +03:00 [INF] Executed endpoint 'Presentation.Controllers.AuthController.Login (Presentation)'
2026-08-23 21:58:02.441 +03:00 [INF] Request finished HTTP/1.1 POST http://localhost:5279/api/Auth/login - 200 null application/json; charset=utf-8 120.316ms
2026-08-23 21:58:02.469 +03:00 [INF] Request starting HTTP/1.1 GET http://localhost:5279/api/Orders - null null
2026-08-23 21:58:02.469 +03:00 [INF] Request starting HTTP/1.1 GET http://localhost:5279/api/MenuItems - null null
2026-08-23 21:58:02.473 +03:00 [INF] Executing endpoint 'Presentation.Controllers.OrdersController.GetAllOrders (Presentation)'
2026-08-23 21:58:02.474 +03:00 [INF] Executing endpoint 'Presentation.Controllers.MenuItemsController.GetAllMenuItems (Presentation)'
2026-08-23 21:58:02.477 +03:00 [INF] Route matched with {action = "GetAllOrders", controller = "Orders"}. Executing controller action with signature System.Threading.Tasks.Task`1[Microsoft.AspNetCore.Mvc.IActionResult] GetAllOrders(System.Nullable`1[Domain.Enums.OrderStatus]) on controller Presentation.Controllers.OrdersController (Presentation).
2026-08-23 21:58:02.480 +03:00 [INF] Route matched with {action = "GetAllMenuItems", controller = "MenuItems"}. Executing controller action with signature System.Threading.Tasks.Task`1[Microsoft.AspNetCore.Mvc.IActionResult] GetAllMenuItems(Application.DTOs.Menu.MenuFilterDto) on controller Presentation.Controllers.MenuItemsController (Presentation).
2026-08-23 21:58:02.504 +03:00 [INF] Executed DbCommand (7ms) [Parameters=[], CommandType='"Text"', CommandTimeout='30']
SELECT [m].[Id], [m].[CategoryId], [m].[CreatedAt], [m].[IsAvailable], [m].[IsSeasonalItem], [m].[Name], [m].[Price], [c].[Id], [c].[Description], [c].[IsActive], [c].[Name]
FROM [MenuItems] AS [m]
LEFT JOIN [Categories] AS [c] ON [m].[CategoryId] = [c].[Id]
2026-08-23 21:58:02.536 +03:00 [INF] Executed DbCommand (13ms) [Parameters=[], CommandType='"Text"', CommandTimeout='30']
SELECT [o].[Id], [o].[CancellationReason], [o].[CancelledAt], [o].[CancelledBy], [o].[CreatedAt], [o].[DiscountAmount], [o].[FinalAmount], [o].[RowVersion], [o].[Status], [o].[TableId], [o].[TotalAmount], [o].[UpdatedAt], [o].[WaiterId], [r].[Id], [r].[Capacity], [r].[RowVersion], [r].[Status], [r].[TableNumber], [r].[WaiterId], [e].[Id], [e].[CreatedAt], [e].[Email], [e].[FullName], [e].[IsActive], [e].[PasswordHash], [e].[Phone], [e].[Role], [o0].[Id], [o0].[CancellationReason], [o0].[CancelledAt], [o0].[CancelledBy], [o0].[MenuItemId], [o0].[Notes], [o0].[OrderId], [o0].[Quantity], [o0].[Status], [o0].[UnitPrice]
FROM [Orders] AS [o]
INNER JOIN [RestaurantTables] AS [r] ON [o].[TableId] = [r].[Id]
INNER JOIN [Employees] AS [e] ON [o].[WaiterId] = [e].[Id]
LEFT JOIN [OrderItems] AS [o0] ON [o].[Id] = [o0].[OrderId]
ORDER BY [o].[Id], [r].[Id], [e].[Id]
2026-08-23 21:58:02.539 +03:00 [INF] Executing OkObjectResult, writing value of type 'System.Linq.Enumerable+ListSelectIterator`2[[Domain.Models.MenuItem, Domain, Version=1.0.0.0, Culture=neutral, PublicKeyToken=null],[Application.DTOs.Menu.MenuItemDto, Application, Version=1.0.0.0, Culture=neutral, PublicKeyToken=null]]'.
2026-08-23 21:58:02.552 +03:00 [INF] Executed action Presentation.Controllers.MenuItemsController.GetAllMenuItems (Presentation) in 70.4741ms
2026-08-23 21:58:02.553 +03:00 [INF] Executed endpoint 'Presentation.Controllers.MenuItemsController.GetAllMenuItems (Presentation)'
2026-08-23 21:58:02.555 +03:00 [INF] Request finished HTTP/1.1 GET http://localhost:5279/api/MenuItems - 200 null application/json; charset=utf-8 85.4614ms
2026-08-23 21:58:02.555 +03:00 [INF] Request starting HTTP/1.1 GET http://localhost:5279/api/MenuItems - null null
2026-08-23 21:58:02.559 +03:00 [INF] Executing endpoint 'Presentation.Controllers.MenuItemsController.GetAllMenuItems (Presentation)'
2026-08-23 21:58:02.560 +03:00 [INF] Route matched with {action = "GetAllMenuItems", controller = "MenuItems"}. Executing controller action with signature System.Threading.Tasks.Task`1[Microsoft.AspNetCore.Mvc.IActionResult] GetAllMenuItems(Application.DTOs.Menu.MenuFilterDto) on controller Presentation.Controllers.MenuItemsController (Presentation).
2026-08-23 21:58:02.564 +03:00 [INF] Executed DbCommand (1ms) [Parameters=[], CommandType='"Text"', CommandTimeout='30']
SELECT [m].[Id], [m].[CategoryId], [m].[CreatedAt], [m].[IsAvailable], [m].[IsSeasonalItem], [m].[Name], [m].[Price], [c].[Id], [c].[Description], [c].[IsActive], [c].[Name]
FROM [MenuItems] AS [m]
LEFT JOIN [Categories] AS [c] ON [m].[CategoryId] = [c].[Id]
2026-08-23 21:58:02.566 +03:00 [INF] Executing OkObjectResult, writing value of type 'System.Linq.Enumerable+ListSelectIterator`2[[Domain.Models.MenuItem, Domain, Version=1.0.0.0, Culture=neutral, PublicKeyToken=null],[Application.DTOs.Menu.MenuItemDto, Application, Version=1.0.0.0, Culture=neutral, PublicKeyToken=null]]'.
2026-08-23 21:58:02.567 +03:00 [INF] Executed action Presentation.Controllers.MenuItemsController.GetAllMenuItems (Presentation) in 4.5636ms
2026-08-23 21:58:02.567 +03:00 [INF] Executed endpoint 'Presentation.Controllers.MenuItemsController.GetAllMenuItems (Presentation)'
2026-08-23 21:58:02.568 +03:00 [INF] Request finished HTTP/1.1 GET http://localhost:5279/api/MenuItems - 200 null application/json; charset=utf-8 13.2603ms
2026-08-23 21:58:02.579 +03:00 [INF] Executing OkObjectResult, writing value of type 'System.Linq.Enumerable+ListSelectIterator`2[[Domain.Models.Order, Domain, Version=1.0.0.0, Culture=neutral, PublicKeyToken=null],[Application.DTOs.Orders.OrderSummaryDto, Application, Version=1.0.0.0, Culture=neutral, PublicKeyToken=null]]'.
2026-08-23 21:58:02.590 +03:00 [INF] Executed action Presentation.Controllers.OrdersController.GetAllOrders (Presentation) in 110.8658ms
2026-08-23 21:58:02.591 +03:00 [INF] Executed endpoint 'Presentation.Controllers.OrdersController.GetAllOrders (Presentation)'
2026-08-23 21:58:02.592 +03:00 [INF] Request finished HTTP/1.1 GET http://localhost:5279/api/Orders - 200 null application/json; charset=utf-8 123.408ms
2026-08-23 21:58:02.593 +03:00 [INF] Request starting HTTP/1.1 GET http://localhost:5279/api/Orders - null null
2026-08-23 21:58:02.597 +03:00 [INF] Executing endpoint 'Presentation.Controllers.OrdersController.GetAllOrders (Presentation)'
2026-08-23 21:58:02.598 +03:00 [INF] Route matched with {action = "GetAllOrders", controller = "Orders"}. Executing controller action with signature System.Threading.Tasks.Task`1[Microsoft.AspNetCore.Mvc.IActionResult] GetAllOrders(System.Nullable`1[Domain.Enums.OrderStatus]) on controller Presentation.Controllers.OrdersController (Presentation).
2026-08-23 21:58:02.602 +03:00 [INF] Executed DbCommand (1ms) [Parameters=[], CommandType='"Text"', CommandTimeout='30']
SELECT [o].[Id], [o].[CancellationReason], [o].[CancelledAt], [o].[CancelledBy], [o].[CreatedAt], [o].[DiscountAmount], [o].[FinalAmount], [o].[RowVersion], [o].[Status], [o].[TableId], [o].[TotalAmount], [o].[UpdatedAt], [o].[WaiterId], [r].[Id], [r].[Capacity], [r].[RowVersion], [r].[Status], [r].[TableNumber], [r].[WaiterId], [e].[Id], [e].[CreatedAt], [e].[Email], [e].[FullName], [e].[IsActive], [e].[PasswordHash], [e].[Phone], [e].[Role], [o0].[Id], [o0].[CancellationReason], [o0].[CancelledAt], [o0].[CancelledBy], [o0].[MenuItemId], [o0].[Notes], [o0].[OrderId], [o0].[Quantity], [o0].[Status], [o0].[UnitPrice]
FROM [Orders] AS [o]
INNER JOIN [RestaurantTables] AS [r] ON [o].[TableId] = [r].[Id]
INNER JOIN [Employees] AS [e] ON [o].[WaiterId] = [e].[Id]
LEFT JOIN [OrderItems] AS [o0] ON [o].[Id] = [o0].[OrderId]
ORDER BY [o].[Id], [r].[Id], [e].[Id]
2026-08-23 21:58:02.605 +03:00 [INF] Executing OkObjectResult, writing value of type 'System.Linq.Enumerable+ListSelectIterator`2[[Domain.Models.Order, Domain, Version=1.0.0.0, Culture=neutral, PublicKeyToken=null],[Application.DTOs.Orders.OrderSummaryDto, Application, Version=1.0.0.0, Culture=neutral, PublicKeyToken=null]]'.
2026-08-23 21:58:02.607 +03:00 [INF] Executed action Presentation.Controllers.OrdersController.GetAllOrders (Presentation) in 6.6058ms
2026-08-23 21:58:02.608 +03:00 [INF] Executed endpoint 'Presentation.Controllers.OrdersController.GetAllOrders (Presentation)'
2026-08-23 21:58:02.609 +03:00 [INF] Request finished HTTP/1.1 GET http://localhost:5279/api/Orders - 200 null application/json; charset=utf-8 15.4539ms
2026-08-23 21:58:03.833 +03:00 [INF] Request starting HTTP/1.1 GET http://localhost:5279/api/Categories - null null
2026-08-23 21:58:03.833 +03:00 [INF] Request starting HTTP/1.1 GET http://localhost:5279/api/MenuItems - null null
2026-08-23 21:58:03.835 +03:00 [INF] Executing endpoint 'Presentation.Controllers.CategoriesController.GetAllCategories (Presentation)'
2026-08-23 21:58:03.837 +03:00 [INF] Executing endpoint 'Presentation.Controllers.MenuItemsController.GetAllMenuItems (Presentation)'
2026-08-23 21:58:03.838 +03:00 [INF] Route matched with {action = "GetAllMenuItems", controller = "MenuItems"}. Executing controller action with signature System.Threading.Tasks.Task`1[Microsoft.AspNetCore.Mvc.IActionResult] GetAllMenuItems(Application.DTOs.Menu.MenuFilterDto) on controller Presentation.Controllers.MenuItemsController (Presentation).
2026-08-23 21:58:03.839 +03:00 [INF] Route matched with {action = "GetAllCategories", controller = "Categories"}. Executing controller action with signature System.Threading.Tasks.Task`1[Microsoft.AspNetCore.Mvc.IActionResult] GetAllCategories() on controller Presentation.Controllers.CategoriesController (Presentation).
2026-08-23 21:58:03.844 +03:00 [INF] Executed DbCommand (1ms) [Parameters=[], CommandType='"Text"', CommandTimeout='30']
SELECT [m].[Id], [m].[CategoryId], [m].[CreatedAt], [m].[IsAvailable], [m].[IsSeasonalItem], [m].[Name], [m].[Price], [c].[Id], [c].[Description], [c].[IsActive], [c].[Name]
FROM [MenuItems] AS [m]
LEFT JOIN [Categories] AS [c] ON [m].[CategoryId] = [c].[Id]
2026-08-23 21:58:03.846 +03:00 [INF] Executing OkObjectResult, writing value of type 'System.Linq.Enumerable+ListSelectIterator`2[[Domain.Models.MenuItem, Domain, Version=1.0.0.0, Culture=neutral, PublicKeyToken=null],[Application.DTOs.Menu.MenuItemDto, Application, Version=1.0.0.0, Culture=neutral, PublicKeyToken=null]]'.
2026-08-23 21:58:03.847 +03:00 [INF] Executed action Presentation.Controllers.MenuItemsController.GetAllMenuItems (Presentation) in 7.3699ms
2026-08-23 21:58:03.847 +03:00 [INF] Executed endpoint 'Presentation.Controllers.MenuItemsController.GetAllMenuItems (Presentation)'
2026-08-23 21:58:03.849 +03:00 [INF] Executed DbCommand (2ms) [Parameters=[], CommandType='"Text"', CommandTimeout='30']
SELECT [c].[Id], [c].[Description], [c].[IsActive], [c].[Name]
FROM [Categories] AS [c]
2026-08-23 21:58:03.849 +03:00 [INF] Request finished HTTP/1.1 GET http://localhost:5279/api/MenuItems - 200 null application/json; charset=utf-8 15.5503ms
2026-08-23 21:58:03.850 +03:00 [INF] Request starting HTTP/1.1 GET http://localhost:5279/api/MenuItems - null null
2026-08-23 21:58:03.851 +03:00 [INF] Executing OkObjectResult, writing value of type 'System.Linq.Enumerable+ListSelectIterator`2[[Domain.Models.Category, Domain, Version=1.0.0.0, Culture=neutral, PublicKeyToken=null],[Application.DTOs.Menu.Categories.CategoryDto, Application, Version=1.0.0.0, Culture=neutral, PublicKeyToken=null]]'.
2026-08-23 21:58:03.855 +03:00 [INF] Executing endpoint 'Presentation.Controllers.MenuItemsController.GetAllMenuItems (Presentation)'
2026-08-23 21:58:03.856 +03:00 [INF] Route matched with {action = "GetAllMenuItems", controller = "MenuItems"}. Executing controller action with signature System.Threading.Tasks.Task`1[Microsoft.AspNetCore.Mvc.IActionResult] GetAllMenuItems(Application.DTOs.Menu.MenuFilterDto) on controller Presentation.Controllers.MenuItemsController (Presentation).
2026-08-23 21:58:03.857 +03:00 [INF] Executed action Presentation.Controllers.CategoriesController.GetAllCategories (Presentation) in 16.5385ms
2026-08-23 21:58:03.858 +03:00 [INF] Executed endpoint 'Presentation.Controllers.CategoriesController.GetAllCategories (Presentation)'
2026-08-23 21:58:03.859 +03:00 [INF] Request finished HTTP/1.1 GET http://localhost:5279/api/Categories - 200 null application/json; charset=utf-8 26.4228ms
2026-08-23 21:58:03.859 +03:00 [INF] Executed DbCommand (1ms) [Parameters=[], CommandType='"Text"', CommandTimeout='30']
SELECT [m].[Id], [m].[CategoryId], [m].[CreatedAt], [m].[IsAvailable], [m].[IsSeasonalItem], [m].[Name], [m].[Price], [c].[Id], [c].[Description], [c].[IsActive], [c].[Name]
FROM [MenuItems] AS [m]
LEFT JOIN [Categories] AS [c] ON [m].[CategoryId] = [c].[Id]
2026-08-23 21:58:03.861 +03:00 [INF] Request starting HTTP/1.1 GET http://localhost:5279/api/Categories - null null
2026-08-23 21:58:03.864 +03:00 [INF] Executing OkObjectResult, writing value of type 'System.Linq.Enumerable+ListSelectIterator`2[[Domain.Models.MenuItem, Domain, Version=1.0.0.0, Culture=neutral, PublicKeyToken=null],[Application.DTOs.Menu.MenuItemDto, Application, Version=1.0.0.0, Culture=neutral, PublicKeyToken=null]]'.
2026-08-23 21:58:03.866 +03:00 [INF] Executing endpoint 'Presentation.Controllers.CategoriesController.GetAllCategories (Presentation)'
2026-08-23 21:58:03.867 +03:00 [INF] Executed action Presentation.Controllers.MenuItemsController.GetAllMenuItems (Presentation) in 9.2671ms
2026-08-23 21:58:03.868 +03:00 [INF] Route matched with {action = "GetAllCategories", controller = "Categories"}. Executing controller action with signature System.Threading.Tasks.Task`1[Microsoft.AspNetCore.Mvc.IActionResult] GetAllCategories() on controller Presentation.Controllers.CategoriesController (Presentation).
2026-08-23 21:58:03.869 +03:00 [INF] Executed endpoint 'Presentation.Controllers.MenuItemsController.GetAllMenuItems (Presentation)'
2026-08-23 21:58:03.871 +03:00 [INF] Request finished HTTP/1.1 GET http://localhost:5279/api/MenuItems - 200 null application/json; charset=utf-8 21.3101ms
2026-08-23 21:58:03.872 +03:00 [INF] Executed DbCommand (1ms) [Parameters=[], CommandType='"Text"', CommandTimeout='30']
SELECT [c].[Id], [c].[Description], [c].[IsActive], [c].[Name]
FROM [Categories] AS [c]
2026-08-23 21:58:03.875 +03:00 [INF] Executing OkObjectResult, writing value of type 'System.Linq.Enumerable+ListSelectIterator`2[[Domain.Models.Category, Domain, Version=1.0.0.0, Culture=neutral, PublicKeyToken=null],[Application.DTOs.Menu.Categories.CategoryDto, Application, Version=1.0.0.0, Culture=neutral, PublicKeyToken=null]]'.
2026-08-23 21:58:03.876 +03:00 [INF] Executed action Presentation.Controllers.CategoriesController.GetAllCategories (Presentation) in 6.1631ms
2026-08-23 21:58:03.877 +03:00 [INF] Executed endpoint 'Presentation.Controllers.CategoriesController.GetAllCategories (Presentation)'
2026-08-23 21:58:03.878 +03:00 [INF] Request finished HTTP/1.1 GET http://localhost:5279/api/Categories - 200 null application/json; charset=utf-8 17.39ms
2026-08-23 21:58:59.985 +03:00 [INF] Request starting HTTP/1.1 POST http://localhost:5279/api/Auth/login - application/json 53
2026-08-23 21:58:59.987 +03:00 [INF] CORS policy execution successful.
2026-08-23 21:58:59.987 +03:00 [INF] Executing endpoint 'Presentation.Controllers.AuthController.Login (Presentation)'
2026-08-23 21:58:59.988 +03:00 [INF] Route matched with {action = "Login", controller = "Auth"}. Executing controller action with signature System.Threading.Tasks.Task`1[Microsoft.AspNetCore.Mvc.IActionResult] Login(Application.DTOs.Authentication.LoginDto) on controller Presentation.Controllers.AuthController (Presentation).
2026-08-23 21:58:59.991 +03:00 [INF] Executed DbCommand (1ms) [Parameters=[@__dto_Email_0='?' (Size = 255)], CommandType='"Text"', CommandTimeout='30']
SELECT TOP(2) [e].[Id], [e].[CreatedAt], [e].[Email], [e].[FullName], [e].[IsActive], [e].[PasswordHash], [e].[Phone], [e].[Role]
FROM [Employees] AS [e]
WHERE [e].[Email] = @__dto_Email_0
2026-08-23 21:58:59.994 +03:00 [INF] Executing OkObjectResult, writing value of type 'Application.DTOs.Authentication.AuthResponseDto'.
2026-08-23 21:58:59.995 +03:00 [INF] Executed action Presentation.Controllers.AuthController.Login (Presentation) in 6.1461ms
2026-08-23 21:58:59.995 +03:00 [INF] Executed endpoint 'Presentation.Controllers.AuthController.Login (Presentation)'
2026-08-23 21:58:59.996 +03:00 [INF] Request finished HTTP/1.1 POST http://localhost:5279/api/Auth/login - 200 null application/json; charset=utf-8 10.8204ms
2026-08-23 21:59:00.033 +03:00 [INF] Request starting HTTP/1.1 GET http://localhost:5279/api/Orders - null null
2026-08-23 21:59:00.033 +03:00 [INF] Request starting HTTP/1.1 GET http://localhost:5279/api/MenuItems - null null
2026-08-23 21:59:00.037 +03:00 [INF] Executing endpoint 'Presentation.Controllers.OrdersController.GetAllOrders (Presentation)'
2026-08-23 21:59:00.038 +03:00 [INF] Executing endpoint 'Presentation.Controllers.MenuItemsController.GetAllMenuItems (Presentation)'
2026-08-23 21:59:00.039 +03:00 [INF] Route matched with {action = "GetAllOrders", controller = "Orders"}. Executing controller action with signature System.Threading.Tasks.Task`1[Microsoft.AspNetCore.Mvc.IActionResult] GetAllOrders(System.Nullable`1[Domain.Enums.OrderStatus]) on controller Presentation.Controllers.OrdersController (Presentation).
2026-08-23 21:59:00.040 +03:00 [INF] Route matched with {action = "GetAllMenuItems", controller = "MenuItems"}. Executing controller action with signature System.Threading.Tasks.Task`1[Microsoft.AspNetCore.Mvc.IActionResult] GetAllMenuItems(Application.DTOs.Menu.MenuFilterDto) on controller Presentation.Controllers.MenuItemsController (Presentation).
2026-08-23 21:59:00.045 +03:00 [INF] Executed DbCommand (1ms) [Parameters=[], CommandType='"Text"', CommandTimeout='30']
SELECT [o].[Id], [o].[CancellationReason], [o].[CancelledAt], [o].[CancelledBy], [o].[CreatedAt], [o].[DiscountAmount], [o].[FinalAmount], [o].[RowVersion], [o].[Status], [o].[TableId], [o].[TotalAmount], [o].[UpdatedAt], [o].[WaiterId], [r].[Id], [r].[Capacity], [r].[RowVersion], [r].[Status], [r].[TableNumber], [r].[WaiterId], [e].[Id], [e].[CreatedAt], [e].[Email], [e].[FullName], [e].[IsActive], [e].[PasswordHash], [e].[Phone], [e].[Role], [o0].[Id], [o0].[CancellationReason], [o0].[CancelledAt], [o0].[CancelledBy], [o0].[MenuItemId], [o0].[Notes], [o0].[OrderId], [o0].[Quantity], [o0].[Status], [o0].[UnitPrice]
FROM [Orders] AS [o]
INNER JOIN [RestaurantTables] AS [r] ON [o].[TableId] = [r].[Id]
INNER JOIN [Employees] AS [e] ON [o].[WaiterId] = [e].[Id]
LEFT JOIN [OrderItems] AS [o0] ON [o].[Id] = [o0].[OrderId]
ORDER BY [o].[Id], [r].[Id], [e].[Id]
2026-08-23 21:59:00.045 +03:00 [INF] Executed DbCommand (1ms) [Parameters=[], CommandType='"Text"', CommandTimeout='30']
SELECT [m].[Id], [m].[CategoryId], [m].[CreatedAt], [m].[IsAvailable], [m].[IsSeasonalItem], [m].[Name], [m].[Price], [c].[Id], [c].[Description], [c].[IsActive], [c].[Name]
FROM [MenuItems] AS [m]
LEFT JOIN [Categories] AS [c] ON [m].[CategoryId] = [c].[Id]
2026-08-23 21:59:00.049 +03:00 [INF] Executing OkObjectResult, writing value of type 'System.Linq.Enumerable+ListSelectIterator`2[[Domain.Models.Order, Domain, Version=1.0.0.0, Culture=neutral, PublicKeyToken=null],[Application.DTOs.Orders.OrderSummaryDto, Application, Version=1.0.0.0, Culture=neutral, PublicKeyToken=null]]'.
2026-08-23 21:59:00.049 +03:00 [INF] Executing OkObjectResult, writing value of type 'System.Linq.Enumerable+ListSelectIterator`2[[Domain.Models.MenuItem, Domain, Version=1.0.0.0, Culture=neutral, PublicKeyToken=null],[Application.DTOs.Menu.MenuItemDto, Application, Version=1.0.0.0, Culture=neutral, PublicKeyToken=null]]'.
2026-08-23 21:59:00.050 +03:00 [INF] Executed action Presentation.Controllers.OrdersController.GetAllOrders (Presentation) in 9.1612ms
2026-08-23 21:59:00.051 +03:00 [INF] Executed action Presentation.Controllers.MenuItemsController.GetAllMenuItems (Presentation) in 8.4429ms
2026-08-23 21:59:00.053 +03:00 [INF] Executed endpoint 'Presentation.Controllers.OrdersController.GetAllOrders (Presentation)'
2026-08-23 21:59:00.054 +03:00 [INF] Executed endpoint 'Presentation.Controllers.MenuItemsController.GetAllMenuItems (Presentation)'
2026-08-23 21:59:00.055 +03:00 [INF] Request finished HTTP/1.1 GET http://localhost:5279/api/Orders - 200 null application/json; charset=utf-8 21.5822ms
2026-08-23 21:59:00.055 +03:00 [INF] Request starting HTTP/1.1 GET http://localhost:5279/api/Orders - null null
2026-08-23 21:59:00.055 +03:00 [INF] Request finished HTTP/1.1 GET http://localhost:5279/api/MenuItems - 200 null application/json; charset=utf-8 22.3784ms
2026-08-23 21:59:00.056 +03:00 [INF] Request starting HTTP/1.1 GET http://localhost:5279/api/MenuItems - null null
2026-08-23 21:59:00.061 +03:00 [INF] Executing endpoint 'Presentation.Controllers.OrdersController.GetAllOrders (Presentation)'
2026-08-23 21:59:00.066 +03:00 [INF] Executing endpoint 'Presentation.Controllers.MenuItemsController.GetAllMenuItems (Presentation)'
2026-08-23 21:59:00.066 +03:00 [INF] Route matched with {action = "GetAllOrders", controller = "Orders"}. Executing controller action with signature System.Threading.Tasks.Task`1[Microsoft.AspNetCore.Mvc.IActionResult] GetAllOrders(System.Nullable`1[Domain.Enums.OrderStatus]) on controller Presentation.Controllers.OrdersController (Presentation).
2026-08-23 21:59:00.067 +03:00 [INF] Route matched with {action = "GetAllMenuItems", controller = "MenuItems"}. Executing controller action with signature System.Threading.Tasks.Task`1[Microsoft.AspNetCore.Mvc.IActionResult] GetAllMenuItems(Application.DTOs.Menu.MenuFilterDto) on controller Presentation.Controllers.MenuItemsController (Presentation).
2026-08-23 21:59:00.071 +03:00 [INF] Executed DbCommand (1ms) [Parameters=[], CommandType='"Text"', CommandTimeout='30']
SELECT [o].[Id], [o].[CancellationReason], [o].[CancelledAt], [o].[CancelledBy], [o].[CreatedAt], [o].[DiscountAmount], [o].[FinalAmount], [o].[RowVersion], [o].[Status], [o].[TableId], [o].[TotalAmount], [o].[UpdatedAt], [o].[WaiterId], [r].[Id], [r].[Capacity], [r].[RowVersion], [r].[Status], [r].[TableNumber], [r].[WaiterId], [e].[Id], [e].[CreatedAt], [e].[Email], [e].[FullName], [e].[IsActive], [e].[PasswordHash], [e].[Phone], [e].[Role], [o0].[Id], [o0].[CancellationReason], [o0].[CancelledAt], [o0].[CancelledBy], [o0].[MenuItemId], [o0].[Notes], [o0].[OrderId], [o0].[Quantity], [o0].[Status], [o0].[UnitPrice]
FROM [Orders] AS [o]
INNER JOIN [RestaurantTables] AS [r] ON [o].[TableId] = [r].[Id]
INNER JOIN [Employees] AS [e] ON [o].[WaiterId] = [e].[Id]
LEFT JOIN [OrderItems] AS [o0] ON [o].[Id] = [o0].[OrderId]
ORDER BY [o].[Id], [r].[Id], [e].[Id]
2026-08-23 21:59:00.072 +03:00 [INF] Executed DbCommand (0ms) [Parameters=[], CommandType='"Text"', CommandTimeout='30']
SELECT [m].[Id], [m].[CategoryId], [m].[CreatedAt], [m].[IsAvailable], [m].[IsSeasonalItem], [m].[Name], [m].[Price], [c].[Id], [c].[Description], [c].[IsActive], [c].[Name]
FROM [MenuItems] AS [m]
LEFT JOIN [Categories] AS [c] ON [m].[CategoryId] = [c].[Id]
2026-08-23 21:59:00.074 +03:00 [INF] Executing OkObjectResult, writing value of type 'System.Linq.Enumerable+ListSelectIterator`2[[Domain.Models.Order, Domain, Version=1.0.0.0, Culture=neutral, PublicKeyToken=null],[Application.DTOs.Orders.OrderSummaryDto, Application, Version=1.0.0.0, Culture=neutral, PublicKeyToken=null]]'.
2026-08-23 21:59:00.075 +03:00 [INF] Executing OkObjectResult, writing value of type 'System.Linq.Enumerable+ListSelectIterator`2[[Domain.Models.MenuItem, Domain, Version=1.0.0.0, Culture=neutral, PublicKeyToken=null],[Application.DTOs.Menu.MenuItemDto, Application, Version=1.0.0.0, Culture=neutral, PublicKeyToken=null]]'.
2026-08-23 21:59:00.076 +03:00 [INF] Executed action Presentation.Controllers.OrdersController.GetAllOrders (Presentation) in 7.4273ms
2026-08-23 21:59:00.077 +03:00 [INF] Executed action Presentation.Controllers.MenuItemsController.GetAllMenuItems (Presentation) in 6.7417ms
2026-08-23 21:59:00.078 +03:00 [INF] Executed endpoint 'Presentation.Controllers.OrdersController.GetAllOrders (Presentation)'
2026-08-23 21:59:00.080 +03:00 [INF] Executed endpoint 'Presentation.Controllers.MenuItemsController.GetAllMenuItems (Presentation)'
2026-08-23 21:59:00.081 +03:00 [INF] Request finished HTTP/1.1 GET http://localhost:5279/api/Orders - 200 null application/json; charset=utf-8 25.407ms
2026-08-23 21:59:00.082 +03:00 [INF] Request finished HTTP/1.1 GET http://localhost:5279/api/MenuItems - 200 null application/json; charset=utf-8 25.7307ms
2026-08-23 21:59:02.327 +03:00 [INF] Request starting HTTP/1.1 GET http://localhost:5279/api/Categories - null null
2026-08-23 21:59:02.327 +03:00 [INF] Request starting HTTP/1.1 GET http://localhost:5279/api/MenuItems - null null
2026-08-23 21:59:02.330 +03:00 [INF] Executing endpoint 'Presentation.Controllers.CategoriesController.GetAllCategories (Presentation)'
2026-08-23 21:59:02.332 +03:00 [INF] Executing endpoint 'Presentation.Controllers.MenuItemsController.GetAllMenuItems (Presentation)'
2026-08-23 21:59:02.332 +03:00 [INF] Route matched with {action = "GetAllCategories", controller = "Categories"}. Executing controller action with signature System.Threading.Tasks.Task`1[Microsoft.AspNetCore.Mvc.IActionResult] GetAllCategories() on controller Presentation.Controllers.CategoriesController (Presentation).
2026-08-23 21:59:02.334 +03:00 [INF] Route matched with {action = "GetAllMenuItems", controller = "MenuItems"}. Executing controller action with signature System.Threading.Tasks.Task`1[Microsoft.AspNetCore.Mvc.IActionResult] GetAllMenuItems(Application.DTOs.Menu.MenuFilterDto) on controller Presentation.Controllers.MenuItemsController (Presentation).
2026-08-23 21:59:02.336 +03:00 [INF] Executed DbCommand (1ms) [Parameters=[], CommandType='"Text"', CommandTimeout='30']
SELECT [c].[Id], [c].[Description], [c].[IsActive], [c].[Name]
FROM [Categories] AS [c]
2026-08-23 21:59:02.338 +03:00 [INF] Executed DbCommand (1ms) [Parameters=[], CommandType='"Text"', CommandTimeout='30']
SELECT [m].[Id], [m].[CategoryId], [m].[CreatedAt], [m].[IsAvailable], [m].[IsSeasonalItem], [m].[Name], [m].[Price], [c].[Id], [c].[Description], [c].[IsActive], [c].[Name]
FROM [MenuItems] AS [m]
LEFT JOIN [Categories] AS [c] ON [m].[CategoryId] = [c].[Id]
2026-08-23 21:59:02.339 +03:00 [INF] Executing OkObjectResult, writing value of type 'System.Linq.Enumerable+ListSelectIterator`2[[Domain.Models.Category, Domain, Version=1.0.0.0, Culture=neutral, PublicKeyToken=null],[Application.DTOs.Menu.Categories.CategoryDto, Application, Version=1.0.0.0, Culture=neutral, PublicKeyToken=null]]'.
2026-08-23 21:59:02.340 +03:00 [INF] Executing OkObjectResult, writing value of type 'System.Linq.Enumerable+ListSelectIterator`2[[Domain.Models.MenuItem, Domain, Version=1.0.0.0, Culture=neutral, PublicKeyToken=null],[Application.DTOs.Menu.MenuItemDto, Application, Version=1.0.0.0, Culture=neutral, PublicKeyToken=null]]'.
2026-08-23 21:59:02.341 +03:00 [INF] Executed action Presentation.Controllers.CategoriesController.GetAllCategories (Presentation) in 5.9107ms
2026-08-23 21:59:02.342 +03:00 [INF] Executed action Presentation.Controllers.MenuItemsController.GetAllMenuItems (Presentation) in 5.3463ms
2026-08-23 21:59:02.342 +03:00 [INF] Executed endpoint 'Presentation.Controllers.CategoriesController.GetAllCategories (Presentation)'
2026-08-23 21:59:02.344 +03:00 [INF] Executed endpoint 'Presentation.Controllers.MenuItemsController.GetAllMenuItems (Presentation)'
2026-08-23 21:59:02.345 +03:00 [INF] Request starting HTTP/1.1 GET http://localhost:5279/api/Categories - null null
2026-08-23 21:59:02.345 +03:00 [INF] Request finished HTTP/1.1 GET http://localhost:5279/api/Categories - 200 null application/json; charset=utf-8 17.4015ms
2026-08-23 21:59:02.345 +03:00 [INF] Request starting HTTP/1.1 GET http://localhost:5279/api/MenuItems - null null
2026-08-23 21:59:02.345 +03:00 [INF] Request finished HTTP/1.1 GET http://localhost:5279/api/MenuItems - 200 null application/json; charset=utf-8 18.1123ms
2026-08-23 21:59:02.348 +03:00 [INF] Executing endpoint 'Presentation.Controllers.CategoriesController.GetAllCategories (Presentation)'
2026-08-23 21:59:02.352 +03:00 [INF] Executing endpoint 'Presentation.Controllers.MenuItemsController.GetAllMenuItems (Presentation)'
2026-08-23 21:59:02.354 +03:00 [INF] Route matched with {action = "GetAllCategories", controller = "Categories"}. Executing controller action with signature System.Threading.Tasks.Task`1[Microsoft.AspNetCore.Mvc.IActionResult] GetAllCategories() on controller Presentation.Controllers.CategoriesController (Presentation).
2026-08-23 21:59:02.356 +03:00 [INF] Route matched with {action = "GetAllMenuItems", controller = "MenuItems"}. Executing controller action with signature System.Threading.Tasks.Task`1[Microsoft.AspNetCore.Mvc.IActionResult] GetAllMenuItems(Application.DTOs.Menu.MenuFilterDto) on controller Presentation.Controllers.MenuItemsController (Presentation).
2026-08-23 21:59:02.359 +03:00 [INF] Executed DbCommand (1ms) [Parameters=[], CommandType='"Text"', CommandTimeout='30']
SELECT [c].[Id], [c].[Description], [c].[IsActive], [c].[Name]
FROM [Categories] AS [c]
2026-08-23 21:59:02.362 +03:00 [INF] Executing OkObjectResult, writing value of type 'System.Linq.Enumerable+ListSelectIterator`2[[Domain.Models.Category, Domain, Version=1.0.0.0, Culture=neutral, PublicKeyToken=null],[Application.DTOs.Menu.Categories.CategoryDto, Application, Version=1.0.0.0, Culture=neutral, PublicKeyToken=null]]'.
2026-08-23 21:59:02.362 +03:00 [INF] Executed DbCommand (2ms) [Parameters=[], CommandType='"Text"', CommandTimeout='30']
SELECT [m].[Id], [m].[CategoryId], [m].[CreatedAt], [m].[IsAvailable], [m].[IsSeasonalItem], [m].[Name], [m].[Price], [c].[Id], [c].[Description], [c].[IsActive], [c].[Name]
FROM [MenuItems] AS [m]
LEFT JOIN [Categories] AS [c] ON [m].[CategoryId] = [c].[Id]
2026-08-23 21:59:02.363 +03:00 [INF] Executed action Presentation.Controllers.CategoriesController.GetAllCategories (Presentation) in 5.4801ms
2026-08-23 21:59:02.364 +03:00 [INF] Executing OkObjectResult, writing value of type 'System.Linq.Enumerable+ListSelectIterator`2[[Domain.Models.MenuItem, Domain, Version=1.0.0.0, Culture=neutral, PublicKeyToken=null],[Application.DTOs.Menu.MenuItemDto, Application, Version=1.0.0.0, Culture=neutral, PublicKeyToken=null]]'.
2026-08-23 21:59:02.365 +03:00 [INF] Executed endpoint 'Presentation.Controllers.CategoriesController.GetAllCategories (Presentation)'
2026-08-23 21:59:02.366 +03:00 [INF] Executed action Presentation.Controllers.MenuItemsController.GetAllMenuItems (Presentation) in 6.9739ms
2026-08-23 21:59:02.367 +03:00 [INF] Request finished HTTP/1.1 GET http://localhost:5279/api/Categories - 200 null application/json; charset=utf-8 22.1308ms
2026-08-23 21:59:02.368 +03:00 [INF] Executed endpoint 'Presentation.Controllers.MenuItemsController.GetAllMenuItems (Presentation)'
2026-08-23 21:59:02.371 +03:00 [INF] Request finished HTTP/1.1 GET http://localhost:5279/api/MenuItems - 200 null application/json; charset=utf-8 26.5164ms
2026-08-23 21:59:26.883 +03:00 [INF] Request starting HTTP/1.1 GET http://localhost:5279/api/Orders - null null
2026-08-23 21:59:26.883 +03:00 [INF] Request starting HTTP/1.1 GET http://localhost:5279/api/MenuItems - null null
2026-08-23 21:59:26.886 +03:00 [INF] Executing endpoint 'Presentation.Controllers.OrdersController.GetAllOrders (Presentation)'
2026-08-23 21:59:26.887 +03:00 [INF] Executing endpoint 'Presentation.Controllers.MenuItemsController.GetAllMenuItems (Presentation)'
2026-08-23 21:59:26.888 +03:00 [INF] Route matched with {action = "GetAllOrders", controller = "Orders"}. Executing controller action with signature System.Threading.Tasks.Task`1[Microsoft.AspNetCore.Mvc.IActionResult] GetAllOrders(System.Nullable`1[Domain.Enums.OrderStatus]) on controller Presentation.Controllers.OrdersController (Presentation).
2026-08-23 21:59:26.888 +03:00 [INF] Route matched with {action = "GetAllMenuItems", controller = "MenuItems"}. Executing controller action with signature System.Threading.Tasks.Task`1[Microsoft.AspNetCore.Mvc.IActionResult] GetAllMenuItems(Application.DTOs.Menu.MenuFilterDto) on controller Presentation.Controllers.MenuItemsController (Presentation).
2026-08-23 21:59:26.892 +03:00 [INF] Executed DbCommand (2ms) [Parameters=[], CommandType='"Text"', CommandTimeout='30']
SELECT [o].[Id], [o].[CancellationReason], [o].[CancelledAt], [o].[CancelledBy], [o].[CreatedAt], [o].[DiscountAmount], [o].[FinalAmount], [o].[RowVersion], [o].[Status], [o].[TableId], [o].[TotalAmount], [o].[UpdatedAt], [o].[WaiterId], [r].[Id], [r].[Capacity], [r].[RowVersion], [r].[Status], [r].[TableNumber], [r].[WaiterId], [e].[Id], [e].[CreatedAt], [e].[Email], [e].[FullName], [e].[IsActive], [e].[PasswordHash], [e].[Phone], [e].[Role], [o0].[Id], [o0].[CancellationReason], [o0].[CancelledAt], [o0].[CancelledBy], [o0].[MenuItemId], [o0].[Notes], [o0].[OrderId], [o0].[Quantity], [o0].[Status], [o0].[UnitPrice]
FROM [Orders] AS [o]
INNER JOIN [RestaurantTables] AS [r] ON [o].[TableId] = [r].[Id]
INNER JOIN [Employees] AS [e] ON [o].[WaiterId] = [e].[Id]
LEFT JOIN [OrderItems] AS [o0] ON [o].[Id] = [o0].[OrderId]
ORDER BY [o].[Id], [r].[Id], [e].[Id]
2026-08-23 21:59:26.892 +03:00 [INF] Executed DbCommand (1ms) [Parameters=[], CommandType='"Text"', CommandTimeout='30']
SELECT [m].[Id], [m].[CategoryId], [m].[CreatedAt], [m].[IsAvailable], [m].[IsSeasonalItem], [m].[Name], [m].[Price], [c].[Id], [c].[Description], [c].[IsActive], [c].[Name]
FROM [MenuItems] AS [m]
LEFT JOIN [Categories] AS [c] ON [m].[CategoryId] = [c].[Id]
2026-08-23 21:59:26.894 +03:00 [INF] Executing OkObjectResult, writing value of type 'System.Linq.Enumerable+ListSelectIterator`2[[Domain.Models.Order, Domain, Version=1.0.0.0, Culture=neutral, PublicKeyToken=null],[Application.DTOs.Orders.OrderSummaryDto, Application, Version=1.0.0.0, Culture=neutral, PublicKeyToken=null]]'.
2026-08-23 21:59:26.895 +03:00 [INF] Executing OkObjectResult, writing value of type 'System.Linq.Enumerable+ListSelectIterator`2[[Domain.Models.MenuItem, Domain, Version=1.0.0.0, Culture=neutral, PublicKeyToken=null],[Application.DTOs.Menu.MenuItemDto, Application, Version=1.0.0.0, Culture=neutral, PublicKeyToken=null]]'.
2026-08-23 21:59:26.896 +03:00 [INF] Executed action Presentation.Controllers.OrdersController.GetAllOrders (Presentation) in 6.6132ms
2026-08-23 21:59:26.897 +03:00 [INF] Executed action Presentation.Controllers.MenuItemsController.GetAllMenuItems (Presentation) in 6.5052ms
2026-08-23 21:59:26.898 +03:00 [INF] Executed endpoint 'Presentation.Controllers.OrdersController.GetAllOrders (Presentation)'
2026-08-23 21:59:26.899 +03:00 [INF] Executed endpoint 'Presentation.Controllers.MenuItemsController.GetAllMenuItems (Presentation)'
2026-08-23 21:59:26.900 +03:00 [INF] Request starting HTTP/1.1 GET http://localhost:5279/api/Orders - null null
2026-08-23 21:59:26.900 +03:00 [INF] Request finished HTTP/1.1 GET http://localhost:5279/api/Orders - 200 null application/json; charset=utf-8 16.67ms
2026-08-23 21:59:26.900 +03:00 [INF] Request starting HTTP/1.1 GET http://localhost:5279/api/MenuItems - null null
2026-08-23 21:59:26.901 +03:00 [INF] Request finished HTTP/1.1 GET http://localhost:5279/api/MenuItems - 200 null application/json; charset=utf-8 17.69ms
2026-08-23 21:59:26.903 +03:00 [INF] Executing endpoint 'Presentation.Controllers.OrdersController.GetAllOrders (Presentation)'
2026-08-23 21:59:26.907 +03:00 [INF] Executing endpoint 'Presentation.Controllers.MenuItemsController.GetAllMenuItems (Presentation)'
2026-08-23 21:59:26.909 +03:00 [INF] Route matched with {action = "GetAllOrders", controller = "Orders"}. Executing controller action with signature System.Threading.Tasks.Task`1[Microsoft.AspNetCore.Mvc.IActionResult] GetAllOrders(System.Nullable`1[Domain.Enums.OrderStatus]) on controller Presentation.Controllers.OrdersController (Presentation).
2026-08-23 21:59:26.910 +03:00 [INF] Route matched with {action = "GetAllMenuItems", controller = "MenuItems"}. Executing controller action with signature System.Threading.Tasks.Task`1[Microsoft.AspNetCore.Mvc.IActionResult] GetAllMenuItems(Application.DTOs.Menu.MenuFilterDto) on controller Presentation.Controllers.MenuItemsController (Presentation).
2026-08-23 21:59:26.914 +03:00 [INF] Executed DbCommand (1ms) [Parameters=[], CommandType='"Text"', CommandTimeout='30']
SELECT [o].[Id], [o].[CancellationReason], [o].[CancelledAt], [o].[CancelledBy], [o].[CreatedAt], [o].[DiscountAmount], [o].[FinalAmount], [o].[RowVersion], [o].[Status], [o].[TableId], [o].[TotalAmount], [o].[UpdatedAt], [o].[WaiterId], [r].[Id], [r].[Capacity], [r].[RowVersion], [r].[Status], [r].[TableNumber], [r].[WaiterId], [e].[Id], [e].[CreatedAt], [e].[Email], [e].[FullName], [e].[IsActive], [e].[PasswordHash], [e].[Phone], [e].[Role], [o0].[Id], [o0].[CancellationReason], [o0].[CancelledAt], [o0].[CancelledBy], [o0].[MenuItemId], [o0].[Notes], [o0].[OrderId], [o0].[Quantity], [o0].[Status], [o0].[UnitPrice]
FROM [Orders] AS [o]
INNER JOIN [RestaurantTables] AS [r] ON [o].[TableId] = [r].[Id]
INNER JOIN [Employees] AS [e] ON [o].[WaiterId] = [e].[Id]
LEFT JOIN [OrderItems] AS [o0] ON [o].[Id] = [o0].[OrderId]
ORDER BY [o].[Id], [r].[Id], [e].[Id]
2026-08-23 21:59:26.914 +03:00 [INF] Executed DbCommand (0ms) [Parameters=[], CommandType='"Text"', CommandTimeout='30']
SELECT [m].[Id], [m].[CategoryId], [m].[CreatedAt], [m].[IsAvailable], [m].[IsSeasonalItem], [m].[Name], [m].[Price], [c].[Id], [c].[Description], [c].[IsActive], [c].[Name]
FROM [MenuItems] AS [m]
LEFT JOIN [Categories] AS [c] ON [m].[CategoryId] = [c].[Id]
2026-08-23 21:59:26.916 +03:00 [INF] Executing OkObjectResult, writing value of type 'System.Linq.Enumerable+ListSelectIterator`2[[Domain.Models.Order, Domain, Version=1.0.0.0, Culture=neutral, PublicKeyToken=null],[Application.DTOs.Orders.OrderSummaryDto, Application, Version=1.0.0.0, Culture=neutral, PublicKeyToken=null]]'.
2026-08-23 21:59:26.917 +03:00 [INF] Executing OkObjectResult, writing value of type 'System.Linq.Enumerable+ListSelectIterator`2[[Domain.Models.MenuItem, Domain, Version=1.0.0.0, Culture=neutral, PublicKeyToken=null],[Application.DTOs.Menu.MenuItemDto, Application, Version=1.0.0.0, Culture=neutral, PublicKeyToken=null]]'.
2026-08-23 21:59:26.918 +03:00 [INF] Executed action Presentation.Controllers.OrdersController.GetAllOrders (Presentation) in 6.4721ms
2026-08-23 21:59:26.919 +03:00 [INF] Executed action Presentation.Controllers.MenuItemsController.GetAllMenuItems (Presentation) in 6.0315ms
2026-08-23 21:59:26.920 +03:00 [INF] Executed endpoint 'Presentation.Controllers.OrdersController.GetAllOrders (Presentation)'
2026-08-23 21:59:26.921 +03:00 [INF] Executed endpoint 'Presentation.Controllers.MenuItemsController.GetAllMenuItems (Presentation)'
2026-08-23 21:59:26.921 +03:00 [INF] Request finished HTTP/1.1 GET http://localhost:5279/api/Orders - 200 null application/json; charset=utf-8 21.3447ms
2026-08-23 21:59:26.922 +03:00 [INF] Request finished HTTP/1.1 GET http://localhost:5279/api/MenuItems - 200 null application/json; charset=utf-8 21.9695ms
2026-08-23 21:59:44.947 +03:00 [INF] Request starting HTTP/1.1 POST http://localhost:5279/hubs/order/negotiate?negotiateVersion=1 - null 0
2026-08-23 21:59:44.948 +03:00 [INF] Request starting HTTP/1.1 POST http://localhost:5279/hubs/order/negotiate?negotiateVersion=1 - null 0
2026-08-23 21:59:44.948 +03:00 [INF] Request starting HTTP/1.1 GET http://localhost:5279/api/Orders - null null
2026-08-23 21:59:44.948 +03:00 [INF] Request starting HTTP/1.1 GET http://localhost:5279/api/MenuItems - null null
2026-08-23 21:59:44.949 +03:00 [INF] CORS policy execution successful.
2026-08-23 21:59:44.951 +03:00 [INF] CORS policy execution successful.
2026-08-23 21:59:44.954 +03:00 [INF] Executing endpoint 'Presentation.Controllers.OrdersController.GetAllOrders (Presentation)'
2026-08-23 21:59:44.956 +03:00 [INF] Executing endpoint 'Presentation.Controllers.MenuItemsController.GetAllMenuItems (Presentation)'
2026-08-23 21:59:44.957 +03:00 [INF] Executing endpoint '/hubs/order/negotiate'
2026-08-23 21:59:44.957 +03:00 [INF] Executing endpoint '/hubs/order/negotiate'
2026-08-23 21:59:44.958 +03:00 [INF] Route matched with {action = "GetAllOrders", controller = "Orders"}. Executing controller action with signature System.Threading.Tasks.Task`1[Microsoft.AspNetCore.Mvc.IActionResult] GetAllOrders(System.Nullable`1[Domain.Enums.OrderStatus]) on controller Presentation.Controllers.OrdersController (Presentation).
2026-08-23 21:59:44.959 +03:00 [INF] Route matched with {action = "GetAllMenuItems", controller = "MenuItems"}. Executing controller action with signature System.Threading.Tasks.Task`1[Microsoft.AspNetCore.Mvc.IActionResult] GetAllMenuItems(Application.DTOs.Menu.MenuFilterDto) on controller Presentation.Controllers.MenuItemsController (Presentation).
2026-08-23 21:59:44.960 +03:00 [INF] Executed endpoint '/hubs/order/negotiate'
2026-08-23 21:59:44.961 +03:00 [INF] Executed endpoint '/hubs/order/negotiate'
2026-08-23 21:59:44.965 +03:00 [INF] Executed DbCommand (1ms) [Parameters=[], CommandType='"Text"', CommandTimeout='30']
SELECT [o].[Id], [o].[CancellationReason], [o].[CancelledAt], [o].[CancelledBy], [o].[CreatedAt], [o].[DiscountAmount], [o].[FinalAmount], [o].[RowVersion], [o].[Status], [o].[TableId], [o].[TotalAmount], [o].[UpdatedAt], [o].[WaiterId], [r].[Id], [r].[Capacity], [r].[RowVersion], [r].[Status], [r].[TableNumber], [r].[WaiterId], [e].[Id], [e].[CreatedAt], [e].[Email], [e].[FullName], [e].[IsActive], [e].[PasswordHash], [e].[Phone], [e].[Role], [o0].[Id], [o0].[CancellationReason], [o0].[CancelledAt], [o0].[CancelledBy], [o0].[MenuItemId], [o0].[Notes], [o0].[OrderId], [o0].[Quantity], [o0].[Status], [o0].[UnitPrice]
FROM [Orders] AS [o]
INNER JOIN [RestaurantTables] AS [r] ON [o].[TableId] = [r].[Id]
INNER JOIN [Employees] AS [e] ON [o].[WaiterId] = [e].[Id]
LEFT JOIN [OrderItems] AS [o0] ON [o].[Id] = [o0].[OrderId]
ORDER BY [o].[Id], [r].[Id], [e].[Id]
2026-08-23 21:59:44.965 +03:00 [INF] Request finished HTTP/1.1 POST http://localhost:5279/hubs/order/negotiate?negotiateVersion=1 - 200 316 application/json 18.0139ms
2026-08-23 21:59:44.965 +03:00 [INF] Executed DbCommand (0ms) [Parameters=[], CommandType='"Text"', CommandTimeout='30']
SELECT [m].[Id], [m].[CategoryId], [m].[CreatedAt], [m].[IsAvailable], [m].[IsSeasonalItem], [m].[Name], [m].[Price], [c].[Id], [c].[Description], [c].[IsActive], [c].[Name]
FROM [MenuItems] AS [m]
LEFT JOIN [Categories] AS [c] ON [m].[CategoryId] = [c].[Id]
2026-08-23 21:59:44.966 +03:00 [INF] Request finished HTTP/1.1 POST http://localhost:5279/hubs/order/negotiate?negotiateVersion=1 - 200 316 application/json 18.2497ms
2026-08-23 21:59:44.966 +03:00 [INF] Request starting HTTP/1.1 GET http://localhost:5279/hubs/order?id=BK-1ROtp-wyzSuXYT8aaaQ&access_token=eyJhbGciOiJIUzI1NiIsInR5cCI6IkpXVCJ9.eyJuYW1laWQiOiI3IiwidW5pcXVlX25hbWUiOiJDaGVmIFN0YWZmIiwiZW1haWwiOiJjaGVmQGFsYXJpcy5jb20iLCJyb2xlIjoiQ2hlZiIsIm5iZiI6MTc4NzUxMTUzOSwiZXhwIjoxNzg3NTQwMzM5LCJpYXQiOjE3ODc1MTE1MzksImlzcyI6IlJlc3RhdXJhbnRQT1MiLCJhdWQiOiJSZXN0YXVyYW50UE9TVXNlcnMifQ.L4VLAT8tmpkT8YSTi09npVkJ9Z2WfIXhSA5pk6GnQ7M - null null
2026-08-23 21:59:44.969 +03:00 [INF] Executing OkObjectResult, writing value of type 'System.Linq.Enumerable+ListSelectIterator`2[[Domain.Models.Order, Domain, Version=1.0.0.0, Culture=neutral, PublicKeyToken=null],[Application.DTOs.Orders.OrderSummaryDto, Application, Version=1.0.0.0, Culture=neutral, PublicKeyToken=null]]'.
2026-08-23 21:59:44.973 +03:00 [INF] Executing OkObjectResult, writing value of type 'System.Linq.Enumerable+ListSelectIterator`2[[Domain.Models.MenuItem, Domain, Version=1.0.0.0, Culture=neutral, PublicKeyToken=null],[Application.DTOs.Menu.MenuItemDto, Application, Version=1.0.0.0, Culture=neutral, PublicKeyToken=null]]'.
2026-08-23 21:59:44.977 +03:00 [INF] CORS policy execution successful.
2026-08-23 21:59:44.978 +03:00 [INF] Executed action Presentation.Controllers.OrdersController.GetAllOrders (Presentation) in 15.9892ms
2026-08-23 21:59:44.980 +03:00 [INF] Executed action Presentation.Controllers.MenuItemsController.GetAllMenuItems (Presentation) in 15.7105ms
2026-08-23 21:59:44.981 +03:00 [INF] Executing endpoint '/hubs/order'
2026-08-23 21:59:44.981 +03:00 [INF] Executed endpoint 'Presentation.Controllers.OrdersController.GetAllOrders (Presentation)'
2026-08-23 21:59:44.982 +03:00 [INF] Request starting HTTP/1.1 GET http://localhost:5279/api/Orders - null null
2026-08-23 21:59:44.982 +03:00 [INF] Request starting HTTP/1.1 GET http://localhost:5279/api/MenuItems - null null
2026-08-23 21:59:44.983 +03:00 [INF] Executed endpoint 'Presentation.Controllers.MenuItemsController.GetAllMenuItems (Presentation)'
2026-08-23 21:59:44.984 +03:00 [INF] Request finished HTTP/1.1 GET http://localhost:5279/api/Orders - 200 null application/json; charset=utf-8 36.0997ms
2026-08-23 21:59:44.986 +03:00 [INF] Executing endpoint 'Presentation.Controllers.OrdersController.GetAllOrders (Presentation)'
2026-08-23 21:59:44.988 +03:00 [INF] Executing endpoint 'Presentation.Controllers.MenuItemsController.GetAllMenuItems (Presentation)'
2026-08-23 21:59:44.989 +03:00 [INF] Request finished HTTP/1.1 GET http://localhost:5279/api/MenuItems - 200 null application/json; charset=utf-8 40.5742ms
2026-08-23 21:59:44.992 +03:00 [INF] Route matched with {action = "GetAllOrders", controller = "Orders"}. Executing controller action with signature System.Threading.Tasks.Task`1[Microsoft.AspNetCore.Mvc.IActionResult] GetAllOrders(System.Nullable`1[Domain.Enums.OrderStatus]) on controller Presentation.Controllers.OrdersController (Presentation).
2026-08-23 21:59:44.993 +03:00 [INF] Route matched with {action = "GetAllMenuItems", controller = "MenuItems"}. Executing controller action with signature System.Threading.Tasks.Task`1[Microsoft.AspNetCore.Mvc.IActionResult] GetAllMenuItems(Application.DTOs.Menu.MenuFilterDto) on controller Presentation.Controllers.MenuItemsController (Presentation).
2026-08-23 21:59:44.998 +03:00 [INF] Executed DbCommand (1ms) [Parameters=[], CommandType='"Text"', CommandTimeout='30']
SELECT [o].[Id], [o].[CancellationReason], [o].[CancelledAt], [o].[CancelledBy], [o].[CreatedAt], [o].[DiscountAmount], [o].[FinalAmount], [o].[RowVersion], [o].[Status], [o].[TableId], [o].[TotalAmount], [o].[UpdatedAt], [o].[WaiterId], [r].[Id], [r].[Capacity], [r].[RowVersion], [r].[Status], [r].[TableNumber], [r].[WaiterId], [e].[Id], [e].[CreatedAt], [e].[Email], [e].[FullName], [e].[IsActive], [e].[PasswordHash], [e].[Phone], [e].[Role], [o0].[Id], [o0].[CancellationReason], [o0].[CancelledAt], [o0].[CancelledBy], [o0].[MenuItemId], [o0].[Notes], [o0].[OrderId], [o0].[Quantity], [o0].[Status], [o0].[UnitPrice]
FROM [Orders] AS [o]
INNER JOIN [RestaurantTables] AS [r] ON [o].[TableId] = [r].[Id]
INNER JOIN [Employees] AS [e] ON [o].[WaiterId] = [e].[Id]
LEFT JOIN [OrderItems] AS [o0] ON [o].[Id] = [o0].[OrderId]
ORDER BY [o].[Id], [r].[Id], [e].[Id]
2026-08-23 21:59:44.999 +03:00 [INF] Executed DbCommand (0ms) [Parameters=[], CommandType='"Text"', CommandTimeout='30']
SELECT [m].[Id], [m].[CategoryId], [m].[CreatedAt], [m].[IsAvailable], [m].[IsSeasonalItem], [m].[Name], [m].[Price], [c].[Id], [c].[Description], [c].[IsActive], [c].[Name]
FROM [MenuItems] AS [m]
LEFT JOIN [Categories] AS [c] ON [m].[CategoryId] = [c].[Id]
2026-08-23 21:59:45.001 +03:00 [INF] Executing OkObjectResult, writing value of type 'System.Linq.Enumerable+ListSelectIterator`2[[Domain.Models.Order, Domain, Version=1.0.0.0, Culture=neutral, PublicKeyToken=null],[Application.DTOs.Orders.OrderSummaryDto, Application, Version=1.0.0.0, Culture=neutral, PublicKeyToken=null]]'.
2026-08-23 21:59:45.002 +03:00 [INF] Executing OkObjectResult, writing value of type 'System.Linq.Enumerable+ListSelectIterator`2[[Domain.Models.MenuItem, Domain, Version=1.0.0.0, Culture=neutral, PublicKeyToken=null],[Application.DTOs.Menu.MenuItemDto, Application, Version=1.0.0.0, Culture=neutral, PublicKeyToken=null]]'.
2026-08-23 21:59:45.003 +03:00 [INF] Executed action Presentation.Controllers.OrdersController.GetAllOrders (Presentation) in 6.4955ms
2026-08-23 21:59:45.004 +03:00 [INF] Executed action Presentation.Controllers.MenuItemsController.GetAllMenuItems (Presentation) in 5.8697ms
2026-08-23 21:59:45.005 +03:00 [INF] Executed endpoint 'Presentation.Controllers.OrdersController.GetAllOrders (Presentation)'
2026-08-23 21:59:45.005 +03:00 [INF] Request starting HTTP/1.1 GET http://localhost:5279/hubs/order?id=v1z_SsGRuB6IkwrCCPch_Q&access_token=eyJhbGciOiJIUzI1NiIsInR5cCI6IkpXVCJ9.eyJuYW1laWQiOiI3IiwidW5pcXVlX25hbWUiOiJDaGVmIFN0YWZmIiwiZW1haWwiOiJjaGVmQGFsYXJpcy5jb20iLCJyb2xlIjoiQ2hlZiIsIm5iZiI6MTc4NzUxMTUzOSwiZXhwIjoxNzg3NTQwMzM5LCJpYXQiOjE3ODc1MTE1MzksImlzcyI6IlJlc3RhdXJhbnRQT1MiLCJhdWQiOiJSZXN0YXVyYW50UE9TVXNlcnMifQ.L4VLAT8tmpkT8YSTi09npVkJ9Z2WfIXhSA5pk6GnQ7M - null null
2026-08-23 21:59:45.006 +03:00 [INF] Executed endpoint 'Presentation.Controllers.MenuItemsController.GetAllMenuItems (Presentation)'
2026-08-23 21:59:45.006 +03:00 [INF] Request finished HTTP/1.1 GET http://localhost:5279/api/Orders - 200 null application/json; charset=utf-8 24.8089ms
2026-08-23 21:59:45.008 +03:00 [INF] CORS policy execution successful.
2026-08-23 21:59:45.009 +03:00 [INF] Request finished HTTP/1.1 GET http://localhost:5279/api/MenuItems - 200 null application/json; charset=utf-8 26.8806ms
2026-08-23 21:59:45.012 +03:00 [INF] Executing endpoint '/hubs/order'
2026-08-23 21:59:49.456 +03:00 [INF] Request starting HTTP/1.1 POST http://localhost:5279/api/Auth/login - application/json 56
2026-08-23 21:59:49.457 +03:00 [INF] CORS policy execution successful.
2026-08-23 21:59:49.457 +03:00 [INF] Executing endpoint 'Presentation.Controllers.AuthController.Login (Presentation)'
2026-08-23 21:59:49.458 +03:00 [INF] Route matched with {action = "Login", controller = "Auth"}. Executing controller action with signature System.Threading.Tasks.Task`1[Microsoft.AspNetCore.Mvc.IActionResult] Login(Application.DTOs.Authentication.LoginDto) on controller Presentation.Controllers.AuthController (Presentation).
2026-08-23 21:59:49.462 +03:00 [INF] Executed DbCommand (0ms) [Parameters=[@__dto_Email_0='?' (Size = 255)], CommandType='"Text"', CommandTimeout='30']
SELECT TOP(2) [e].[Id], [e].[CreatedAt], [e].[Email], [e].[FullName], [e].[IsActive], [e].[PasswordHash], [e].[Phone], [e].[Role]
FROM [Employees] AS [e]
WHERE [e].[Email] = @__dto_Email_0
2026-08-23 21:59:49.464 +03:00 [INF] Executing OkObjectResult, writing value of type 'Application.DTOs.Authentication.AuthResponseDto'.
2026-08-23 21:59:49.465 +03:00 [INF] Executed action Presentation.Controllers.AuthController.Login (Presentation) in 6.1361ms
2026-08-23 21:59:49.465 +03:00 [INF] Executed endpoint 'Presentation.Controllers.AuthController.Login (Presentation)'
2026-08-23 21:59:49.466 +03:00 [INF] Request finished HTTP/1.1 POST http://localhost:5279/api/Auth/login - 200 null application/json; charset=utf-8 10.202ms
2026-08-23 21:59:49.486 +03:00 [INF] Request starting HTTP/1.1 GET http://localhost:5279/api/Tables - null null
2026-08-23 21:59:49.489 +03:00 [INF] Executing endpoint 'Presentation.Controllers.TablesController.GetAllTables (Presentation)'
2026-08-23 21:59:49.490 +03:00 [INF] Route matched with {action = "GetAllTables", controller = "Tables"}. Executing controller action with signature System.Threading.Tasks.Task`1[Microsoft.AspNetCore.Mvc.IActionResult] GetAllTables(System.Nullable`1[Domain.Enums.TableStatus]) on controller Presentation.Controllers.TablesController (Presentation).
2026-08-23 21:59:49.494 +03:00 [INF] Executed DbCommand (1ms) [Parameters=[], CommandType='"Text"', CommandTimeout='30']
SELECT [r].[Id], [r].[Capacity], [r].[RowVersion], [r].[Status], [r].[TableNumber], [r].[WaiterId], [e].[Id], [e].[CreatedAt], [e].[Email], [e].[FullName], [e].[IsActive], [e].[PasswordHash], [e].[Phone], [e].[Role]
FROM [RestaurantTables] AS [r]
LEFT JOIN [Employees] AS [e] ON [r].[WaiterId] = [e].[Id]
2026-08-23 21:59:49.497 +03:00 [INF] Executing OkObjectResult, writing value of type 'System.Linq.Enumerable+ListSelectIterator`2[[Domain.Models.RestaurantTable, Domain, Version=1.0.0.0, Culture=neutral, PublicKeyToken=null],[Application.DTOs.Tables.TableSummaryDto, Application, Version=1.0.0.0, Culture=neutral, PublicKeyToken=null]]'.
2026-08-23 21:59:49.498 +03:00 [INF] Executed action Presentation.Controllers.TablesController.GetAllTables (Presentation) in 5.595ms
2026-08-23 21:59:49.499 +03:00 [INF] Executed endpoint 'Presentation.Controllers.TablesController.GetAllTables (Presentation)'
2026-08-23 21:59:49.499 +03:00 [INF] Request finished HTTP/1.1 GET http://localhost:5279/api/Tables - 200 null application/json; charset=utf-8 13.5234ms
2026-08-23 21:59:49.501 +03:00 [INF] Request starting HTTP/1.1 GET http://localhost:5279/api/Tables - null null
2026-08-23 21:59:49.504 +03:00 [INF] Executing endpoint 'Presentation.Controllers.TablesController.GetAllTables (Presentation)'
2026-08-23 21:59:49.504 +03:00 [INF] Route matched with {action = "GetAllTables", controller = "Tables"}. Executing controller action with signature System.Threading.Tasks.Task`1[Microsoft.AspNetCore.Mvc.IActionResult] GetAllTables(System.Nullable`1[Domain.Enums.TableStatus]) on controller Presentation.Controllers.TablesController (Presentation).
2026-08-23 21:59:49.507 +03:00 [INF] Executed DbCommand (1ms) [Parameters=[], CommandType='"Text"', CommandTimeout='30']
SELECT [r].[Id], [r].[Capacity], [r].[RowVersion], [r].[Status], [r].[TableNumber], [r].[WaiterId], [e].[Id], [e].[CreatedAt], [e].[Email], [e].[FullName], [e].[IsActive], [e].[PasswordHash], [e].[Phone], [e].[Role]
FROM [RestaurantTables] AS [r]
LEFT JOIN [Employees] AS [e] ON [r].[WaiterId] = [e].[Id]
2026-08-23 21:59:49.509 +03:00 [INF] Executing OkObjectResult, writing value of type 'System.Linq.Enumerable+ListSelectIterator`2[[Domain.Models.RestaurantTable, Domain, Version=1.0.0.0, Culture=neutral, PublicKeyToken=null],[Application.DTOs.Tables.TableSummaryDto, Application, Version=1.0.0.0, Culture=neutral, PublicKeyToken=null]]'.
2026-08-23 21:59:49.510 +03:00 [INF] Executed action Presentation.Controllers.TablesController.GetAllTables (Presentation) in 4.5805ms
2026-08-23 21:59:49.511 +03:00 [INF] Executed endpoint 'Presentation.Controllers.TablesController.GetAllTables (Presentation)'
2026-08-23 21:59:49.512 +03:00 [INF] Request finished HTTP/1.1 GET http://localhost:5279/api/Tables - 200 null application/json; charset=utf-8 11.5343ms
2026-08-23 21:59:51.916 +03:00 [INF] Request starting HTTP/1.1 GET http://localhost:5279/api/Reports/top-selling?from=2026-07-24&to=2026-08-23&topN=10 - null null
2026-08-23 21:59:51.916 +03:00 [INF] Request starting HTTP/1.1 GET http://localhost:5279/api/Reports/sales?from=2026-07-24&to=2026-08-23 - null null
2026-08-23 21:59:51.919 +03:00 [INF] Executing endpoint 'Presentation.Controllers.ReportsController.GetTopSellingItems (Presentation)'
2026-08-23 21:59:51.920 +03:00 [INF] Executing endpoint 'Presentation.Controllers.ReportsController.GetSalesReport (Presentation)'
2026-08-23 21:59:51.922 +03:00 [INF] Route matched with {action = "GetTopSellingItems", controller = "Reports"}. Executing controller action with signature System.Threading.Tasks.Task`1[Microsoft.AspNetCore.Mvc.IActionResult] GetTopSellingItems(System.DateTime, System.DateTime, Int32) on controller Presentation.Controllers.ReportsController (Presentation).
2026-08-23 21:59:51.923 +03:00 [INF] Route matched with {action = "GetSalesReport", controller = "Reports"}. Executing controller action with signature System.Threading.Tasks.Task`1[Microsoft.AspNetCore.Mvc.IActionResult] GetSalesReport(System.DateTime, System.DateTime) on controller Presentation.Controllers.ReportsController (Presentation).
2026-08-23 21:59:51.992 +03:00 [INF] Executed DbCommand (25ms) [Parameters=[@__from_0='?' (DbType = DateTime2), @__to_1='?' (DbType = DateTime2)], CommandType='"Text"', CommandTimeout='30']
SELECT [o].[Id], [o].[CancellationReason], [o].[CancelledAt], [o].[CancelledBy], [o].[CreatedAt], [o].[DiscountAmount], [o].[FinalAmount], [o].[RowVersion], [o].[Status], [o].[TableId], [o].[TotalAmount], [o].[UpdatedAt], [o].[WaiterId], [r].[Id], [r].[Capacity], [r].[RowVersion], [r].[Status], [r].[TableNumber], [r].[WaiterId], [e].[Id], [e].[CreatedAt], [e].[Email], [e].[FullName], [e].[IsActive], [e].[PasswordHash], [e].[Phone], [e].[Role], [p].[Id], [p].[CashierId], [p].[DiscountAmount], [p].[FinalAmount], [p].[OrderId], [p].[PaidAt], [p].[PaymentMethod], [p].[ReceiptNumber], [p].[TotalAmount]
FROM [Orders] AS [o]
INNER JOIN [RestaurantTables] AS [r] ON [o].[TableId] = [r].[Id]
INNER JOIN [Employees] AS [e] ON [o].[WaiterId] = [e].[Id]
LEFT JOIN [Payments] AS [p] ON [o].[Id] = [p].[OrderId]
WHERE [o].[Status] = 6 AND [o].[CreatedAt] >= @__from_0 AND [o].[CreatedAt] <= @__to_1
ORDER BY [o].[Id], [r].[Id], [e].[Id]
2026-08-23 21:59:51.999 +03:00 [INF] Executed DbCommand (24ms) [Parameters=[@__p_2='?' (DbType = Int32), @__from_0='?' (DbType = DateTime2), @__to_1='?' (DbType = DateTime2)], CommandType='"Text"', CommandTimeout='30']
SELECT TOP(@__p_2) [o].[MenuItemId], [m].[Name] AS [MenuItemName], COALESCE(SUM([o].[Quantity]), 0) AS [TotalQuantitySold], COALESCE(SUM(CAST([o].[Quantity] AS decimal(18,2)) * [o].[UnitPrice]), 0.0) AS [TotalRevenue]
FROM [OrderItems] AS [o]
INNER JOIN [Orders] AS [o0] ON [o].[OrderId] = [o0].[Id]
INNER JOIN [MenuItems] AS [m] ON [o].[MenuItemId] = [m].[Id]
WHERE [o0].[Status] = 6 AND [o0].[CreatedAt] >= @__from_0 AND [o0].[CreatedAt] <= @__to_1 AND [o].[Status] <> 5 AND [o].[Status] <> 6
GROUP BY [o].[MenuItemId], [m].[Name]
ORDER BY COALESCE(SUM([o].[Quantity]), 0) DESC
2026-08-23 21:59:52.002 +03:00 [INF] Executing OkObjectResult, writing value of type 'System.Collections.Generic.List`1[[Application.DTOs.Reports.TopSellingItemDto, Application, Version=1.0.0.0, Culture=neutral, PublicKeyToken=null]]'.
2026-08-23 21:59:52.004 +03:00 [INF] Executed action Presentation.Controllers.ReportsController.GetTopSellingItems (Presentation) in 80.744ms
2026-08-23 21:59:52.004 +03:00 [INF] Executed endpoint 'Presentation.Controllers.ReportsController.GetTopSellingItems (Presentation)'
2026-08-23 21:59:52.005 +03:00 [INF] Request finished HTTP/1.1 GET http://localhost:5279/api/Reports/top-selling?from=2026-07-24&to=2026-08-23&topN=10 - 200 null application/json; charset=utf-8 89.274ms
2026-08-23 21:59:52.006 +03:00 [INF] Request starting HTTP/1.1 GET http://localhost:5279/api/Reports/top-selling?from=2026-07-24&to=2026-08-23&topN=10 - null null
2026-08-23 21:59:52.008 +03:00 [INF] Executing endpoint 'Presentation.Controllers.ReportsController.GetTopSellingItems (Presentation)'
2026-08-23 21:59:52.008 +03:00 [INF] Route matched with {action = "GetTopSellingItems", controller = "Reports"}. Executing controller action with signature System.Threading.Tasks.Task`1[Microsoft.AspNetCore.Mvc.IActionResult] GetTopSellingItems(System.DateTime, System.DateTime, Int32) on controller Presentation.Controllers.ReportsController (Presentation).
2026-08-23 21:59:52.013 +03:00 [INF] Executed DbCommand (2ms) [Parameters=[@__p_2='?' (DbType = Int32), @__from_0='?' (DbType = DateTime2), @__to_1='?' (DbType = DateTime2)], CommandType='"Text"', CommandTimeout='30']
SELECT TOP(@__p_2) [o].[MenuItemId], [m].[Name] AS [MenuItemName], COALESCE(SUM([o].[Quantity]), 0) AS [TotalQuantitySold], COALESCE(SUM(CAST([o].[Quantity] AS decimal(18,2)) * [o].[UnitPrice]), 0.0) AS [TotalRevenue]
FROM [OrderItems] AS [o]
INNER JOIN [Orders] AS [o0] ON [o].[OrderId] = [o0].[Id]
INNER JOIN [MenuItems] AS [m] ON [o].[MenuItemId] = [m].[Id]
WHERE [o0].[Status] = 6 AND [o0].[CreatedAt] >= @__from_0 AND [o0].[CreatedAt] <= @__to_1 AND [o].[Status] <> 5 AND [o].[Status] <> 6
GROUP BY [o].[MenuItemId], [m].[Name]
ORDER BY COALESCE(SUM([o].[Quantity]), 0) DESC
2026-08-23 21:59:52.014 +03:00 [INF] Executing OkObjectResult, writing value of type 'System.Collections.Generic.List`1[[Application.DTOs.Reports.TopSellingItemDto, Application, Version=1.0.0.0, Culture=neutral, PublicKeyToken=null]]'.
2026-08-23 21:59:52.015 +03:00 [INF] Executed action Presentation.Controllers.ReportsController.GetTopSellingItems (Presentation) in 5.6189ms
2026-08-23 21:59:52.015 +03:00 [INF] Executed endpoint 'Presentation.Controllers.ReportsController.GetTopSellingItems (Presentation)'
2026-08-23 21:59:52.015 +03:00 [INF] Executed DbCommand (4ms) [Parameters=[@__from_0='?' (DbType = DateTime2), @__to_1='?' (DbType = DateTime2)], CommandType='"Text"', CommandTimeout='30']
SELECT [p].[Id], [p].[CashierId], [p].[DiscountAmount], [p].[FinalAmount], [p].[OrderId], [p].[PaidAt], [p].[PaymentMethod], [p].[ReceiptNumber], [p].[TotalAmount]
FROM [Payments] AS [p]
WHERE [p].[PaidAt] >= @__from_0 AND [p].[PaidAt] <= @__to_1
2026-08-23 21:59:52.016 +03:00 [INF] Request finished HTTP/1.1 GET http://localhost:5279/api/Reports/top-selling?from=2026-07-24&to=2026-08-23&topN=10 - 200 null application/json; charset=utf-8 9.7846ms
2026-08-23 21:59:52.026 +03:00 [INF] Executed DbCommand (3ms) [Parameters=[@__from_0='?' (DbType = DateTime2), @__to_1='?' (DbType = DateTime2)], CommandType='"Text"', CommandTimeout='30']
SELECT [r].[Id], [r].[Amount], [r].[ApprovedBy], [r].[PaymentId], [r].[RefundDetail], [r].[RefundType], [r].[RefundedAt]
FROM [Refunds] AS [r]
WHERE [r].[RefundedAt] >= @__from_0 AND [r].[RefundedAt] <= @__to_1
2026-08-23 21:59:52.044 +03:00 [INF] Executed DbCommand (6ms) [Parameters=[@__from_0='?' (DbType = DateTime2), @__to_1='?' (DbType = DateTime2)], CommandType='"Text"', CommandTimeout='30']
SELECT [f].[Id], [f].[Amount], [f].[CreatedAt], [f].[Description], [f].[RecordDate], [f].[Type]
FROM [FinancialRecords] AS [f]
WHERE [f].[Type] = N'Expense' AND [f].[RecordDate] >= @__from_0 AND [f].[RecordDate] <= @__to_1
2026-08-23 21:59:52.068 +03:00 [INF] Executed DbCommand (1ms) [Parameters=[@__p_2='?' (DbType = Int32), @__from_0='?' (DbType = DateTime2), @__to_1='?' (DbType = DateTime2)], CommandType='"Text"', CommandTimeout='30']
SELECT TOP(@__p_2) [o].[MenuItemId], [m].[Name] AS [MenuItemName], COALESCE(SUM([o].[Quantity]), 0) AS [TotalQuantitySold], COALESCE(SUM(CAST([o].[Quantity] AS decimal(18,2)) * [o].[UnitPrice]), 0.0) AS [TotalRevenue]
FROM [OrderItems] AS [o]
INNER JOIN [Orders] AS [o0] ON [o].[OrderId] = [o0].[Id]
INNER JOIN [MenuItems] AS [m] ON [o].[MenuItemId] = [m].[Id]
WHERE [o0].[Status] = 6 AND [o0].[CreatedAt] >= @__from_0 AND [o0].[CreatedAt] <= @__to_1 AND [o].[Status] <> 5 AND [o].[Status] <> 6
GROUP BY [o].[MenuItemId], [m].[Name]
ORDER BY COALESCE(SUM([o].[Quantity]), 0) DESC
2026-08-23 21:59:52.073 +03:00 [INF] Executing OkObjectResult, writing value of type 'Application.DTOs.Reports.SalesReportDto'.
2026-08-23 21:59:52.083 +03:00 [INF] Executed action Presentation.Controllers.ReportsController.GetSalesReport (Presentation) in 158.6422ms
2026-08-23 21:59:52.084 +03:00 [INF] Executed endpoint 'Presentation.Controllers.ReportsController.GetSalesReport (Presentation)'
2026-08-23 21:59:52.085 +03:00 [INF] Request finished HTTP/1.1 GET http://localhost:5279/api/Reports/sales?from=2026-07-24&to=2026-08-23 - 200 null application/json; charset=utf-8 169.4042ms
2026-08-23 21:59:52.086 +03:00 [INF] Request starting HTTP/1.1 GET http://localhost:5279/api/Reports/sales?from=2026-07-24&to=2026-08-23 - null null
2026-08-23 21:59:52.090 +03:00 [INF] Executing endpoint 'Presentation.Controllers.ReportsController.GetSalesReport (Presentation)'
2026-08-23 21:59:52.091 +03:00 [INF] Route matched with {action = "GetSalesReport", controller = "Reports"}. Executing controller action with signature System.Threading.Tasks.Task`1[Microsoft.AspNetCore.Mvc.IActionResult] GetSalesReport(System.DateTime, System.DateTime) on controller Presentation.Controllers.ReportsController (Presentation).
2026-08-23 21:59:52.094 +03:00 [INF] Executed DbCommand (1ms) [Parameters=[@__from_0='?' (DbType = DateTime2), @__to_1='?' (DbType = DateTime2)], CommandType='"Text"', CommandTimeout='30']
SELECT [o].[Id], [o].[CancellationReason], [o].[CancelledAt], [o].[CancelledBy], [o].[CreatedAt], [o].[DiscountAmount], [o].[FinalAmount], [o].[RowVersion], [o].[Status], [o].[TableId], [o].[TotalAmount], [o].[UpdatedAt], [o].[WaiterId], [r].[Id], [r].[Capacity], [r].[RowVersion], [r].[Status], [r].[TableNumber], [r].[WaiterId], [e].[Id], [e].[CreatedAt], [e].[Email], [e].[FullName], [e].[IsActive], [e].[PasswordHash], [e].[Phone], [e].[Role], [p].[Id], [p].[CashierId], [p].[DiscountAmount], [p].[FinalAmount], [p].[OrderId], [p].[PaidAt], [p].[PaymentMethod], [p].[ReceiptNumber], [p].[TotalAmount]
FROM [Orders] AS [o]
INNER JOIN [RestaurantTables] AS [r] ON [o].[TableId] = [r].[Id]
INNER JOIN [Employees] AS [e] ON [o].[WaiterId] = [e].[Id]
LEFT JOIN [Payments] AS [p] ON [o].[Id] = [p].[OrderId]
WHERE [o].[Status] = 6 AND [o].[CreatedAt] >= @__from_0 AND [o].[CreatedAt] <= @__to_1
ORDER BY [o].[Id], [r].[Id], [e].[Id]
2026-08-23 21:59:52.097 +03:00 [INF] Executed DbCommand (0ms) [Parameters=[@__from_0='?' (DbType = DateTime2), @__to_1='?' (DbType = DateTime2)], CommandType='"Text"', CommandTimeout='30']
SELECT [p].[Id], [p].[CashierId], [p].[DiscountAmount], [p].[FinalAmount], [p].[OrderId], [p].[PaidAt], [p].[PaymentMethod], [p].[ReceiptNumber], [p].[TotalAmount]
FROM [Payments] AS [p]
WHERE [p].[PaidAt] >= @__from_0 AND [p].[PaidAt] <= @__to_1
2026-08-23 21:59:52.099 +03:00 [INF] Executed DbCommand (0ms) [Parameters=[@__from_0='?' (DbType = DateTime2), @__to_1='?' (DbType = DateTime2)], CommandType='"Text"', CommandTimeout='30']
SELECT [r].[Id], [r].[Amount], [r].[ApprovedBy], [r].[PaymentId], [r].[RefundDetail], [r].[RefundType], [r].[RefundedAt]
FROM [Refunds] AS [r]
WHERE [r].[RefundedAt] >= @__from_0 AND [r].[RefundedAt] <= @__to_1
2026-08-23 21:59:52.102 +03:00 [INF] Executed DbCommand (1ms) [Parameters=[@__from_0='?' (DbType = DateTime2), @__to_1='?' (DbType = DateTime2)], CommandType='"Text"', CommandTimeout='30']
SELECT [f].[Id], [f].[Amount], [f].[CreatedAt], [f].[Description], [f].[RecordDate], [f].[Type]
FROM [FinancialRecords] AS [f]
WHERE [f].[Type] = N'Expense' AND [f].[RecordDate] >= @__from_0 AND [f].[RecordDate] <= @__to_1
2026-08-23 21:59:52.105 +03:00 [INF] Executed DbCommand (1ms) [Parameters=[@__p_2='?' (DbType = Int32), @__from_0='?' (DbType = DateTime2), @__to_1='?' (DbType = DateTime2)], CommandType='"Text"', CommandTimeout='30']
SELECT TOP(@__p_2) [o].[MenuItemId], [m].[Name] AS [MenuItemName], COALESCE(SUM([o].[Quantity]), 0) AS [TotalQuantitySold], COALESCE(SUM(CAST([o].[Quantity] AS decimal(18,2)) * [o].[UnitPrice]), 0.0) AS [TotalRevenue]
FROM [OrderItems] AS [o]
INNER JOIN [Orders] AS [o0] ON [o].[OrderId] = [o0].[Id]
INNER JOIN [MenuItems] AS [m] ON [o].[MenuItemId] = [m].[Id]
WHERE [o0].[Status] = 6 AND [o0].[CreatedAt] >= @__from_0 AND [o0].[CreatedAt] <= @__to_1 AND [o].[Status] <> 5 AND [o].[Status] <> 6
GROUP BY [o].[MenuItemId], [m].[Name]
ORDER BY COALESCE(SUM([o].[Quantity]), 0) DESC
2026-08-23 21:59:52.107 +03:00 [INF] Executing OkObjectResult, writing value of type 'Application.DTOs.Reports.SalesReportDto'.
2026-08-23 21:59:52.109 +03:00 [INF] Executed action Presentation.Controllers.ReportsController.GetSalesReport (Presentation) in 16.9246ms
2026-08-23 21:59:52.110 +03:00 [INF] Executed endpoint 'Presentation.Controllers.ReportsController.GetSalesReport (Presentation)'
2026-08-23 21:59:52.111 +03:00 [INF] Request finished HTTP/1.1 GET http://localhost:5279/api/Reports/sales?from=2026-07-24&to=2026-08-23 - 200 null application/json; charset=utf-8 24.4332ms
2026-08-23 21:59:55.360 +03:00 [INF] Request starting HTTP/1.1 GET http://localhost:5279/api/Reports/sales/export/excel?from=2026-07-24&to=2026-08-23&language=ar - null null
2026-08-23 21:59:55.362 +03:00 [INF] Executing endpoint 'Presentation.Controllers.ReportsController.ExportExcel (Presentation)'
2026-08-23 21:59:55.364 +03:00 [INF] Route matched with {action = "ExportExcel", controller = "Reports"}. Executing controller action with signature System.Threading.Tasks.Task`1[Microsoft.AspNetCore.Mvc.IActionResult] ExportExcel(System.DateTime, System.DateTime, System.String) on controller Presentation.Controllers.ReportsController (Presentation).
2026-08-23 21:59:57.252 +03:00 [INF] Executed DbCommand (1ms) [Parameters=[@__from_0='?' (DbType = DateTime2), @__to_1='?' (DbType = DateTime2)], CommandType='"Text"', CommandTimeout='30']
SELECT [o].[Id], [o].[CancellationReason], [o].[CancelledAt], [o].[CancelledBy], [o].[CreatedAt], [o].[DiscountAmount], [o].[FinalAmount], [o].[RowVersion], [o].[Status], [o].[TableId], [o].[TotalAmount], [o].[UpdatedAt], [o].[WaiterId], [r].[Id], [r].[Capacity], [r].[RowVersion], [r].[Status], [r].[TableNumber], [r].[WaiterId], [e].[Id], [e].[CreatedAt], [e].[Email], [e].[FullName], [e].[IsActive], [e].[PasswordHash], [e].[Phone], [e].[Role], [p].[Id], [p].[CashierId], [p].[DiscountAmount], [p].[FinalAmount], [p].[OrderId], [p].[PaidAt], [p].[PaymentMethod], [p].[ReceiptNumber], [p].[TotalAmount]
FROM [Orders] AS [o]
INNER JOIN [RestaurantTables] AS [r] ON [o].[TableId] = [r].[Id]
INNER JOIN [Employees] AS [e] ON [o].[WaiterId] = [e].[Id]
LEFT JOIN [Payments] AS [p] ON [o].[Id] = [p].[OrderId]
WHERE [o].[Status] = 6 AND [o].[CreatedAt] >= @__from_0 AND [o].[CreatedAt] <= @__to_1
ORDER BY [o].[Id], [r].[Id], [e].[Id]
2026-08-23 21:59:57.254 +03:00 [INF] Executed DbCommand (1ms) [Parameters=[@__from_0='?' (DbType = DateTime2), @__to_1='?' (DbType = DateTime2)], CommandType='"Text"', CommandTimeout='30']
SELECT [p].[Id], [p].[CashierId], [p].[DiscountAmount], [p].[FinalAmount], [p].[OrderId], [p].[PaidAt], [p].[PaymentMethod], [p].[ReceiptNumber], [p].[TotalAmount]
FROM [Payments] AS [p]
WHERE [p].[PaidAt] >= @__from_0 AND [p].[PaidAt] <= @__to_1
2026-08-23 21:59:57.256 +03:00 [INF] Executed DbCommand (1ms) [Parameters=[@__from_0='?' (DbType = DateTime2), @__to_1='?' (DbType = DateTime2)], CommandType='"Text"', CommandTimeout='30']
SELECT [r].[Id], [r].[Amount], [r].[ApprovedBy], [r].[PaymentId], [r].[RefundDetail], [r].[RefundType], [r].[RefundedAt]
FROM [Refunds] AS [r]
WHERE [r].[RefundedAt] >= @__from_0 AND [r].[RefundedAt] <= @__to_1
2026-08-23 21:59:57.258 +03:00 [INF] Executed DbCommand (0ms) [Parameters=[@__from_0='?' (DbType = DateTime2), @__to_1='?' (DbType = DateTime2)], CommandType='"Text"', CommandTimeout='30']
SELECT [f].[Id], [f].[Amount], [f].[CreatedAt], [f].[Description], [f].[RecordDate], [f].[Type]
FROM [FinancialRecords] AS [f]
WHERE [f].[Type] = N'Expense' AND [f].[RecordDate] >= @__from_0 AND [f].[RecordDate] <= @__to_1
2026-08-23 21:59:57.260 +03:00 [INF] Executed DbCommand (1ms) [Parameters=[@__p_2='?' (DbType = Int32), @__from_0='?' (DbType = DateTime2), @__to_1='?' (DbType = DateTime2)], CommandType='"Text"', CommandTimeout='30']
SELECT TOP(@__p_2) [o].[MenuItemId], [m].[Name] AS [MenuItemName], COALESCE(SUM([o].[Quantity]), 0) AS [TotalQuantitySold], COALESCE(SUM(CAST([o].[Quantity] AS decimal(18,2)) * [o].[UnitPrice]), 0.0) AS [TotalRevenue]
FROM [OrderItems] AS [o]
INNER JOIN [Orders] AS [o0] ON [o].[OrderId] = [o0].[Id]
INNER JOIN [MenuItems] AS [m] ON [o].[MenuItemId] = [m].[Id]
WHERE [o0].[Status] = 6 AND [o0].[CreatedAt] >= @__from_0 AND [o0].[CreatedAt] <= @__to_1 AND [o].[Status] <> 5 AND [o].[Status] <> 6
GROUP BY [o].[MenuItemId], [m].[Name]
ORDER BY COALESCE(SUM([o].[Quantity]), 0) DESC
2026-08-23 21:59:59.009 +03:00 [INF] Executing FileContentResult, sending file with download name 'Alaris_Sales_Report_20260724_20260823_ar.xlsx' ...
2026-08-23 21:59:59.013 +03:00 [INF] Executed action Presentation.Controllers.ReportsController.ExportExcel (Presentation) in 3647.3237ms
2026-08-23 21:59:59.013 +03:00 [INF] Executed endpoint 'Presentation.Controllers.ReportsController.ExportExcel (Presentation)'
2026-08-23 21:59:59.014 +03:00 [INF] Request finished HTTP/1.1 GET http://localhost:5279/api/Reports/sales/export/excel?from=2026-07-24&to=2026-08-23&language=ar - 200 10299 application/vnd.openxmlformats-officedocument.spreadsheetml.sheet 3653.2802ms
2026-08-23 22:00:54.342 +03:00 [INF] Request starting HTTP/1.1 GET http://localhost:5279/api/Tables - null null
2026-08-23 22:00:54.345 +03:00 [INF] Executing endpoint 'Presentation.Controllers.TablesController.GetAllTables (Presentation)'
2026-08-23 22:00:54.346 +03:00 [INF] Route matched with {action = "GetAllTables", controller = "Tables"}. Executing controller action with signature System.Threading.Tasks.Task`1[Microsoft.AspNetCore.Mvc.IActionResult] GetAllTables(System.Nullable`1[Domain.Enums.TableStatus]) on controller Presentation.Controllers.TablesController (Presentation).
2026-08-23 22:00:54.354 +03:00 [INF] Executed DbCommand (5ms) [Parameters=[], CommandType='"Text"', CommandTimeout='30']
SELECT [r].[Id], [r].[Capacity], [r].[RowVersion], [r].[Status], [r].[TableNumber], [r].[WaiterId], [e].[Id], [e].[CreatedAt], [e].[Email], [e].[FullName], [e].[IsActive], [e].[PasswordHash], [e].[Phone], [e].[Role]
FROM [RestaurantTables] AS [r]
LEFT JOIN [Employees] AS [e] ON [r].[WaiterId] = [e].[Id]
2026-08-23 22:00:54.357 +03:00 [INF] Executing OkObjectResult, writing value of type 'System.Linq.Enumerable+ListSelectIterator`2[[Domain.Models.RestaurantTable, Domain, Version=1.0.0.0, Culture=neutral, PublicKeyToken=null],[Application.DTOs.Tables.TableSummaryDto, Application, Version=1.0.0.0, Culture=neutral, PublicKeyToken=null]]'.
2026-08-23 22:00:54.358 +03:00 [INF] Executed action Presentation.Controllers.TablesController.GetAllTables (Presentation) in 9.7152ms
2026-08-23 22:00:54.359 +03:00 [INF] Executed endpoint 'Presentation.Controllers.TablesController.GetAllTables (Presentation)'
2026-08-23 22:00:54.360 +03:00 [INF] Request finished HTTP/1.1 GET http://localhost:5279/api/Tables - 200 null application/json; charset=utf-8 18.0957ms
2026-08-23 22:00:54.361 +03:00 [INF] Request starting HTTP/1.1 GET http://localhost:5279/api/Tables - null null
2026-08-23 22:00:54.365 +03:00 [INF] Executing endpoint 'Presentation.Controllers.TablesController.GetAllTables (Presentation)'
2026-08-23 22:00:54.366 +03:00 [INF] Route matched with {action = "GetAllTables", controller = "Tables"}. Executing controller action with signature System.Threading.Tasks.Task`1[Microsoft.AspNetCore.Mvc.IActionResult] GetAllTables(System.Nullable`1[Domain.Enums.TableStatus]) on controller Presentation.Controllers.TablesController (Presentation).
2026-08-23 22:00:54.368 +03:00 [INF] Executed DbCommand (1ms) [Parameters=[], CommandType='"Text"', CommandTimeout='30']
SELECT [r].[Id], [r].[Capacity], [r].[RowVersion], [r].[Status], [r].[TableNumber], [r].[WaiterId], [e].[Id], [e].[CreatedAt], [e].[Email], [e].[FullName], [e].[IsActive], [e].[PasswordHash], [e].[Phone], [e].[Role]
FROM [RestaurantTables] AS [r]
LEFT JOIN [Employees] AS [e] ON [r].[WaiterId] = [e].[Id]
2026-08-23 22:00:54.371 +03:00 [INF] Executing OkObjectResult, writing value of type 'System.Linq.Enumerable+ListSelectIterator`2[[Domain.Models.RestaurantTable, Domain, Version=1.0.0.0, Culture=neutral, PublicKeyToken=null],[Application.DTOs.Tables.TableSummaryDto, Application, Version=1.0.0.0, Culture=neutral, PublicKeyToken=null]]'.
2026-08-23 22:00:54.372 +03:00 [INF] Executed action Presentation.Controllers.TablesController.GetAllTables (Presentation) in 5.1754ms
2026-08-23 22:00:54.373 +03:00 [INF] Executed endpoint 'Presentation.Controllers.TablesController.GetAllTables (Presentation)'
2026-08-23 22:00:54.374 +03:00 [INF] Request finished HTTP/1.1 GET http://localhost:5279/api/Tables - 200 null application/json; charset=utf-8 13.4996ms
2026-08-23 22:00:58.296 +03:00 [INF] Request starting HTTP/1.1 GET http://localhost:5279/api/Tables - null null
2026-08-23 22:00:58.296 +03:00 [INF] Request starting HTTP/1.1 GET http://localhost:5279/api/Categories - null null
2026-08-23 22:00:58.297 +03:00 [INF] Request starting HTTP/1.1 GET http://localhost:5279/api/MenuItems - null null
2026-08-23 22:00:58.302 +03:00 [INF] Executing endpoint 'Presentation.Controllers.TablesController.GetAllTables (Presentation)'
2026-08-23 22:00:58.303 +03:00 [INF] Executing endpoint 'Presentation.Controllers.CategoriesController.GetAllCategories (Presentation)'
2026-08-23 22:00:58.306 +03:00 [INF] Executing endpoint 'Presentation.Controllers.MenuItemsController.GetAllMenuItems (Presentation)'
2026-08-23 22:00:58.309 +03:00 [INF] Route matched with {action = "GetAllMenuItems", controller = "MenuItems"}. Executing controller action with signature System.Threading.Tasks.Task`1[Microsoft.AspNetCore.Mvc.IActionResult] GetAllMenuItems(Application.DTOs.Menu.MenuFilterDto) on controller Presentation.Controllers.MenuItemsController (Presentation).
2026-08-23 22:00:58.308 +03:00 [INF] Route matched with {action = "GetAllCategories", controller = "Categories"}. Executing controller action with signature System.Threading.Tasks.Task`1[Microsoft.AspNetCore.Mvc.IActionResult] GetAllCategories() on controller Presentation.Controllers.CategoriesController (Presentation).
2026-08-23 22:00:58.307 +03:00 [INF] Route matched with {action = "GetAllTables", controller = "Tables"}. Executing controller action with signature System.Threading.Tasks.Task`1[Microsoft.AspNetCore.Mvc.IActionResult] GetAllTables(System.Nullable`1[Domain.Enums.TableStatus]) on controller Presentation.Controllers.TablesController (Presentation).
2026-08-23 22:00:58.313 +03:00 [INF] Executed DbCommand (1ms) [Parameters=[], CommandType='"Text"', CommandTimeout='30']
SELECT [c].[Id], [c].[Description], [c].[IsActive], [c].[Name]
FROM [Categories] AS [c]
2026-08-23 22:00:58.314 +03:00 [INF] Executed DbCommand (3ms) [Parameters=[], CommandType='"Text"', CommandTimeout='30']
SELECT [m].[Id], [m].[CategoryId], [m].[CreatedAt], [m].[IsAvailable], [m].[IsSeasonalItem], [m].[Name], [m].[Price], [c].[Id], [c].[Description], [c].[IsActive], [c].[Name]
FROM [MenuItems] AS [m]
LEFT JOIN [Categories] AS [c] ON [m].[CategoryId] = [c].[Id]
2026-08-23 22:00:58.315 +03:00 [INF] Executing OkObjectResult, writing value of type 'System.Linq.Enumerable+ListSelectIterator`2[[Domain.Models.Category, Domain, Version=1.0.0.0, Culture=neutral, PublicKeyToken=null],[Application.DTOs.Menu.Categories.CategoryDto, Application, Version=1.0.0.0, Culture=neutral, PublicKeyToken=null]]'.
2026-08-23 22:00:58.317 +03:00 [INF] Executing OkObjectResult, writing value of type 'System.Linq.Enumerable+ListSelectIterator`2[[Domain.Models.MenuItem, Domain, Version=1.0.0.0, Culture=neutral, PublicKeyToken=null],[Application.DTOs.Menu.MenuItemDto, Application, Version=1.0.0.0, Culture=neutral, PublicKeyToken=null]]'.
2026-08-23 22:00:58.318 +03:00 [INF] Executed action Presentation.Controllers.CategoriesController.GetAllCategories (Presentation) in 6.5839ms
2026-08-23 22:00:58.319 +03:00 [INF] Executed DbCommand (1ms) [Parameters=[], CommandType='"Text"', CommandTimeout='30']
SELECT [r].[Id], [r].[Capacity], [r].[RowVersion], [r].[Status], [r].[TableNumber], [r].[WaiterId], [e].[Id], [e].[CreatedAt], [e].[Email], [e].[FullName], [e].[IsActive], [e].[PasswordHash], [e].[Phone], [e].[Role]
FROM [RestaurantTables] AS [r]
LEFT JOIN [Employees] AS [e] ON [r].[WaiterId] = [e].[Id]
2026-08-23 22:00:58.319 +03:00 [INF] Executed action Presentation.Controllers.MenuItemsController.GetAllMenuItems (Presentation) in 9.1066ms
2026-08-23 22:00:58.323 +03:00 [INF] Executed endpoint 'Presentation.Controllers.MenuItemsController.GetAllMenuItems (Presentation)'
2026-08-23 22:00:58.322 +03:00 [INF] Executing OkObjectResult, writing value of type 'System.Linq.Enumerable+ListSelectIterator`2[[Domain.Models.RestaurantTable, Domain, Version=1.0.0.0, Culture=neutral, PublicKeyToken=null],[Application.DTOs.Tables.TableSummaryDto, Application, Version=1.0.0.0, Culture=neutral, PublicKeyToken=null]]'.
2026-08-23 22:00:58.322 +03:00 [INF] Request starting HTTP/1.1 GET http://localhost:5279/api/Categories - null null
2026-08-23 22:00:58.322 +03:00 [INF] Request starting HTTP/1.1 GET http://localhost:5279/api/MenuItems - null null
2026-08-23 22:00:58.320 +03:00 [INF] Executed endpoint 'Presentation.Controllers.CategoriesController.GetAllCategories (Presentation)'
2026-08-23 22:00:58.324 +03:00 [INF] Request finished HTTP/1.1 GET http://localhost:5279/api/MenuItems - 200 null application/json; charset=utf-8 26.2194ms
2026-08-23 22:00:58.325 +03:00 [INF] Executed action Presentation.Controllers.TablesController.GetAllTables (Presentation) in 11.8162ms
2026-08-23 22:00:58.327 +03:00 [INF] Executing endpoint 'Presentation.Controllers.CategoriesController.GetAllCategories (Presentation)'
2026-08-23 22:00:58.328 +03:00 [INF] Request starting HTTP/1.1 GET http://localhost:5279/api/Tables - null null
2026-08-23 22:00:58.329 +03:00 [INF] Executing endpoint 'Presentation.Controllers.MenuItemsController.GetAllMenuItems (Presentation)'
2026-08-23 22:00:58.329 +03:00 [INF] Request finished HTTP/1.1 GET http://localhost:5279/api/Categories - 200 null application/json; charset=utf-8 32.889ms
2026-08-23 22:00:58.333 +03:00 [INF] Executed endpoint 'Presentation.Controllers.TablesController.GetAllTables (Presentation)'
2026-08-23 22:00:58.333 +03:00 [INF] Route matched with {action = "GetAllCategories", controller = "Categories"}. Executing controller action with signature System.Threading.Tasks.Task`1[Microsoft.AspNetCore.Mvc.IActionResult] GetAllCategories() on controller Presentation.Controllers.CategoriesController (Presentation).
2026-08-23 22:00:58.335 +03:00 [INF] Executing endpoint 'Presentation.Controllers.TablesController.GetAllTables (Presentation)'
2026-08-23 22:00:58.336 +03:00 [INF] Route matched with {action = "GetAllMenuItems", controller = "MenuItems"}. Executing controller action with signature System.Threading.Tasks.Task`1[Microsoft.AspNetCore.Mvc.IActionResult] GetAllMenuItems(Application.DTOs.Menu.MenuFilterDto) on controller Presentation.Controllers.MenuItemsController (Presentation).
2026-08-23 22:00:58.339 +03:00 [INF] Request finished HTTP/1.1 GET http://localhost:5279/api/Tables - 200 null application/json; charset=utf-8 42.8481ms
2026-08-23 22:00:58.345 +03:00 [INF] Route matched with {action = "GetAllTables", controller = "Tables"}. Executing controller action with signature System.Threading.Tasks.Task`1[Microsoft.AspNetCore.Mvc.IActionResult] GetAllTables(System.Nullable`1[Domain.Enums.TableStatus]) on controller Presentation.Controllers.TablesController (Presentation).
2026-08-23 22:00:58.345 +03:00 [INF] Executed DbCommand (3ms) [Parameters=[], CommandType='"Text"', CommandTimeout='30']
SELECT [c].[Id], [c].[Description], [c].[IsActive], [c].[Name]
FROM [Categories] AS [c]
2026-08-23 22:00:58.347 +03:00 [INF] Executed DbCommand (0ms) [Parameters=[], CommandType='"Text"', CommandTimeout='30']
SELECT [m].[Id], [m].[CategoryId], [m].[CreatedAt], [m].[IsAvailable], [m].[IsSeasonalItem], [m].[Name], [m].[Price], [c].[Id], [c].[Description], [c].[IsActive], [c].[Name]
FROM [MenuItems] AS [m]
LEFT JOIN [Categories] AS [c] ON [m].[CategoryId] = [c].[Id]
2026-08-23 22:00:58.350 +03:00 [INF] Executed DbCommand (0ms) [Parameters=[], CommandType='"Text"', CommandTimeout='30']
SELECT [r].[Id], [r].[Capacity], [r].[RowVersion], [r].[Status], [r].[TableNumber], [r].[WaiterId], [e].[Id], [e].[CreatedAt], [e].[Email], [e].[FullName], [e].[IsActive], [e].[PasswordHash], [e].[Phone], [e].[Role]
FROM [RestaurantTables] AS [r]
LEFT JOIN [Employees] AS [e] ON [r].[WaiterId] = [e].[Id]
2026-08-23 22:00:58.351 +03:00 [INF] Executing OkObjectResult, writing value of type 'System.Linq.Enumerable+ListSelectIterator`2[[Domain.Models.Category, Domain, Version=1.0.0.0, Culture=neutral, PublicKeyToken=null],[Application.DTOs.Menu.Categories.CategoryDto, Application, Version=1.0.0.0, Culture=neutral, PublicKeyToken=null]]'.
2026-08-23 22:00:58.352 +03:00 [INF] Executing OkObjectResult, writing value of type 'System.Linq.Enumerable+ListSelectIterator`2[[Domain.Models.MenuItem, Domain, Version=1.0.0.0, Culture=neutral, PublicKeyToken=null],[Application.DTOs.Menu.MenuItemDto, Application, Version=1.0.0.0, Culture=neutral, PublicKeyToken=null]]'.
2026-08-23 22:00:58.357 +03:00 [INF] Executing OkObjectResult, writing value of type 'System.Linq.Enumerable+ListSelectIterator`2[[Domain.Models.RestaurantTable, Domain, Version=1.0.0.0, Culture=neutral, PublicKeyToken=null],[Application.DTOs.Tables.TableSummaryDto, Application, Version=1.0.0.0, Culture=neutral, PublicKeyToken=null]]'.
2026-08-23 22:00:58.358 +03:00 [INF] Executed action Presentation.Controllers.CategoriesController.GetAllCategories (Presentation) in 17.4699ms
2026-08-23 22:00:58.358 +03:00 [INF] Executed action Presentation.Controllers.MenuItemsController.GetAllMenuItems (Presentation) in 12.7129ms
2026-08-23 22:00:58.359 +03:00 [INF] Executed action Presentation.Controllers.TablesController.GetAllTables (Presentation) in 10.3724ms
2026-08-23 22:00:58.361 +03:00 [INF] Executed endpoint 'Presentation.Controllers.CategoriesController.GetAllCategories (Presentation)'
2026-08-23 22:00:58.361 +03:00 [INF] Executed endpoint 'Presentation.Controllers.MenuItemsController.GetAllMenuItems (Presentation)'
2026-08-23 22:00:58.365 +03:00 [INF] Executed endpoint 'Presentation.Controllers.TablesController.GetAllTables (Presentation)'
2026-08-23 22:00:58.366 +03:00 [INF] Request finished HTTP/1.1 GET http://localhost:5279/api/Categories - 200 null application/json; charset=utf-8 43.4951ms
2026-08-23 22:00:58.367 +03:00 [INF] Request finished HTTP/1.1 GET http://localhost:5279/api/MenuItems - 200 null application/json; charset=utf-8 44.5714ms
2026-08-23 22:00:58.368 +03:00 [INF] Request finished HTTP/1.1 GET http://localhost:5279/api/Tables - 200 null application/json; charset=utf-8 40.3714ms
2026-08-23 22:01:15.783 +03:00 [INF] Request starting HTTP/1.1 POST http://localhost:5279/api/Auth/login - application/json 55
2026-08-23 22:01:15.784 +03:00 [INF] CORS policy execution successful.
2026-08-23 22:01:15.784 +03:00 [INF] Executing endpoint 'Presentation.Controllers.AuthController.Login (Presentation)'
2026-08-23 22:01:15.784 +03:00 [INF] Route matched with {action = "Login", controller = "Auth"}. Executing controller action with signature System.Threading.Tasks.Task`1[Microsoft.AspNetCore.Mvc.IActionResult] Login(Application.DTOs.Authentication.LoginDto) on controller Presentation.Controllers.AuthController (Presentation).
2026-08-23 22:01:15.790 +03:00 [INF] Executed DbCommand (4ms) [Parameters=[@__dto_Email_0='?' (Size = 255)], CommandType='"Text"', CommandTimeout='30']
SELECT TOP(2) [e].[Id], [e].[CreatedAt], [e].[Email], [e].[FullName], [e].[IsActive], [e].[PasswordHash], [e].[Phone], [e].[Role]
FROM [Employees] AS [e]
WHERE [e].[Email] = @__dto_Email_0
2026-08-23 22:01:15.793 +03:00 [INF] Executing OkObjectResult, writing value of type 'Application.DTOs.Authentication.AuthResponseDto'.
2026-08-23 22:01:15.793 +03:00 [INF] Executed action Presentation.Controllers.AuthController.Login (Presentation) in 8.5065ms
2026-08-23 22:01:15.794 +03:00 [INF] Executed endpoint 'Presentation.Controllers.AuthController.Login (Presentation)'
2026-08-23 22:01:15.795 +03:00 [INF] Request finished HTTP/1.1 POST http://localhost:5279/api/Auth/login - 200 null application/json; charset=utf-8 11.9324ms
2026-08-23 22:01:15.811 +03:00 [INF] Request starting HTTP/1.1 GET http://localhost:5279/api/Tables - null null
2026-08-23 22:01:15.813 +03:00 [INF] Executing endpoint 'Presentation.Controllers.TablesController.GetAllTables (Presentation)'
2026-08-23 22:01:15.813 +03:00 [INF] Route matched with {action = "GetAllTables", controller = "Tables"}. Executing controller action with signature System.Threading.Tasks.Task`1[Microsoft.AspNetCore.Mvc.IActionResult] GetAllTables(System.Nullable`1[Domain.Enums.TableStatus]) on controller Presentation.Controllers.TablesController (Presentation).
2026-08-23 22:01:15.820 +03:00 [INF] Executed DbCommand (5ms) [Parameters=[], CommandType='"Text"', CommandTimeout='30']
SELECT [r].[Id], [r].[Capacity], [r].[RowVersion], [r].[Status], [r].[TableNumber], [r].[WaiterId], [e].[Id], [e].[CreatedAt], [e].[Email], [e].[FullName], [e].[IsActive], [e].[PasswordHash], [e].[Phone], [e].[Role]
FROM [RestaurantTables] AS [r]
LEFT JOIN [Employees] AS [e] ON [r].[WaiterId] = [e].[Id]
2026-08-23 22:01:15.822 +03:00 [INF] Executing OkObjectResult, writing value of type 'System.Linq.Enumerable+ListSelectIterator`2[[Domain.Models.RestaurantTable, Domain, Version=1.0.0.0, Culture=neutral, PublicKeyToken=null],[Application.DTOs.Tables.TableSummaryDto, Application, Version=1.0.0.0, Culture=neutral, PublicKeyToken=null]]'.
2026-08-23 22:01:15.823 +03:00 [INF] Executed action Presentation.Controllers.TablesController.GetAllTables (Presentation) in 8.5464ms
2026-08-23 22:01:15.823 +03:00 [INF] Executed endpoint 'Presentation.Controllers.TablesController.GetAllTables (Presentation)'
2026-08-23 22:01:15.824 +03:00 [INF] Request finished HTTP/1.1 GET http://localhost:5279/api/Tables - 200 null application/json; charset=utf-8 12.798ms
2026-08-23 22:01:15.825 +03:00 [INF] Request starting HTTP/1.1 GET http://localhost:5279/api/Tables - null null
2026-08-23 22:01:15.828 +03:00 [INF] Executing endpoint 'Presentation.Controllers.TablesController.GetAllTables (Presentation)'
2026-08-23 22:01:15.829 +03:00 [INF] Route matched with {action = "GetAllTables", controller = "Tables"}. Executing controller action with signature System.Threading.Tasks.Task`1[Microsoft.AspNetCore.Mvc.IActionResult] GetAllTables(System.Nullable`1[Domain.Enums.TableStatus]) on controller Presentation.Controllers.TablesController (Presentation).
2026-08-23 22:01:15.831 +03:00 [INF] Executed DbCommand (1ms) [Parameters=[], CommandType='"Text"', CommandTimeout='30']
SELECT [r].[Id], [r].[Capacity], [r].[RowVersion], [r].[Status], [r].[TableNumber], [r].[WaiterId], [e].[Id], [e].[CreatedAt], [e].[Email], [e].[FullName], [e].[IsActive], [e].[PasswordHash], [e].[Phone], [e].[Role]
FROM [RestaurantTables] AS [r]
LEFT JOIN [Employees] AS [e] ON [r].[WaiterId] = [e].[Id]
2026-08-23 22:01:15.833 +03:00 [INF] Executing OkObjectResult, writing value of type 'System.Linq.Enumerable+ListSelectIterator`2[[Domain.Models.RestaurantTable, Domain, Version=1.0.0.0, Culture=neutral, PublicKeyToken=null],[Application.DTOs.Tables.TableSummaryDto, Application, Version=1.0.0.0, Culture=neutral, PublicKeyToken=null]]'.
2026-08-23 22:01:15.834 +03:00 [INF] Executed action Presentation.Controllers.TablesController.GetAllTables (Presentation) in 3.8939ms
2026-08-23 22:01:15.835 +03:00 [INF] Executed endpoint 'Presentation.Controllers.TablesController.GetAllTables (Presentation)'
2026-08-23 22:01:15.835 +03:00 [INF] Request finished HTTP/1.1 GET http://localhost:5279/api/Tables - 200 null application/json; charset=utf-8 10.5756ms
2026-08-23 22:01:22.465 +03:00 [INF] Request starting HTTP/1.1 GET http://localhost:5279/api/Tables - null null
2026-08-23 22:01:22.465 +03:00 [INF] Request starting HTTP/1.1 GET http://localhost:5279/api/Categories - null null
2026-08-23 22:01:22.465 +03:00 [INF] Request starting HTTP/1.1 GET http://localhost:5279/api/MenuItems - null null
2026-08-23 22:01:22.468 +03:00 [INF] Executing endpoint 'Presentation.Controllers.TablesController.GetAllTables (Presentation)'
2026-08-23 22:01:22.470 +03:00 [INF] Executing endpoint 'Presentation.Controllers.CategoriesController.GetAllCategories (Presentation)'
2026-08-23 22:01:22.471 +03:00 [INF] Executing endpoint 'Presentation.Controllers.MenuItemsController.GetAllMenuItems (Presentation)'
2026-08-23 22:01:22.472 +03:00 [INF] Route matched with {action = "GetAllTables", controller = "Tables"}. Executing controller action with signature System.Threading.Tasks.Task`1[Microsoft.AspNetCore.Mvc.IActionResult] GetAllTables(System.Nullable`1[Domain.Enums.TableStatus]) on controller Presentation.Controllers.TablesController (Presentation).
2026-08-23 22:01:22.472 +03:00 [INF] Route matched with {action = "GetAllCategories", controller = "Categories"}. Executing controller action with signature System.Threading.Tasks.Task`1[Microsoft.AspNetCore.Mvc.IActionResult] GetAllCategories() on controller Presentation.Controllers.CategoriesController (Presentation).
2026-08-23 22:01:22.473 +03:00 [INF] Route matched with {action = "GetAllMenuItems", controller = "MenuItems"}. Executing controller action with signature System.Threading.Tasks.Task`1[Microsoft.AspNetCore.Mvc.IActionResult] GetAllMenuItems(Application.DTOs.Menu.MenuFilterDto) on controller Presentation.Controllers.MenuItemsController (Presentation).
2026-08-23 22:01:22.476 +03:00 [INF] Executed DbCommand (1ms) [Parameters=[], CommandType='"Text"', CommandTimeout='30']
SELECT [r].[Id], [r].[Capacity], [r].[RowVersion], [r].[Status], [r].[TableNumber], [r].[WaiterId], [e].[Id], [e].[CreatedAt], [e].[Email], [e].[FullName], [e].[IsActive], [e].[PasswordHash], [e].[Phone], [e].[Role]
FROM [RestaurantTables] AS [r]
LEFT JOIN [Employees] AS [e] ON [r].[WaiterId] = [e].[Id]
2026-08-23 22:01:22.478 +03:00 [INF] Executed DbCommand (2ms) [Parameters=[], CommandType='"Text"', CommandTimeout='30']
SELECT [c].[Id], [c].[Description], [c].[IsActive], [c].[Name]
FROM [Categories] AS [c]
2026-08-23 22:01:22.479 +03:00 [INF] Executing OkObjectResult, writing value of type 'System.Linq.Enumerable+ListSelectIterator`2[[Domain.Models.RestaurantTable, Domain, Version=1.0.0.0, Culture=neutral, PublicKeyToken=null],[Application.DTOs.Tables.TableSummaryDto, Application, Version=1.0.0.0, Culture=neutral, PublicKeyToken=null]]'.
2026-08-23 22:01:22.480 +03:00 [INF] Executing OkObjectResult, writing value of type 'System.Linq.Enumerable+ListSelectIterator`2[[Domain.Models.Category, Domain, Version=1.0.0.0, Culture=neutral, PublicKeyToken=null],[Application.DTOs.Menu.Categories.CategoryDto, Application, Version=1.0.0.0, Culture=neutral, PublicKeyToken=null]]'.
2026-08-23 22:01:22.480 +03:00 [INF] Executed action Presentation.Controllers.TablesController.GetAllTables (Presentation) in 5.9788ms
2026-08-23 22:01:22.481 +03:00 [INF] Executed DbCommand (3ms) [Parameters=[], CommandType='"Text"', CommandTimeout='30']
SELECT [m].[Id], [m].[CategoryId], [m].[CreatedAt], [m].[IsAvailable], [m].[IsSeasonalItem], [m].[Name], [m].[Price], [c].[Id], [c].[Description], [c].[IsActive], [c].[Name]
FROM [MenuItems] AS [m]
LEFT JOIN [Categories] AS [c] ON [m].[CategoryId] = [c].[Id]
2026-08-23 22:01:22.481 +03:00 [INF] Executed action Presentation.Controllers.CategoriesController.GetAllCategories (Presentation) in 5.3057ms
2026-08-23 22:01:22.482 +03:00 [INF] Executed endpoint 'Presentation.Controllers.TablesController.GetAllTables (Presentation)'
2026-08-23 22:01:22.484 +03:00 [INF] Executing OkObjectResult, writing value of type 'System.Linq.Enumerable+ListSelectIterator`2[[Domain.Models.MenuItem, Domain, Version=1.0.0.0, Culture=neutral, PublicKeyToken=null],[Application.DTOs.Menu.MenuItemDto, Application, Version=1.0.0.0, Culture=neutral, PublicKeyToken=null]]'.
2026-08-23 22:01:22.485 +03:00 [INF] Executed endpoint 'Presentation.Controllers.CategoriesController.GetAllCategories (Presentation)'
2026-08-23 22:01:22.485 +03:00 [INF] Request starting HTTP/1.1 GET http://localhost:5279/api/Categories - null null
2026-08-23 22:01:22.489 +03:00 [INF] Request starting HTTP/1.1 GET http://localhost:5279/api/MenuItems - null null
2026-08-23 22:01:22.485 +03:00 [INF] Request starting HTTP/1.1 GET http://localhost:5279/api/Tables - null null
2026-08-23 22:01:22.486 +03:00 [INF] Request finished HTTP/1.1 GET http://localhost:5279/api/Tables - 200 null application/json; charset=utf-8 20.972ms
2026-08-23 22:01:22.487 +03:00 [INF] Executed action Presentation.Controllers.MenuItemsController.GetAllMenuItems (Presentation) in 10.0712ms
2026-08-23 22:01:22.488 +03:00 [INF] Request finished HTTP/1.1 GET http://localhost:5279/api/Categories - 200 null application/json; charset=utf-8 22.7427ms
2026-08-23 22:01:22.490 +03:00 [INF] Executing endpoint 'Presentation.Controllers.CategoriesController.GetAllCategories (Presentation)'
2026-08-23 22:01:22.491 +03:00 [INF] Executing endpoint 'Presentation.Controllers.MenuItemsController.GetAllMenuItems (Presentation)'
2026-08-23 22:01:22.493 +03:00 [INF] Executing endpoint 'Presentation.Controllers.TablesController.GetAllTables (Presentation)'
2026-08-23 22:01:22.496 +03:00 [INF] Executed endpoint 'Presentation.Controllers.MenuItemsController.GetAllMenuItems (Presentation)'
2026-08-23 22:01:22.499 +03:00 [INF] Route matched with {action = "GetAllCategories", controller = "Categories"}. Executing controller action with signature System.Threading.Tasks.Task`1[Microsoft.AspNetCore.Mvc.IActionResult] GetAllCategories() on controller Presentation.Controllers.CategoriesController (Presentation).
2026-08-23 22:01:22.500 +03:00 [INF] Route matched with {action = "GetAllMenuItems", controller = "MenuItems"}. Executing controller action with signature System.Threading.Tasks.Task`1[Microsoft.AspNetCore.Mvc.IActionResult] GetAllMenuItems(Application.DTOs.Menu.MenuFilterDto) on controller Presentation.Controllers.MenuItemsController (Presentation).
2026-08-23 22:01:22.501 +03:00 [INF] Route matched with {action = "GetAllTables", controller = "Tables"}. Executing controller action with signature System.Threading.Tasks.Task`1[Microsoft.AspNetCore.Mvc.IActionResult] GetAllTables(System.Nullable`1[Domain.Enums.TableStatus]) on controller Presentation.Controllers.TablesController (Presentation).
2026-08-23 22:01:22.501 +03:00 [INF] Request finished HTTP/1.1 GET http://localhost:5279/api/MenuItems - 200 null application/json; charset=utf-8 36.1044ms
2026-08-23 22:01:22.504 +03:00 [INF] Executed DbCommand (1ms) [Parameters=[], CommandType='"Text"', CommandTimeout='30']
SELECT [c].[Id], [c].[Description], [c].[IsActive], [c].[Name]
FROM [Categories] AS [c]
2026-08-23 22:01:22.505 +03:00 [INF] Executed DbCommand (0ms) [Parameters=[], CommandType='"Text"', CommandTimeout='30']
SELECT [m].[Id], [m].[CategoryId], [m].[CreatedAt], [m].[IsAvailable], [m].[IsSeasonalItem], [m].[Name], [m].[Price], [c].[Id], [c].[Description], [c].[IsActive], [c].[Name]
FROM [MenuItems] AS [m]
LEFT JOIN [Categories] AS [c] ON [m].[CategoryId] = [c].[Id]
2026-08-23 22:01:22.506 +03:00 [INF] Executed DbCommand (0ms) [Parameters=[], CommandType='"Text"', CommandTimeout='30']
SELECT [r].[Id], [r].[Capacity], [r].[RowVersion], [r].[Status], [r].[TableNumber], [r].[WaiterId], [e].[Id], [e].[CreatedAt], [e].[Email], [e].[FullName], [e].[IsActive], [e].[PasswordHash], [e].[Phone], [e].[Role]
FROM [RestaurantTables] AS [r]
LEFT JOIN [Employees] AS [e] ON [r].[WaiterId] = [e].[Id]
2026-08-23 22:01:22.509 +03:00 [INF] Executing OkObjectResult, writing value of type 'System.Linq.Enumerable+ListSelectIterator`2[[Domain.Models.Category, Domain, Version=1.0.0.0, Culture=neutral, PublicKeyToken=null],[Application.DTOs.Menu.Categories.CategoryDto, Application, Version=1.0.0.0, Culture=neutral, PublicKeyToken=null]]'.
2026-08-23 22:01:22.511 +03:00 [INF] Executing OkObjectResult, writing value of type 'System.Linq.Enumerable+ListSelectIterator`2[[Domain.Models.MenuItem, Domain, Version=1.0.0.0, Culture=neutral, PublicKeyToken=null],[Application.DTOs.Menu.MenuItemDto, Application, Version=1.0.0.0, Culture=neutral, PublicKeyToken=null]]'.
2026-08-23 22:01:22.512 +03:00 [INF] Executing OkObjectResult, writing value of type 'System.Linq.Enumerable+ListSelectIterator`2[[Domain.Models.RestaurantTable, Domain, Version=1.0.0.0, Culture=neutral, PublicKeyToken=null],[Application.DTOs.Tables.TableSummaryDto, Application, Version=1.0.0.0, Culture=neutral, PublicKeyToken=null]]'.
2026-08-23 22:01:22.513 +03:00 [INF] Executed action Presentation.Controllers.CategoriesController.GetAllCategories (Presentation) in 10.115ms
2026-08-23 22:01:22.514 +03:00 [INF] Executed action Presentation.Controllers.MenuItemsController.GetAllMenuItems (Presentation) in 9.5644ms
2026-08-23 22:01:22.515 +03:00 [INF] Executed action Presentation.Controllers.TablesController.GetAllTables (Presentation) in 9.5118ms
2026-08-23 22:01:22.516 +03:00 [INF] Executed endpoint 'Presentation.Controllers.CategoriesController.GetAllCategories (Presentation)'
2026-08-23 22:01:22.517 +03:00 [INF] Executed endpoint 'Presentation.Controllers.MenuItemsController.GetAllMenuItems (Presentation)'
2026-08-23 22:01:22.519 +03:00 [INF] Request finished HTTP/1.1 GET http://localhost:5279/api/MenuItems - 200 null application/json; charset=utf-8 29.7096ms
2026-08-23 22:01:22.518 +03:00 [INF] Request finished HTTP/1.1 GET http://localhost:5279/api/Categories - 200 null application/json; charset=utf-8 33.0668ms
2026-08-23 22:01:22.518 +03:00 [INF] Executed endpoint 'Presentation.Controllers.TablesController.GetAllTables (Presentation)'
2026-08-23 22:01:22.524 +03:00 [INF] Request finished HTTP/1.1 GET http://localhost:5279/api/Tables - 200 null application/json; charset=utf-8 39.1135ms
2026-08-23 22:01:27.336 +03:00 [INF] Request starting HTTP/1.1 GET http://localhost:5279/api/Orders - null null
2026-08-23 22:01:27.338 +03:00 [INF] Executing endpoint 'Presentation.Controllers.OrdersController.GetAllOrders (Presentation)'
2026-08-23 22:01:27.339 +03:00 [INF] Route matched with {action = "GetAllOrders", controller = "Orders"}. Executing controller action with signature System.Threading.Tasks.Task`1[Microsoft.AspNetCore.Mvc.IActionResult] GetAllOrders(System.Nullable`1[Domain.Enums.OrderStatus]) on controller Presentation.Controllers.OrdersController (Presentation).
2026-08-23 22:01:27.351 +03:00 [INF] Executed DbCommand (10ms) [Parameters=[], CommandType='"Text"', CommandTimeout='30']
SELECT [o].[Id], [o].[CancellationReason], [o].[CancelledAt], [o].[CancelledBy], [o].[CreatedAt], [o].[DiscountAmount], [o].[FinalAmount], [o].[RowVersion], [o].[Status], [o].[TableId], [o].[TotalAmount], [o].[UpdatedAt], [o].[WaiterId], [r].[Id], [r].[Capacity], [r].[RowVersion], [r].[Status], [r].[TableNumber], [r].[WaiterId], [e].[Id], [e].[CreatedAt], [e].[Email], [e].[FullName], [e].[IsActive], [e].[PasswordHash], [e].[Phone], [e].[Role], [o0].[Id], [o0].[CancellationReason], [o0].[CancelledAt], [o0].[CancelledBy], [o0].[MenuItemId], [o0].[Notes], [o0].[OrderId], [o0].[Quantity], [o0].[Status], [o0].[UnitPrice]
FROM [Orders] AS [o]
INNER JOIN [RestaurantTables] AS [r] ON [o].[TableId] = [r].[Id]
INNER JOIN [Employees] AS [e] ON [o].[WaiterId] = [e].[Id]
LEFT JOIN [OrderItems] AS [o0] ON [o].[Id] = [o0].[OrderId]
ORDER BY [o].[Id], [r].[Id], [e].[Id]
2026-08-23 22:01:27.354 +03:00 [INF] Executing OkObjectResult, writing value of type 'System.Linq.Enumerable+ListSelectIterator`2[[Domain.Models.Order, Domain, Version=1.0.0.0, Culture=neutral, PublicKeyToken=null],[Application.DTOs.Orders.OrderSummaryDto, Application, Version=1.0.0.0, Culture=neutral, PublicKeyToken=null]]'.
2026-08-23 22:01:27.354 +03:00 [INF] Executed action Presentation.Controllers.OrdersController.GetAllOrders (Presentation) in 13.9403ms
2026-08-23 22:01:27.355 +03:00 [INF] Executed endpoint 'Presentation.Controllers.OrdersController.GetAllOrders (Presentation)'
2026-08-23 22:01:27.355 +03:00 [INF] Request finished HTTP/1.1 GET http://localhost:5279/api/Orders - 200 null application/json; charset=utf-8 18.7619ms
2026-08-23 22:01:34.067 +03:00 [INF] Request starting HTTP/1.1 POST http://localhost:5279/api/Orders - application/json 83
2026-08-23 22:01:34.068 +03:00 [INF] CORS policy execution successful.
2026-08-23 22:01:34.069 +03:00 [INF] Executing endpoint 'Presentation.Controllers.OrdersController.CreateOrder (Presentation)'
2026-08-23 22:01:34.073 +03:00 [INF] Route matched with {action = "CreateOrder", controller = "Orders"}. Executing controller action with signature System.Threading.Tasks.Task`1[Microsoft.AspNetCore.Mvc.IActionResult] CreateOrder(Application.DTOs.Orders.CreateOrderDto) on controller Presentation.Controllers.OrdersController (Presentation).
2026-08-23 22:01:34.109 +03:00 [INF] Executed DbCommand (4ms) [Parameters=[@__p_0='?' (DbType = Int32)], CommandType='"Text"', CommandTimeout='30']
SELECT TOP(1) [r].[Id], [r].[Capacity], [r].[RowVersion], [r].[Status], [r].[TableNumber], [r].[WaiterId]
FROM [RestaurantTables] AS [r]
WHERE [r].[Id] = @__p_0
2026-08-23 22:01:34.117 +03:00 [INF] Executed DbCommand (3ms) [Parameters=[@__p_0='?' (DbType = Int32)], CommandType='"Text"', CommandTimeout='30']
SELECT TOP(1) [e].[Id], [e].[CreatedAt], [e].[Email], [e].[FullName], [e].[IsActive], [e].[PasswordHash], [e].[Phone], [e].[Role]
FROM [Employees] AS [e]
WHERE [e].[Id] = @__p_0
2026-08-23 22:01:34.125 +03:00 [INF] Executed DbCommand (4ms) [Parameters=[@__p_0='?' (DbType = Int32)], CommandType='"Text"', CommandTimeout='30']
SELECT TOP(1) [m].[Id], [m].[CategoryId], [m].[CreatedAt], [m].[IsAvailable], [m].[IsSeasonalItem], [m].[Name], [m].[Price]
FROM [MenuItems] AS [m]
WHERE [m].[Id] = @__p_0
2026-08-23 22:01:34.127 +03:00 [INF] Executed DbCommand (1ms) [Parameters=[@__p_0='?' (DbType = Int32)], CommandType='"Text"', CommandTimeout='30']
SELECT TOP(1) [m].[Id], [m].[CategoryId], [m].[CreatedAt], [m].[IsAvailable], [m].[IsSeasonalItem], [m].[Name], [m].[Price]
FROM [MenuItems] AS [m]
WHERE [m].[Id] = @__p_0
2026-08-23 22:01:34.291 +03:00 [INF] Executed DbCommand (51ms) [Parameters=[@p0='?' (Size = 500), @p1='?' (DbType = DateTime2), @p2='?' (DbType = Int32), @p3='?' (DbType = DateTime2), @p4='?' (Precision = 18) (Scale = 2) (DbType = Decimal), @p5='?' (Precision = 18) (Scale = 2) (DbType = Decimal), @p6='?' (DbType = Int32), @p7='?' (DbType = Int32), @p8='?' (Precision = 18) (Scale = 2) (DbType = Decimal), @p9='?' (DbType = DateTime2), @p10='?' (DbType = Int32), @p15='?' (DbType = Int32), @p11='?' (DbType = Int32), @p16='?' (Size = 8) (DbType = Binary), @p12='?' (DbType = Int32), @p13='?' (DbType = Int32), @p14='?' (DbType = Int32)], CommandType='"Text"', CommandTimeout='30']
SET NOCOUNT ON;
INSERT INTO [Orders] ([CancellationReason], [CancelledAt], [CancelledBy], [CreatedAt], [DiscountAmount], [FinalAmount], [Status], [TableId], [TotalAmount], [UpdatedAt], [WaiterId])
OUTPUT INSERTED.[Id], INSERTED.[RowVersion]
VALUES (@p0, @p1, @p2, @p3, @p4, @p5, @p6, @p7, @p8, @p9, @p10);
UPDATE [RestaurantTables] SET [Capacity] = @p11, [Status] = @p12, [TableNumber] = @p13, [WaiterId] = @p14
OUTPUT INSERTED.[RowVersion]
WHERE [Id] = @p15 AND [RowVersion] = @p16;
2026-08-23 22:01:34.356 +03:00 [INF] Executed DbCommand (49ms) [Parameters=[@p17='?' (Size = 500), @p18='?' (DbType = DateTime2), @p19='?' (DbType = Int32), @p20='?' (DbType = Int32), @p21='?' (Size = 500), @p22='?' (DbType = Int32), @p23='?' (DbType = Int32), @p24='?' (DbType = Int32), @p25='?' (Precision = 18) (Scale = 2) (DbType = Decimal), @p26='?' (Size = 500), @p27='?' (DbType = DateTime2), @p28='?' (DbType = Int32), @p29='?' (DbType = Int32), @p30='?' (Size = 500), @p31='?' (DbType = Int32), @p32='?' (DbType = Int32), @p33='?' (DbType = Int32), @p34='?' (Precision = 18) (Scale = 2) (DbType = Decimal)], CommandType='"Text"', CommandTimeout='30']
SET IMPLICIT_TRANSACTIONS OFF;
SET NOCOUNT ON;
MERGE [OrderItems] USING (
VALUES (@p17, @p18, @p19, @p20, @p21, @p22, @p23, @p24, @p25, 0),
(@p26, @p27, @p28, @p29, @p30, @p31, @p32, @p33, @p34, 1)) AS i ([CancellationReason], [CancelledAt], [CancelledBy], [MenuItemId], [Notes], [OrderId], [Quantity], [Status], [UnitPrice], _Position) ON 1=0
WHEN NOT MATCHED THEN
INSERT ([CancellationReason], [CancelledAt], [CancelledBy], [MenuItemId], [Notes], [OrderId], [Quantity], [Status], [UnitPrice])
VALUES (i.[CancellationReason], i.[CancelledAt], i.[CancelledBy], i.[MenuItemId], i.[Notes], i.[OrderId], i.[Quantity], i.[Status], i.[UnitPrice])
OUTPUT INSERTED.[Id], i._Position;
2026-08-23 22:01:34.397 +03:00 [INF] Executed DbCommand (10ms) [Parameters=[@p0='?' (DbType = DateTime2), @p1='?' (DbType = Int32), @p2='?' (DbType = Int32), @p3='?' (Size = 4000), @p4='?' (DbType = Int32), @p5='?' (DbType = Int32)], CommandType='"Text"', CommandTimeout='30']
SET IMPLICIT_TRANSACTIONS OFF;
SET NOCOUNT ON;
INSERT INTO [OrderStatusHistory] ([ChangedAt], [ChangedBy], [NewStatus], [Notes], [OldStatus], [OrderId])
OUTPUT INSERTED.[Id]
VALUES (@p0, @p1, @p2, @p3, @p4, @p5);
2026-08-23 22:01:34.420 +03:00 [INF] Executing CreatedAtActionResult, writing value of type 'Application.DTOs.Orders.OrderResponseDto'.
2026-08-23 22:01:34.425 +03:00 [INF] Request starting HTTP/1.1 GET http://localhost:5279/api/Orders - null null
2026-08-23 22:01:34.426 +03:00 [INF] Executing endpoint 'Presentation.Controllers.OrdersController.GetAllOrders (Presentation)'
2026-08-23 22:01:34.427 +03:00 [INF] Route matched with {action = "GetAllOrders", controller = "Orders"}. Executing controller action with signature System.Threading.Tasks.Task`1[Microsoft.AspNetCore.Mvc.IActionResult] GetAllOrders(System.Nullable`1[Domain.Enums.OrderStatus]) on controller Presentation.Controllers.OrdersController (Presentation).
2026-08-23 22:01:34.430 +03:00 [INF] Executed DbCommand (2ms) [Parameters=[], CommandType='"Text"', CommandTimeout='30']
SELECT [o].[Id], [o].[CancellationReason], [o].[CancelledAt], [o].[CancelledBy], [o].[CreatedAt], [o].[DiscountAmount], [o].[FinalAmount], [o].[RowVersion], [o].[Status], [o].[TableId], [o].[TotalAmount], [o].[UpdatedAt], [o].[WaiterId], [r].[Id], [r].[Capacity], [r].[RowVersion], [r].[Status], [r].[TableNumber], [r].[WaiterId], [e].[Id], [e].[CreatedAt], [e].[Email], [e].[FullName], [e].[IsActive], [e].[PasswordHash], [e].[Phone], [e].[Role], [o0].[Id], [o0].[CancellationReason], [o0].[CancelledAt], [o0].[CancelledBy], [o0].[MenuItemId], [o0].[Notes], [o0].[OrderId], [o0].[Quantity], [o0].[Status], [o0].[UnitPrice]
FROM [Orders] AS [o]
INNER JOIN [RestaurantTables] AS [r] ON [o].[TableId] = [r].[Id]
INNER JOIN [Employees] AS [e] ON [o].[WaiterId] = [e].[Id]
LEFT JOIN [OrderItems] AS [o0] ON [o].[Id] = [o0].[OrderId]
ORDER BY [o].[Id], [r].[Id], [e].[Id]
2026-08-23 22:01:34.431 +03:00 [INF] Executing OkObjectResult, writing value of type 'System.Linq.Enumerable+ListSelectIterator`2[[Domain.Models.Order, Domain, Version=1.0.0.0, Culture=neutral, PublicKeyToken=null],[Application.DTOs.Orders.OrderSummaryDto, Application, Version=1.0.0.0, Culture=neutral, PublicKeyToken=null]]'.
2026-08-23 22:01:34.432 +03:00 [INF] Executed action Presentation.Controllers.OrdersController.GetAllOrders (Presentation) in 3.8567ms
2026-08-23 22:01:34.432 +03:00 [INF] Executed endpoint 'Presentation.Controllers.OrdersController.GetAllOrders (Presentation)'
2026-08-23 22:01:34.433 +03:00 [INF] Request finished HTTP/1.1 GET http://localhost:5279/api/Orders - 200 null application/json; charset=utf-8 7.8071ms
2026-08-23 22:01:34.432 +03:00 [INF] Executed action Presentation.Controllers.OrdersController.CreateOrder (Presentation) in 356.5373ms
2026-08-23 22:01:34.433 +03:00 [INF] Request starting HTTP/1.1 GET http://localhost:5279/api/Orders - null null
2026-08-23 22:01:34.435 +03:00 [INF] Executed endpoint 'Presentation.Controllers.OrdersController.CreateOrder (Presentation)'
2026-08-23 22:01:34.435 +03:00 [INF] Executing endpoint 'Presentation.Controllers.OrdersController.GetAllOrders (Presentation)'
2026-08-23 22:01:34.436 +03:00 [INF] Route matched with {action = "GetAllOrders", controller = "Orders"}. Executing controller action with signature System.Threading.Tasks.Task`1[Microsoft.AspNetCore.Mvc.IActionResult] GetAllOrders(System.Nullable`1[Domain.Enums.OrderStatus]) on controller Presentation.Controllers.OrdersController (Presentation).
2026-08-23 22:01:34.436 +03:00 [INF] Request finished HTTP/1.1 POST http://localhost:5279/api/Orders - 201 null application/json; charset=utf-8 368.8618ms
2026-08-23 22:01:34.439 +03:00 [INF] Request starting HTTP/1.1 GET http://localhost:5279/api/Orders - null null
2026-08-23 22:01:34.439 +03:00 [INF] Executed DbCommand (1ms) [Parameters=[], CommandType='"Text"', CommandTimeout='30']
SELECT [o].[Id], [o].[CancellationReason], [o].[CancelledAt], [o].[CancelledBy], [o].[CreatedAt], [o].[DiscountAmount], [o].[FinalAmount], [o].[RowVersion], [o].[Status], [o].[TableId], [o].[TotalAmount], [o].[UpdatedAt], [o].[WaiterId], [r].[Id], [r].[Capacity], [r].[RowVersion], [r].[Status], [r].[TableNumber], [r].[WaiterId], [e].[Id], [e].[CreatedAt], [e].[Email], [e].[FullName], [e].[IsActive], [e].[PasswordHash], [e].[Phone], [e].[Role], [o0].[Id], [o0].[CancellationReason], [o0].[CancelledAt], [o0].[CancelledBy], [o0].[MenuItemId], [o0].[Notes], [o0].[OrderId], [o0].[Quantity], [o0].[Status], [o0].[UnitPrice]
FROM [Orders] AS [o]
INNER JOIN [RestaurantTables] AS [r] ON [o].[TableId] = [r].[Id]
INNER JOIN [Employees] AS [e] ON [o].[WaiterId] = [e].[Id]
LEFT JOIN [OrderItems] AS [o0] ON [o].[Id] = [o0].[OrderId]
ORDER BY [o].[Id], [r].[Id], [e].[Id]
2026-08-23 22:01:34.440 +03:00 [INF] Executing endpoint 'Presentation.Controllers.OrdersController.GetAllOrders (Presentation)'
2026-08-23 22:01:34.441 +03:00 [INF] Executing OkObjectResult, writing value of type 'System.Linq.Enumerable+ListSelectIterator`2[[Domain.Models.Order, Domain, Version=1.0.0.0, Culture=neutral, PublicKeyToken=null],[Application.DTOs.Orders.OrderSummaryDto, Application, Version=1.0.0.0, Culture=neutral, PublicKeyToken=null]]'.
2026-08-23 22:01:34.441 +03:00 [INF] Route matched with {action = "GetAllOrders", controller = "Orders"}. Executing controller action with signature System.Threading.Tasks.Task`1[Microsoft.AspNetCore.Mvc.IActionResult] GetAllOrders(System.Nullable`1[Domain.Enums.OrderStatus]) on controller Presentation.Controllers.OrdersController (Presentation).
2026-08-23 22:01:34.442 +03:00 [INF] Executed action Presentation.Controllers.OrdersController.GetAllOrders (Presentation) in 4.5181ms
2026-08-23 22:01:34.443 +03:00 [INF] Executed endpoint 'Presentation.Controllers.OrdersController.GetAllOrders (Presentation)'
2026-08-23 22:01:34.443 +03:00 [INF] Request finished HTTP/1.1 GET http://localhost:5279/api/Orders - 200 null application/json; charset=utf-8 9.7287ms
2026-08-23 22:01:34.444 +03:00 [INF] Executed DbCommand (1ms) [Parameters=[], CommandType='"Text"', CommandTimeout='30']
SELECT [o].[Id], [o].[CancellationReason], [o].[CancelledAt], [o].[CancelledBy], [o].[CreatedAt], [o].[DiscountAmount], [o].[FinalAmount], [o].[RowVersion], [o].[Status], [o].[TableId], [o].[TotalAmount], [o].[UpdatedAt], [o].[WaiterId], [r].[Id], [r].[Capacity], [r].[RowVersion], [r].[Status], [r].[TableNumber], [r].[WaiterId], [e].[Id], [e].[CreatedAt], [e].[Email], [e].[FullName], [e].[IsActive], [e].[PasswordHash], [e].[Phone], [e].[Role], [o0].[Id], [o0].[CancellationReason], [o0].[CancelledAt], [o0].[CancelledBy], [o0].[MenuItemId], [o0].[Notes], [o0].[OrderId], [o0].[Quantity], [o0].[Status], [o0].[UnitPrice]
FROM [Orders] AS [o]
INNER JOIN [RestaurantTables] AS [r] ON [o].[TableId] = [r].[Id]
INNER JOIN [Employees] AS [e] ON [o].[WaiterId] = [e].[Id]
LEFT JOIN [OrderItems] AS [o0] ON [o].[Id] = [o0].[OrderId]
ORDER BY [o].[Id], [r].[Id], [e].[Id]
2026-08-23 22:01:34.446 +03:00 [INF] Executing OkObjectResult, writing value of type 'System.Linq.Enumerable+ListSelectIterator`2[[Domain.Models.Order, Domain, Version=1.0.0.0, Culture=neutral, PublicKeyToken=null],[Application.DTOs.Orders.OrderSummaryDto, Application, Version=1.0.0.0, Culture=neutral, PublicKeyToken=null]]'.
2026-08-23 22:01:34.446 +03:00 [INF] Executed action Presentation.Controllers.OrdersController.GetAllOrders (Presentation) in 3.9287ms
2026-08-23 22:01:34.447 +03:00 [INF] Executed endpoint 'Presentation.Controllers.OrdersController.GetAllOrders (Presentation)'
2026-08-23 22:01:34.447 +03:00 [INF] Request finished HTTP/1.1 GET http://localhost:5279/api/Orders - 200 null application/json; charset=utf-8 8.4049ms
2026-08-23 22:01:34.450 +03:00 [INF] Request starting HTTP/1.1 GET http://localhost:5279/api/Orders/103 - null null
2026-08-23 22:01:34.452 +03:00 [INF] Executing endpoint 'Presentation.Controllers.OrdersController.GetOrderById (Presentation)'
2026-08-23 22:01:34.453 +03:00 [INF] Route matched with {action = "GetOrderById", controller = "Orders"}. Executing controller action with signature System.Threading.Tasks.Task`1[Microsoft.AspNetCore.Mvc.IActionResult] GetOrderById(Int32) on controller Presentation.Controllers.OrdersController (Presentation).
2026-08-23 22:01:34.489 +03:00 [INF] Executed DbCommand (21ms) [Parameters=[@__id_0='?' (DbType = Int32)], CommandType='"Text"', CommandTimeout='30']
SELECT [s].[Id], [s].[CancellationReason], [s].[CancelledAt], [s].[CancelledBy], [s].[CreatedAt], [s].[DiscountAmount], [s].[FinalAmount], [s].[RowVersion], [s].[Status], [s].[TableId], [s].[TotalAmount], [s].[UpdatedAt], [s].[WaiterId], [s].[Id0], [s].[Capacity], [s].[RowVersion0], [s].[Status0], [s].[TableNumber], [s].[WaiterId0], [s].[Id1], [s].[CreatedAt0], [s].[Email], [s].[FullName], [s].[IsActive], [s].[PasswordHash], [s].[Phone], [s].[Role], [s0].[Id], [s0].[CancellationReason], [s0].[CancelledAt], [s0].[CancelledBy], [s0].[MenuItemId], [s0].[Notes], [s0].[OrderId], [s0].[Quantity], [s0].[Status], [s0].[UnitPrice], [s0].[Id0], [s0].[CategoryId], [s0].[CreatedAt], [s0].[IsAvailable], [s0].[IsSeasonalItem], [s0].[Name], [s0].[Price]
FROM (
    SELECT TOP(1) [o].[Id], [o].[CancellationReason], [o].[CancelledAt], [o].[CancelledBy], [o].[CreatedAt], [o].[DiscountAmount], [o].[FinalAmount], [o].[RowVersion], [o].[Status], [o].[TableId], [o].[TotalAmount], [o].[UpdatedAt], [o].[WaiterId], [r].[Id] AS [Id0], [r].[Capacity], [r].[RowVersion] AS [RowVersion0], [r].[Status] AS [Status0], [r].[TableNumber], [r].[WaiterId] AS [WaiterId0], [e].[Id] AS [Id1], [e].[CreatedAt] AS [CreatedAt0], [e].[Email], [e].[FullName], [e].[IsActive], [e].[PasswordHash], [e].[Phone], [e].[Role]
    FROM [Orders] AS [o]
    INNER JOIN [RestaurantTables] AS [r] ON [o].[TableId] = [r].[Id]
    INNER JOIN [Employees] AS [e] ON [o].[WaiterId] = [e].[Id]
    WHERE [o].[Id] = @__id_0
) AS [s]
LEFT JOIN (
    SELECT [o0].[Id], [o0].[CancellationReason], [o0].[CancelledAt], [o0].[CancelledBy], [o0].[MenuItemId], [o0].[Notes], [o0].[OrderId], [o0].[Quantity], [o0].[Status], [o0].[UnitPrice], [m].[Id] AS [Id0], [m].[CategoryId], [m].[CreatedAt], [m].[IsAvailable], [m].[IsSeasonalItem], [m].[Name], [m].[Price]
    FROM [OrderItems] AS [o0]
    INNER JOIN [MenuItems] AS [m] ON [o0].[MenuItemId] = [m].[Id]
) AS [s0] ON [s].[Id] = [s0].[OrderId]
ORDER BY [s].[Id], [s].[Id0], [s].[Id1], [s0].[Id]
2026-08-23 22:01:34.496 +03:00 [INF] Executing OkObjectResult, writing value of type 'Application.DTOs.Orders.OrderDetailsDto'.
2026-08-23 22:01:34.506 +03:00 [INF] Executed action Presentation.Controllers.OrdersController.GetOrderById (Presentation) in 52.3239ms
2026-08-23 22:01:34.507 +03:00 [INF] Executed endpoint 'Presentation.Controllers.OrdersController.GetOrderById (Presentation)'
2026-08-23 22:01:34.507 +03:00 [INF] Request finished HTTP/1.1 GET http://localhost:5279/api/Orders/103 - 200 null application/json; charset=utf-8 57.2486ms
2026-08-23 22:01:40.672 +03:00 [INF] Request starting HTTP/1.1 POST http://localhost:5279/api/Orders/103/submit - null 0
2026-08-23 22:01:40.673 +03:00 [INF] CORS policy execution successful.
2026-08-23 22:01:40.673 +03:00 [INF] Executing endpoint 'Presentation.Controllers.OrdersController.SubmitOrder (Presentation)'
2026-08-23 22:01:40.675 +03:00 [INF] Route matched with {action = "SubmitOrder", controller = "Orders"}. Executing controller action with signature System.Threading.Tasks.Task`1[Microsoft.AspNetCore.Mvc.IActionResult] SubmitOrder(Int32) on controller Presentation.Controllers.OrdersController (Presentation).
2026-08-23 22:01:40.694 +03:00 [INF] Executed DbCommand (6ms) [Parameters=[@__orderId_0='?' (DbType = Int32)], CommandType='"Text"', CommandTimeout='30']
SELECT [o1].[Id], [o1].[CancellationReason], [o1].[CancelledAt], [o1].[CancelledBy], [o1].[CreatedAt], [o1].[DiscountAmount], [o1].[FinalAmount], [o1].[RowVersion], [o1].[Status], [o1].[TableId], [o1].[TotalAmount], [o1].[UpdatedAt], [o1].[WaiterId], [o0].[Id], [o0].[CancellationReason], [o0].[CancelledAt], [o0].[CancelledBy], [o0].[MenuItemId], [o0].[Notes], [o0].[OrderId], [o0].[Quantity], [o0].[Status], [o0].[UnitPrice]
FROM (
    SELECT TOP(1) [o].[Id], [o].[CancellationReason], [o].[CancelledAt], [o].[CancelledBy], [o].[CreatedAt], [o].[DiscountAmount], [o].[FinalAmount], [o].[RowVersion], [o].[Status], [o].[TableId], [o].[TotalAmount], [o].[UpdatedAt], [o].[WaiterId]
    FROM [Orders] AS [o]
    WHERE [o].[Id] = @__orderId_0
) AS [o1]
LEFT JOIN [OrderItems] AS [o0] ON [o1].[Id] = [o0].[OrderId]
ORDER BY [o1].[Id]
2026-08-23 22:01:40.706 +03:00 [INF] Executed DbCommand (5ms) [Parameters=[@__orderId_0='?' (DbType = Int32)], CommandType='"Text"', CommandTimeout='30']
SELECT [o].[Id], [o].[CancellationReason], [o].[CancelledAt], [o].[CancelledBy], [o].[MenuItemId], [o].[Notes], [o].[OrderId], [o].[Quantity], [o].[Status], [o].[UnitPrice]
FROM [OrderItems] AS [o]
WHERE [o].[OrderId] = @__orderId_0 AND [o].[Status] <> 5 AND [o].[Status] <> 6
2026-08-23 22:01:40.727 +03:00 [INF] Executed DbCommand (8ms) [Parameters=[@__menuItemId_0='?' (DbType = Int32)], CommandType='"Text"', CommandTimeout='30']
SELECT [m].[Id], [m].[IngredientId], [m].[MenuItemId], [m].[QuantityUsed], [i].[Id], [i].[LowStockAlert], [i].[Name], [i].[RowVersion], [i].[TotalStock], [i].[Unit]
FROM [MenuItemIngredients] AS [m]
INNER JOIN [Ingredients] AS [i] ON [m].[IngredientId] = [i].[Id]
WHERE [m].[MenuItemId] = @__menuItemId_0
2026-08-23 22:01:40.729 +03:00 [INF] Executed DbCommand (1ms) [Parameters=[@__menuItemId_0='?' (DbType = Int32)], CommandType='"Text"', CommandTimeout='30']
SELECT [m].[Id], [m].[IngredientId], [m].[MenuItemId], [m].[QuantityUsed], [i].[Id], [i].[LowStockAlert], [i].[Name], [i].[RowVersion], [i].[TotalStock], [i].[Unit]
FROM [MenuItemIngredients] AS [m]
INNER JOIN [Ingredients] AS [i] ON [m].[IngredientId] = [i].[Id]
WHERE [m].[MenuItemId] = @__menuItemId_0
2026-08-23 22:01:40.747 +03:00 [INF] Executed DbCommand (15ms) [Parameters=[@p1='?' (DbType = Int32), @p0='?' (DbType = Int32), @p3='?' (DbType = Int32), @p2='?' (DbType = Int32), @p4='?' (DbType = DateTime2), @p5='?' (DbType = Int32), @p6='?' (DbType = Int32), @p7='?' (Size = 4000), @p8='?' (DbType = Int32), @p9='?' (DbType = Int32), @p21='?' (DbType = Int32), @p10='?' (Size = 500), @p11='?' (DbType = DateTime2), @p12='?' (DbType = Int32), @p13='?' (DbType = DateTime2), @p14='?' (Precision = 18) (Scale = 2) (DbType = Decimal), @p15='?' (Precision = 18) (Scale = 2) (DbType = Decimal), @p22='?' (Size = 8) (DbType = Binary), @p16='?' (DbType = Int32), @p17='?' (DbType = Int32), @p18='?' (Precision = 18) (Scale = 2) (DbType = Decimal), @p19='?' (DbType = DateTime2), @p20='?' (DbType = Int32)], CommandType='"Text"', CommandTimeout='30']
SET NOCOUNT ON;
UPDATE [OrderItems] SET [Status] = @p0
OUTPUT 1
WHERE [Id] = @p1;
UPDATE [OrderItems] SET [Status] = @p2
OUTPUT 1
WHERE [Id] = @p3;
INSERT INTO [OrderStatusHistory] ([ChangedAt], [ChangedBy], [NewStatus], [Notes], [OldStatus], [OrderId])
OUTPUT INSERTED.[Id]
VALUES (@p4, @p5, @p6, @p7, @p8, @p9);
UPDATE [Orders] SET [CancellationReason] = @p10, [CancelledAt] = @p11, [CancelledBy] = @p12, [CreatedAt] = @p13, [DiscountAmount] = @p14, [FinalAmount] = @p15, [Status] = @p16, [TableId] = @p17, [TotalAmount] = @p18, [UpdatedAt] = @p19, [WaiterId] = @p20
OUTPUT INSERTED.[RowVersion]
WHERE [Id] = @p21 AND [RowVersion] = @p22;
2026-08-23 22:01:40.751 +03:00 [INF] Executing OkObjectResult, writing value of type 'Application.DTOs.Orders.OrderResponseDto'.
2026-08-23 22:01:40.753 +03:00 [INF] Executed action Presentation.Controllers.OrdersController.SubmitOrder (Presentation) in 77.0494ms
2026-08-23 22:01:40.754 +03:00 [INF] Executed endpoint 'Presentation.Controllers.OrdersController.SubmitOrder (Presentation)'
2026-08-23 22:01:40.755 +03:00 [INF] Request finished HTTP/1.1 POST http://localhost:5279/api/Orders/103/submit - 200 null application/json; charset=utf-8 83.4484ms
2026-08-23 22:01:40.757 +03:00 [INF] Request starting HTTP/1.1 GET http://localhost:5279/api/Orders - null null
2026-08-23 22:01:40.760 +03:00 [INF] Executing endpoint 'Presentation.Controllers.OrdersController.GetAllOrders (Presentation)'
2026-08-23 22:01:40.761 +03:00 [INF] Route matched with {action = "GetAllOrders", controller = "Orders"}. Executing controller action with signature System.Threading.Tasks.Task`1[Microsoft.AspNetCore.Mvc.IActionResult] GetAllOrders(System.Nullable`1[Domain.Enums.OrderStatus]) on controller Presentation.Controllers.OrdersController (Presentation).
2026-08-23 22:01:40.763 +03:00 [INF] Executed DbCommand (1ms) [Parameters=[], CommandType='"Text"', CommandTimeout='30']
SELECT [o].[Id], [o].[CancellationReason], [o].[CancelledAt], [o].[CancelledBy], [o].[CreatedAt], [o].[DiscountAmount], [o].[FinalAmount], [o].[RowVersion], [o].[Status], [o].[TableId], [o].[TotalAmount], [o].[UpdatedAt], [o].[WaiterId], [r].[Id], [r].[Capacity], [r].[RowVersion], [r].[Status], [r].[TableNumber], [r].[WaiterId], [e].[Id], [e].[CreatedAt], [e].[Email], [e].[FullName], [e].[IsActive], [e].[PasswordHash], [e].[Phone], [e].[Role], [o0].[Id], [o0].[CancellationReason], [o0].[CancelledAt], [o0].[CancelledBy], [o0].[MenuItemId], [o0].[Notes], [o0].[OrderId], [o0].[Quantity], [o0].[Status], [o0].[UnitPrice]
FROM [Orders] AS [o]
INNER JOIN [RestaurantTables] AS [r] ON [o].[TableId] = [r].[Id]
INNER JOIN [Employees] AS [e] ON [o].[WaiterId] = [e].[Id]
LEFT JOIN [OrderItems] AS [o0] ON [o].[Id] = [o0].[OrderId]
ORDER BY [o].[Id], [r].[Id], [e].[Id]
2026-08-23 22:01:40.766 +03:00 [INF] Executing OkObjectResult, writing value of type 'System.Linq.Enumerable+ListSelectIterator`2[[Domain.Models.Order, Domain, Version=1.0.0.0, Culture=neutral, PublicKeyToken=null],[Application.DTOs.Orders.OrderSummaryDto, Application, Version=1.0.0.0, Culture=neutral, PublicKeyToken=null]]'.
2026-08-23 22:01:40.767 +03:00 [INF] Executed action Presentation.Controllers.OrdersController.GetAllOrders (Presentation) in 5.5473ms
2026-08-23 22:01:40.768 +03:00 [INF] Executed endpoint 'Presentation.Controllers.OrdersController.GetAllOrders (Presentation)'
2026-08-23 22:01:40.769 +03:00 [INF] Request finished HTTP/1.1 GET http://localhost:5279/api/Orders - 200 null application/json; charset=utf-8 12.0573ms
2026-08-23 22:01:40.770 +03:00 [INF] Request starting HTTP/1.1 GET http://localhost:5279/api/Orders - null null
2026-08-23 22:01:40.774 +03:00 [INF] Executing endpoint 'Presentation.Controllers.OrdersController.GetAllOrders (Presentation)'
2026-08-23 22:01:40.774 +03:00 [INF] Request starting HTTP/1.1 GET http://localhost:5279/api/Orders/103 - null null
2026-08-23 22:01:40.775 +03:00 [INF] Route matched with {action = "GetAllOrders", controller = "Orders"}. Executing controller action with signature System.Threading.Tasks.Task`1[Microsoft.AspNetCore.Mvc.IActionResult] GetAllOrders(System.Nullable`1[Domain.Enums.OrderStatus]) on controller Presentation.Controllers.OrdersController (Presentation).
2026-08-23 22:01:40.777 +03:00 [INF] Executing endpoint 'Presentation.Controllers.OrdersController.GetOrderById (Presentation)'
2026-08-23 22:01:40.779 +03:00 [INF] Route matched with {action = "GetOrderById", controller = "Orders"}. Executing controller action with signature System.Threading.Tasks.Task`1[Microsoft.AspNetCore.Mvc.IActionResult] GetOrderById(Int32) on controller Presentation.Controllers.OrdersController (Presentation).
2026-08-23 22:01:40.780 +03:00 [INF] Executed DbCommand (1ms) [Parameters=[], CommandType='"Text"', CommandTimeout='30']
SELECT [o].[Id], [o].[CancellationReason], [o].[CancelledAt], [o].[CancelledBy], [o].[CreatedAt], [o].[DiscountAmount], [o].[FinalAmount], [o].[RowVersion], [o].[Status], [o].[TableId], [o].[TotalAmount], [o].[UpdatedAt], [o].[WaiterId], [r].[Id], [r].[Capacity], [r].[RowVersion], [r].[Status], [r].[TableNumber], [r].[WaiterId], [e].[Id], [e].[CreatedAt], [e].[Email], [e].[FullName], [e].[IsActive], [e].[PasswordHash], [e].[Phone], [e].[Role], [o0].[Id], [o0].[CancellationReason], [o0].[CancelledAt], [o0].[CancelledBy], [o0].[MenuItemId], [o0].[Notes], [o0].[OrderId], [o0].[Quantity], [o0].[Status], [o0].[UnitPrice]
FROM [Orders] AS [o]
INNER JOIN [RestaurantTables] AS [r] ON [o].[TableId] = [r].[Id]
INNER JOIN [Employees] AS [e] ON [o].[WaiterId] = [e].[Id]
LEFT JOIN [OrderItems] AS [o0] ON [o].[Id] = [o0].[OrderId]
ORDER BY [o].[Id], [r].[Id], [e].[Id]
2026-08-23 22:01:40.782 +03:00 [INF] Executed DbCommand (1ms) [Parameters=[@__id_0='?' (DbType = Int32)], CommandType='"Text"', CommandTimeout='30']
SELECT [s].[Id], [s].[CancellationReason], [s].[CancelledAt], [s].[CancelledBy], [s].[CreatedAt], [s].[DiscountAmount], [s].[FinalAmount], [s].[RowVersion], [s].[Status], [s].[TableId], [s].[TotalAmount], [s].[UpdatedAt], [s].[WaiterId], [s].[Id0], [s].[Capacity], [s].[RowVersion0], [s].[Status0], [s].[TableNumber], [s].[WaiterId0], [s].[Id1], [s].[CreatedAt0], [s].[Email], [s].[FullName], [s].[IsActive], [s].[PasswordHash], [s].[Phone], [s].[Role], [s0].[Id], [s0].[CancellationReason], [s0].[CancelledAt], [s0].[CancelledBy], [s0].[MenuItemId], [s0].[Notes], [s0].[OrderId], [s0].[Quantity], [s0].[Status], [s0].[UnitPrice], [s0].[Id0], [s0].[CategoryId], [s0].[CreatedAt], [s0].[IsAvailable], [s0].[IsSeasonalItem], [s0].[Name], [s0].[Price]
FROM (
    SELECT TOP(1) [o].[Id], [o].[CancellationReason], [o].[CancelledAt], [o].[CancelledBy], [o].[CreatedAt], [o].[DiscountAmount], [o].[FinalAmount], [o].[RowVersion], [o].[Status], [o].[TableId], [o].[TotalAmount], [o].[UpdatedAt], [o].[WaiterId], [r].[Id] AS [Id0], [r].[Capacity], [r].[RowVersion] AS [RowVersion0], [r].[Status] AS [Status0], [r].[TableNumber], [r].[WaiterId] AS [WaiterId0], [e].[Id] AS [Id1], [e].[CreatedAt] AS [CreatedAt0], [e].[Email], [e].[FullName], [e].[IsActive], [e].[PasswordHash], [e].[Phone], [e].[Role]
    FROM [Orders] AS [o]
    INNER JOIN [RestaurantTables] AS [r] ON [o].[TableId] = [r].[Id]
    INNER JOIN [Employees] AS [e] ON [o].[WaiterId] = [e].[Id]
    WHERE [o].[Id] = @__id_0
) AS [s]
LEFT JOIN (
    SELECT [o0].[Id], [o0].[CancellationReason], [o0].[CancelledAt], [o0].[CancelledBy], [o0].[MenuItemId], [o0].[Notes], [o0].[OrderId], [o0].[Quantity], [o0].[Status], [o0].[UnitPrice], [m].[Id] AS [Id0], [m].[CategoryId], [m].[CreatedAt], [m].[IsAvailable], [m].[IsSeasonalItem], [m].[Name], [m].[Price]
    FROM [OrderItems] AS [o0]
    INNER JOIN [MenuItems] AS [m] ON [o0].[MenuItemId] = [m].[Id]
) AS [s0] ON [s].[Id] = [s0].[OrderId]
ORDER BY [s].[Id], [s].[Id0], [s].[Id1], [s0].[Id]
2026-08-23 22:01:40.783 +03:00 [INF] Executing OkObjectResult, writing value of type 'System.Linq.Enumerable+ListSelectIterator`2[[Domain.Models.Order, Domain, Version=1.0.0.0, Culture=neutral, PublicKeyToken=null],[Application.DTOs.Orders.OrderSummaryDto, Application, Version=1.0.0.0, Culture=neutral, PublicKeyToken=null]]'.
2026-08-23 22:01:40.784 +03:00 [INF] Executing OkObjectResult, writing value of type 'Application.DTOs.Orders.OrderDetailsDto'.
2026-08-23 22:01:40.785 +03:00 [INF] Executed action Presentation.Controllers.OrdersController.GetAllOrders (Presentation) in 6.5807ms
2026-08-23 22:01:40.786 +03:00 [INF] Executed action Presentation.Controllers.OrdersController.GetOrderById (Presentation) in 5.8006ms
2026-08-23 22:01:40.787 +03:00 [INF] Executed endpoint 'Presentation.Controllers.OrdersController.GetAllOrders (Presentation)'
2026-08-23 22:01:40.788 +03:00 [INF] Executed endpoint 'Presentation.Controllers.OrdersController.GetOrderById (Presentation)'
2026-08-23 22:01:40.788 +03:00 [INF] Request starting HTTP/1.1 GET http://localhost:5279/api/Orders - null null
2026-08-23 22:01:40.789 +03:00 [INF] Request finished HTTP/1.1 GET http://localhost:5279/api/Orders - 200 null application/json; charset=utf-8 18.4027ms
2026-08-23 22:01:40.790 +03:00 [INF] Request finished HTTP/1.1 GET http://localhost:5279/api/Orders/103 - 200 null application/json; charset=utf-8 15.3745ms
2026-08-23 22:01:40.792 +03:00 [INF] Executing endpoint 'Presentation.Controllers.OrdersController.GetAllOrders (Presentation)'
2026-08-23 22:01:40.793 +03:00 [INF] Request starting HTTP/1.1 GET http://localhost:5279/api/Orders/103 - null null
2026-08-23 22:01:40.796 +03:00 [INF] Route matched with {action = "GetAllOrders", controller = "Orders"}. Executing controller action with signature System.Threading.Tasks.Task`1[Microsoft.AspNetCore.Mvc.IActionResult] GetAllOrders(System.Nullable`1[Domain.Enums.OrderStatus]) on controller Presentation.Controllers.OrdersController (Presentation).
2026-08-23 22:01:40.798 +03:00 [INF] Executing endpoint 'Presentation.Controllers.OrdersController.GetOrderById (Presentation)'
2026-08-23 22:01:40.799 +03:00 [INF] Route matched with {action = "GetOrderById", controller = "Orders"}. Executing controller action with signature System.Threading.Tasks.Task`1[Microsoft.AspNetCore.Mvc.IActionResult] GetOrderById(Int32) on controller Presentation.Controllers.OrdersController (Presentation).
2026-08-23 22:01:40.800 +03:00 [INF] Executed DbCommand (1ms) [Parameters=[], CommandType='"Text"', CommandTimeout='30']
SELECT [o].[Id], [o].[CancellationReason], [o].[CancelledAt], [o].[CancelledBy], [o].[CreatedAt], [o].[DiscountAmount], [o].[FinalAmount], [o].[RowVersion], [o].[Status], [o].[TableId], [o].[TotalAmount], [o].[UpdatedAt], [o].[WaiterId], [r].[Id], [r].[Capacity], [r].[RowVersion], [r].[Status], [r].[TableNumber], [r].[WaiterId], [e].[Id], [e].[CreatedAt], [e].[Email], [e].[FullName], [e].[IsActive], [e].[PasswordHash], [e].[Phone], [e].[Role], [o0].[Id], [o0].[CancellationReason], [o0].[CancelledAt], [o0].[CancelledBy], [o0].[MenuItemId], [o0].[Notes], [o0].[OrderId], [o0].[Quantity], [o0].[Status], [o0].[UnitPrice]
FROM [Orders] AS [o]
INNER JOIN [RestaurantTables] AS [r] ON [o].[TableId] = [r].[Id]
INNER JOIN [Employees] AS [e] ON [o].[WaiterId] = [e].[Id]
LEFT JOIN [OrderItems] AS [o0] ON [o].[Id] = [o0].[OrderId]
ORDER BY [o].[Id], [r].[Id], [e].[Id]
2026-08-23 22:01:40.802 +03:00 [INF] Executed DbCommand (0ms) [Parameters=[@__id_0='?' (DbType = Int32)], CommandType='"Text"', CommandTimeout='30']
SELECT [s].[Id], [s].[CancellationReason], [s].[CancelledAt], [s].[CancelledBy], [s].[CreatedAt], [s].[DiscountAmount], [s].[FinalAmount], [s].[RowVersion], [s].[Status], [s].[TableId], [s].[TotalAmount], [s].[UpdatedAt], [s].[WaiterId], [s].[Id0], [s].[Capacity], [s].[RowVersion0], [s].[Status0], [s].[TableNumber], [s].[WaiterId0], [s].[Id1], [s].[CreatedAt0], [s].[Email], [s].[FullName], [s].[IsActive], [s].[PasswordHash], [s].[Phone], [s].[Role], [s0].[Id], [s0].[CancellationReason], [s0].[CancelledAt], [s0].[CancelledBy], [s0].[MenuItemId], [s0].[Notes], [s0].[OrderId], [s0].[Quantity], [s0].[Status], [s0].[UnitPrice], [s0].[Id0], [s0].[CategoryId], [s0].[CreatedAt], [s0].[IsAvailable], [s0].[IsSeasonalItem], [s0].[Name], [s0].[Price]
FROM (
    SELECT TOP(1) [o].[Id], [o].[CancellationReason], [o].[CancelledAt], [o].[CancelledBy], [o].[CreatedAt], [o].[DiscountAmount], [o].[FinalAmount], [o].[RowVersion], [o].[Status], [o].[TableId], [o].[TotalAmount], [o].[UpdatedAt], [o].[WaiterId], [r].[Id] AS [Id0], [r].[Capacity], [r].[RowVersion] AS [RowVersion0], [r].[Status] AS [Status0], [r].[TableNumber], [r].[WaiterId] AS [WaiterId0], [e].[Id] AS [Id1], [e].[CreatedAt] AS [CreatedAt0], [e].[Email], [e].[FullName], [e].[IsActive], [e].[PasswordHash], [e].[Phone], [e].[Role]
    FROM [Orders] AS [o]
    INNER JOIN [RestaurantTables] AS [r] ON [o].[TableId] = [r].[Id]
    INNER JOIN [Employees] AS [e] ON [o].[WaiterId] = [e].[Id]
    WHERE [o].[Id] = @__id_0
) AS [s]
LEFT JOIN (
    SELECT [o0].[Id], [o0].[CancellationReason], [o0].[CancelledAt], [o0].[CancelledBy], [o0].[MenuItemId], [o0].[Notes], [o0].[OrderId], [o0].[Quantity], [o0].[Status], [o0].[UnitPrice], [m].[Id] AS [Id0], [m].[CategoryId], [m].[CreatedAt], [m].[IsAvailable], [m].[IsSeasonalItem], [m].[Name], [m].[Price]
    FROM [OrderItems] AS [o0]
    INNER JOIN [MenuItems] AS [m] ON [o0].[MenuItemId] = [m].[Id]
) AS [s0] ON [s].[Id] = [s0].[OrderId]
ORDER BY [s].[Id], [s].[Id0], [s].[Id1], [s0].[Id]
2026-08-23 22:01:40.803 +03:00 [INF] Executing OkObjectResult, writing value of type 'System.Linq.Enumerable+ListSelectIterator`2[[Domain.Models.Order, Domain, Version=1.0.0.0, Culture=neutral, PublicKeyToken=null],[Application.DTOs.Orders.OrderSummaryDto, Application, Version=1.0.0.0, Culture=neutral, PublicKeyToken=null]]'.
2026-08-23 22:01:40.804 +03:00 [INF] Executing OkObjectResult, writing value of type 'Application.DTOs.Orders.OrderDetailsDto'.
2026-08-23 22:01:40.805 +03:00 [INF] Executed action Presentation.Controllers.OrdersController.GetAllOrders (Presentation) in 6.6724ms
2026-08-23 22:01:40.806 +03:00 [INF] Executed action Presentation.Controllers.OrdersController.GetOrderById (Presentation) in 5.3009ms
2026-08-23 22:01:40.807 +03:00 [INF] Executed endpoint 'Presentation.Controllers.OrdersController.GetAllOrders (Presentation)'
2026-08-23 22:01:40.808 +03:00 [INF] Executed endpoint 'Presentation.Controllers.OrdersController.GetOrderById (Presentation)'
2026-08-23 22:01:40.809 +03:00 [INF] Request finished HTTP/1.1 GET http://localhost:5279/api/Orders - 200 null application/json; charset=utf-8 20.5671ms
2026-08-23 22:01:40.809 +03:00 [INF] Request finished HTTP/1.1 GET http://localhost:5279/api/Orders/103 - 200 null application/json; charset=utf-8 16.0395ms
2026-08-23 22:01:40.812 +03:00 [INF] Request starting HTTP/1.1 GET http://localhost:5279/api/Orders/103 - null null
2026-08-23 22:01:40.816 +03:00 [INF] Executing endpoint 'Presentation.Controllers.OrdersController.GetOrderById (Presentation)'
2026-08-23 22:01:40.816 +03:00 [INF] Route matched with {action = "GetOrderById", controller = "Orders"}. Executing controller action with signature System.Threading.Tasks.Task`1[Microsoft.AspNetCore.Mvc.IActionResult] GetOrderById(Int32) on controller Presentation.Controllers.OrdersController (Presentation).
2026-08-23 22:01:40.819 +03:00 [INF] Executed DbCommand (1ms) [Parameters=[@__id_0='?' (DbType = Int32)], CommandType='"Text"', CommandTimeout='30']
SELECT [s].[Id], [s].[CancellationReason], [s].[CancelledAt], [s].[CancelledBy], [s].[CreatedAt], [s].[DiscountAmount], [s].[FinalAmount], [s].[RowVersion], [s].[Status], [s].[TableId], [s].[TotalAmount], [s].[UpdatedAt], [s].[WaiterId], [s].[Id0], [s].[Capacity], [s].[RowVersion0], [s].[Status0], [s].[TableNumber], [s].[WaiterId0], [s].[Id1], [s].[CreatedAt0], [s].[Email], [s].[FullName], [s].[IsActive], [s].[PasswordHash], [s].[Phone], [s].[Role], [s0].[Id], [s0].[CancellationReason], [s0].[CancelledAt], [s0].[CancelledBy], [s0].[MenuItemId], [s0].[Notes], [s0].[OrderId], [s0].[Quantity], [s0].[Status], [s0].[UnitPrice], [s0].[Id0], [s0].[CategoryId], [s0].[CreatedAt], [s0].[IsAvailable], [s0].[IsSeasonalItem], [s0].[Name], [s0].[Price]
FROM (
    SELECT TOP(1) [o].[Id], [o].[CancellationReason], [o].[CancelledAt], [o].[CancelledBy], [o].[CreatedAt], [o].[DiscountAmount], [o].[FinalAmount], [o].[RowVersion], [o].[Status], [o].[TableId], [o].[TotalAmount], [o].[UpdatedAt], [o].[WaiterId], [r].[Id] AS [Id0], [r].[Capacity], [r].[RowVersion] AS [RowVersion0], [r].[Status] AS [Status0], [r].[TableNumber], [r].[WaiterId] AS [WaiterId0], [e].[Id] AS [Id1], [e].[CreatedAt] AS [CreatedAt0], [e].[Email], [e].[FullName], [e].[IsActive], [e].[PasswordHash], [e].[Phone], [e].[Role]
    FROM [Orders] AS [o]
    INNER JOIN [RestaurantTables] AS [r] ON [o].[TableId] = [r].[Id]
    INNER JOIN [Employees] AS [e] ON [o].[WaiterId] = [e].[Id]
    WHERE [o].[Id] = @__id_0
) AS [s]
LEFT JOIN (
    SELECT [o0].[Id], [o0].[CancellationReason], [o0].[CancelledAt], [o0].[CancelledBy], [o0].[MenuItemId], [o0].[Notes], [o0].[OrderId], [o0].[Quantity], [o0].[Status], [o0].[UnitPrice], [m].[Id] AS [Id0], [m].[CategoryId], [m].[CreatedAt], [m].[IsAvailable], [m].[IsSeasonalItem], [m].[Name], [m].[Price]
    FROM [OrderItems] AS [o0]
    INNER JOIN [MenuItems] AS [m] ON [o0].[MenuItemId] = [m].[Id]
) AS [s0] ON [s].[Id] = [s0].[OrderId]
ORDER BY [s].[Id], [s].[Id0], [s].[Id1], [s0].[Id]
2026-08-23 22:01:40.821 +03:00 [INF] Executing OkObjectResult, writing value of type 'Application.DTOs.Orders.OrderDetailsDto'.
2026-08-23 22:01:40.822 +03:00 [INF] Executed action Presentation.Controllers.OrdersController.GetOrderById (Presentation) in 4.5229ms
2026-08-23 22:01:40.823 +03:00 [INF] Executed endpoint 'Presentation.Controllers.OrdersController.GetOrderById (Presentation)'
2026-08-23 22:01:40.824 +03:00 [INF] Request finished HTTP/1.1 GET http://localhost:5279/api/Orders/103 - 200 null application/json; charset=utf-8 11.7097ms
2026-08-23 22:01:44.799 +03:00 [INF] Request starting HTTP/1.1 POST http://localhost:5279/api/Auth/login - application/json 53
2026-08-23 22:01:44.800 +03:00 [INF] CORS policy execution successful.
2026-08-23 22:01:44.801 +03:00 [INF] Executing endpoint 'Presentation.Controllers.AuthController.Login (Presentation)'
2026-08-23 22:01:44.802 +03:00 [INF] Route matched with {action = "Login", controller = "Auth"}. Executing controller action with signature System.Threading.Tasks.Task`1[Microsoft.AspNetCore.Mvc.IActionResult] Login(Application.DTOs.Authentication.LoginDto) on controller Presentation.Controllers.AuthController (Presentation).
2026-08-23 22:01:44.807 +03:00 [INF] Executed DbCommand (1ms) [Parameters=[@__dto_Email_0='?' (Size = 255)], CommandType='"Text"', CommandTimeout='30']
SELECT TOP(2) [e].[Id], [e].[CreatedAt], [e].[Email], [e].[FullName], [e].[IsActive], [e].[PasswordHash], [e].[Phone], [e].[Role]
FROM [Employees] AS [e]
WHERE [e].[Email] = @__dto_Email_0
2026-08-23 22:01:44.809 +03:00 [INF] Executing OkObjectResult, writing value of type 'Application.DTOs.Authentication.AuthResponseDto'.
2026-08-23 22:01:44.809 +03:00 [INF] Executed action Presentation.Controllers.AuthController.Login (Presentation) in 6.1725ms
2026-08-23 22:01:44.810 +03:00 [INF] Executed endpoint 'Presentation.Controllers.AuthController.Login (Presentation)'
2026-08-23 22:01:44.811 +03:00 [INF] Request finished HTTP/1.1 POST http://localhost:5279/api/Auth/login - 200 null application/json; charset=utf-8 11.2638ms
2026-08-23 22:01:44.837 +03:00 [INF] Request starting HTTP/1.1 GET http://localhost:5279/api/MenuItems - null null
2026-08-23 22:01:44.837 +03:00 [INF] Request starting HTTP/1.1 GET http://localhost:5279/api/Orders - null null
2026-08-23 22:01:44.839 +03:00 [INF] Executing endpoint 'Presentation.Controllers.MenuItemsController.GetAllMenuItems (Presentation)'
2026-08-23 22:01:44.841 +03:00 [INF] Executing endpoint 'Presentation.Controllers.OrdersController.GetAllOrders (Presentation)'
2026-08-23 22:01:44.841 +03:00 [INF] Route matched with {action = "GetAllMenuItems", controller = "MenuItems"}. Executing controller action with signature System.Threading.Tasks.Task`1[Microsoft.AspNetCore.Mvc.IActionResult] GetAllMenuItems(Application.DTOs.Menu.MenuFilterDto) on controller Presentation.Controllers.MenuItemsController (Presentation).
2026-08-23 22:01:44.842 +03:00 [INF] Route matched with {action = "GetAllOrders", controller = "Orders"}. Executing controller action with signature System.Threading.Tasks.Task`1[Microsoft.AspNetCore.Mvc.IActionResult] GetAllOrders(System.Nullable`1[Domain.Enums.OrderStatus]) on controller Presentation.Controllers.OrdersController (Presentation).
2026-08-23 22:01:44.844 +03:00 [INF] Executed DbCommand (1ms) [Parameters=[], CommandType='"Text"', CommandTimeout='30']
SELECT [m].[Id], [m].[CategoryId], [m].[CreatedAt], [m].[IsAvailable], [m].[IsSeasonalItem], [m].[Name], [m].[Price], [c].[Id], [c].[Description], [c].[IsActive], [c].[Name]
FROM [MenuItems] AS [m]
LEFT JOIN [Categories] AS [c] ON [m].[CategoryId] = [c].[Id]
2026-08-23 22:01:44.845 +03:00 [INF] Executed DbCommand (1ms) [Parameters=[], CommandType='"Text"', CommandTimeout='30']
SELECT [o].[Id], [o].[CancellationReason], [o].[CancelledAt], [o].[CancelledBy], [o].[CreatedAt], [o].[DiscountAmount], [o].[FinalAmount], [o].[RowVersion], [o].[Status], [o].[TableId], [o].[TotalAmount], [o].[UpdatedAt], [o].[WaiterId], [r].[Id], [r].[Capacity], [r].[RowVersion], [r].[Status], [r].[TableNumber], [r].[WaiterId], [e].[Id], [e].[CreatedAt], [e].[Email], [e].[FullName], [e].[IsActive], [e].[PasswordHash], [e].[Phone], [e].[Role], [o0].[Id], [o0].[CancellationReason], [o0].[CancelledAt], [o0].[CancelledBy], [o0].[MenuItemId], [o0].[Notes], [o0].[OrderId], [o0].[Quantity], [o0].[Status], [o0].[UnitPrice]
FROM [Orders] AS [o]
INNER JOIN [RestaurantTables] AS [r] ON [o].[TableId] = [r].[Id]
INNER JOIN [Employees] AS [e] ON [o].[WaiterId] = [e].[Id]
LEFT JOIN [OrderItems] AS [o0] ON [o].[Id] = [o0].[OrderId]
ORDER BY [o].[Id], [r].[Id], [e].[Id]
2026-08-23 22:01:44.846 +03:00 [INF] Executing OkObjectResult, writing value of type 'System.Linq.Enumerable+ListSelectIterator`2[[Domain.Models.MenuItem, Domain, Version=1.0.0.0, Culture=neutral, PublicKeyToken=null],[Application.DTOs.Menu.MenuItemDto, Application, Version=1.0.0.0, Culture=neutral, PublicKeyToken=null]]'.
2026-08-23 22:01:44.847 +03:00 [INF] Executing OkObjectResult, writing value of type 'System.Linq.Enumerable+ListSelectIterator`2[[Domain.Models.Order, Domain, Version=1.0.0.0, Culture=neutral, PublicKeyToken=null],[Application.DTOs.Orders.OrderSummaryDto, Application, Version=1.0.0.0, Culture=neutral, PublicKeyToken=null]]'.
2026-08-23 22:01:44.848 +03:00 [INF] Executed action Presentation.Controllers.MenuItemsController.GetAllMenuItems (Presentation) in 4.912ms
2026-08-23 22:01:44.849 +03:00 [INF] Executed action Presentation.Controllers.OrdersController.GetAllOrders (Presentation) in 5.2478ms
2026-08-23 22:01:44.850 +03:00 [INF] Executed endpoint 'Presentation.Controllers.MenuItemsController.GetAllMenuItems (Presentation)'
2026-08-23 22:01:44.851 +03:00 [INF] Executed endpoint 'Presentation.Controllers.OrdersController.GetAllOrders (Presentation)'
2026-08-23 22:01:44.850 +03:00 [INF] Request starting HTTP/1.1 GET http://localhost:5279/api/MenuItems - null null
2026-08-23 22:01:44.851 +03:00 [INF] Request starting HTTP/1.1 GET http://localhost:5279/api/Orders - null null
2026-08-23 22:01:44.852 +03:00 [INF] Request finished HTTP/1.1 GET http://localhost:5279/api/MenuItems - 200 null application/json; charset=utf-8 14.1738ms
2026-08-23 22:01:44.852 +03:00 [INF] Request finished HTTP/1.1 GET http://localhost:5279/api/Orders - 200 null application/json; charset=utf-8 14.9667ms
2026-08-23 22:01:44.854 +03:00 [INF] Executing endpoint 'Presentation.Controllers.MenuItemsController.GetAllMenuItems (Presentation)'
2026-08-23 22:01:44.856 +03:00 [INF] Request starting HTTP/1.1 GET http://localhost:5279/api/Orders/103 - null null
2026-08-23 22:01:44.856 +03:00 [INF] Executing endpoint 'Presentation.Controllers.OrdersController.GetAllOrders (Presentation)'
2026-08-23 22:01:44.861 +03:00 [INF] Route matched with {action = "GetAllMenuItems", controller = "MenuItems"}. Executing controller action with signature System.Threading.Tasks.Task`1[Microsoft.AspNetCore.Mvc.IActionResult] GetAllMenuItems(Application.DTOs.Menu.MenuFilterDto) on controller Presentation.Controllers.MenuItemsController (Presentation).
2026-08-23 22:01:44.863 +03:00 [INF] Executing endpoint 'Presentation.Controllers.OrdersController.GetOrderById (Presentation)'
2026-08-23 22:01:44.863 +03:00 [INF] Route matched with {action = "GetAllOrders", controller = "Orders"}. Executing controller action with signature System.Threading.Tasks.Task`1[Microsoft.AspNetCore.Mvc.IActionResult] GetAllOrders(System.Nullable`1[Domain.Enums.OrderStatus]) on controller Presentation.Controllers.OrdersController (Presentation).
2026-08-23 22:01:44.865 +03:00 [INF] Route matched with {action = "GetOrderById", controller = "Orders"}. Executing controller action with signature System.Threading.Tasks.Task`1[Microsoft.AspNetCore.Mvc.IActionResult] GetOrderById(Int32) on controller Presentation.Controllers.OrdersController (Presentation).
2026-08-23 22:01:44.866 +03:00 [INF] Executed DbCommand (1ms) [Parameters=[], CommandType='"Text"', CommandTimeout='30']
SELECT [m].[Id], [m].[CategoryId], [m].[CreatedAt], [m].[IsAvailable], [m].[IsSeasonalItem], [m].[Name], [m].[Price], [c].[Id], [c].[Description], [c].[IsActive], [c].[Name]
FROM [MenuItems] AS [m]
LEFT JOIN [Categories] AS [c] ON [m].[CategoryId] = [c].[Id]
2026-08-23 22:01:44.867 +03:00 [INF] Executed DbCommand (0ms) [Parameters=[], CommandType='"Text"', CommandTimeout='30']
SELECT [o].[Id], [o].[CancellationReason], [o].[CancelledAt], [o].[CancelledBy], [o].[CreatedAt], [o].[DiscountAmount], [o].[FinalAmount], [o].[RowVersion], [o].[Status], [o].[TableId], [o].[TotalAmount], [o].[UpdatedAt], [o].[WaiterId], [r].[Id], [r].[Capacity], [r].[RowVersion], [r].[Status], [r].[TableNumber], [r].[WaiterId], [e].[Id], [e].[CreatedAt], [e].[Email], [e].[FullName], [e].[IsActive], [e].[PasswordHash], [e].[Phone], [e].[Role], [o0].[Id], [o0].[CancellationReason], [o0].[CancelledAt], [o0].[CancelledBy], [o0].[MenuItemId], [o0].[Notes], [o0].[OrderId], [o0].[Quantity], [o0].[Status], [o0].[UnitPrice]
FROM [Orders] AS [o]
INNER JOIN [RestaurantTables] AS [r] ON [o].[TableId] = [r].[Id]
INNER JOIN [Employees] AS [e] ON [o].[WaiterId] = [e].[Id]
LEFT JOIN [OrderItems] AS [o0] ON [o].[Id] = [o0].[OrderId]
ORDER BY [o].[Id], [r].[Id], [e].[Id]
2026-08-23 22:01:44.868 +03:00 [INF] Executed DbCommand (0ms) [Parameters=[@__id_0='?' (DbType = Int32)], CommandType='"Text"', CommandTimeout='30']
SELECT [s].[Id], [s].[CancellationReason], [s].[CancelledAt], [s].[CancelledBy], [s].[CreatedAt], [s].[DiscountAmount], [s].[FinalAmount], [s].[RowVersion], [s].[Status], [s].[TableId], [s].[TotalAmount], [s].[UpdatedAt], [s].[WaiterId], [s].[Id0], [s].[Capacity], [s].[RowVersion0], [s].[Status0], [s].[TableNumber], [s].[WaiterId0], [s].[Id1], [s].[CreatedAt0], [s].[Email], [s].[FullName], [s].[IsActive], [s].[PasswordHash], [s].[Phone], [s].[Role], [s0].[Id], [s0].[CancellationReason], [s0].[CancelledAt], [s0].[CancelledBy], [s0].[MenuItemId], [s0].[Notes], [s0].[OrderId], [s0].[Quantity], [s0].[Status], [s0].[UnitPrice], [s0].[Id0], [s0].[CategoryId], [s0].[CreatedAt], [s0].[IsAvailable], [s0].[IsSeasonalItem], [s0].[Name], [s0].[Price]
FROM (
    SELECT TOP(1) [o].[Id], [o].[CancellationReason], [o].[CancelledAt], [o].[CancelledBy], [o].[CreatedAt], [o].[DiscountAmount], [o].[FinalAmount], [o].[RowVersion], [o].[Status], [o].[TableId], [o].[TotalAmount], [o].[UpdatedAt], [o].[WaiterId], [r].[Id] AS [Id0], [r].[Capacity], [r].[RowVersion] AS [RowVersion0], [r].[Status] AS [Status0], [r].[TableNumber], [r].[WaiterId] AS [WaiterId0], [e].[Id] AS [Id1], [e].[CreatedAt] AS [CreatedAt0], [e].[Email], [e].[FullName], [e].[IsActive], [e].[PasswordHash], [e].[Phone], [e].[Role]
    FROM [Orders] AS [o]
    INNER JOIN [RestaurantTables] AS [r] ON [o].[TableId] = [r].[Id]
    INNER JOIN [Employees] AS [e] ON [o].[WaiterId] = [e].[Id]
    WHERE [o].[Id] = @__id_0
) AS [s]
LEFT JOIN (
    SELECT [o0].[Id], [o0].[CancellationReason], [o0].[CancelledAt], [o0].[CancelledBy], [o0].[MenuItemId], [o0].[Notes], [o0].[OrderId], [o0].[Quantity], [o0].[Status], [o0].[UnitPrice], [m].[Id] AS [Id0], [m].[CategoryId], [m].[CreatedAt], [m].[IsAvailable], [m].[IsSeasonalItem], [m].[Name], [m].[Price]
    FROM [OrderItems] AS [o0]
    INNER JOIN [MenuItems] AS [m] ON [o0].[MenuItemId] = [m].[Id]
) AS [s0] ON [s].[Id] = [s0].[OrderId]
ORDER BY [s].[Id], [s].[Id0], [s].[Id1], [s0].[Id]
2026-08-23 22:01:44.869 +03:00 [INF] Executing OkObjectResult, writing value of type 'System.Linq.Enumerable+ListSelectIterator`2[[Domain.Models.MenuItem, Domain, Version=1.0.0.0, Culture=neutral, PublicKeyToken=null],[Application.DTOs.Menu.MenuItemDto, Application, Version=1.0.0.0, Culture=neutral, PublicKeyToken=null]]'.
2026-08-23 22:01:44.871 +03:00 [INF] Executing OkObjectResult, writing value of type 'System.Linq.Enumerable+ListSelectIterator`2[[Domain.Models.Order, Domain, Version=1.0.0.0, Culture=neutral, PublicKeyToken=null],[Application.DTOs.Orders.OrderSummaryDto, Application, Version=1.0.0.0, Culture=neutral, PublicKeyToken=null]]'.
2026-08-23 22:01:44.872 +03:00 [INF] Executing OkObjectResult, writing value of type 'Application.DTOs.Orders.OrderDetailsDto'.
2026-08-23 22:01:44.873 +03:00 [INF] Executed action Presentation.Controllers.MenuItemsController.GetAllMenuItems (Presentation) in 8.4012ms
2026-08-23 22:01:44.874 +03:00 [INF] Executed action Presentation.Controllers.OrdersController.GetAllOrders (Presentation) in 7.3385ms
2026-08-23 22:01:44.875 +03:00 [INF] Executed action Presentation.Controllers.OrdersController.GetOrderById (Presentation) in 7.028ms
2026-08-23 22:01:44.875 +03:00 [INF] Executed endpoint 'Presentation.Controllers.MenuItemsController.GetAllMenuItems (Presentation)'
2026-08-23 22:01:44.876 +03:00 [INF] Executed endpoint 'Presentation.Controllers.OrdersController.GetAllOrders (Presentation)'
2026-08-23 22:01:44.877 +03:00 [INF] Executed endpoint 'Presentation.Controllers.OrdersController.GetOrderById (Presentation)'
2026-08-23 22:01:44.878 +03:00 [INF] Request finished HTTP/1.1 GET http://localhost:5279/api/MenuItems - 200 null application/json; charset=utf-8 27.7478ms
2026-08-23 22:01:44.879 +03:00 [INF] Request finished HTTP/1.1 GET http://localhost:5279/api/Orders - 200 null application/json; charset=utf-8 27.394ms
2026-08-23 22:01:44.880 +03:00 [INF] Request finished HTTP/1.1 GET http://localhost:5279/api/Orders/103 - 200 null application/json; charset=utf-8 23.7588ms
2026-08-23 22:01:44.882 +03:00 [INF] Request starting HTTP/1.1 GET http://localhost:5279/api/Orders/103 - null null
2026-08-23 22:01:44.888 +03:00 [INF] Executing endpoint 'Presentation.Controllers.OrdersController.GetOrderById (Presentation)'
2026-08-23 22:01:44.889 +03:00 [INF] Route matched with {action = "GetOrderById", controller = "Orders"}. Executing controller action with signature System.Threading.Tasks.Task`1[Microsoft.AspNetCore.Mvc.IActionResult] GetOrderById(Int32) on controller Presentation.Controllers.OrdersController (Presentation).
2026-08-23 22:01:44.891 +03:00 [INF] Executed DbCommand (1ms) [Parameters=[@__id_0='?' (DbType = Int32)], CommandType='"Text"', CommandTimeout='30']
SELECT [s].[Id], [s].[CancellationReason], [s].[CancelledAt], [s].[CancelledBy], [s].[CreatedAt], [s].[DiscountAmount], [s].[FinalAmount], [s].[RowVersion], [s].[Status], [s].[TableId], [s].[TotalAmount], [s].[UpdatedAt], [s].[WaiterId], [s].[Id0], [s].[Capacity], [s].[RowVersion0], [s].[Status0], [s].[TableNumber], [s].[WaiterId0], [s].[Id1], [s].[CreatedAt0], [s].[Email], [s].[FullName], [s].[IsActive], [s].[PasswordHash], [s].[Phone], [s].[Role], [s0].[Id], [s0].[CancellationReason], [s0].[CancelledAt], [s0].[CancelledBy], [s0].[MenuItemId], [s0].[Notes], [s0].[OrderId], [s0].[Quantity], [s0].[Status], [s0].[UnitPrice], [s0].[Id0], [s0].[CategoryId], [s0].[CreatedAt], [s0].[IsAvailable], [s0].[IsSeasonalItem], [s0].[Name], [s0].[Price]
FROM (
    SELECT TOP(1) [o].[Id], [o].[CancellationReason], [o].[CancelledAt], [o].[CancelledBy], [o].[CreatedAt], [o].[DiscountAmount], [o].[FinalAmount], [o].[RowVersion], [o].[Status], [o].[TableId], [o].[TotalAmount], [o].[UpdatedAt], [o].[WaiterId], [r].[Id] AS [Id0], [r].[Capacity], [r].[RowVersion] AS [RowVersion0], [r].[Status] AS [Status0], [r].[TableNumber], [r].[WaiterId] AS [WaiterId0], [e].[Id] AS [Id1], [e].[CreatedAt] AS [CreatedAt0], [e].[Email], [e].[FullName], [e].[IsActive], [e].[PasswordHash], [e].[Phone], [e].[Role]
    FROM [Orders] AS [o]
    INNER JOIN [RestaurantTables] AS [r] ON [o].[TableId] = [r].[Id]
    INNER JOIN [Employees] AS [e] ON [o].[WaiterId] = [e].[Id]
    WHERE [o].[Id] = @__id_0
) AS [s]
LEFT JOIN (
    SELECT [o0].[Id], [o0].[CancellationReason], [o0].[CancelledAt], [o0].[CancelledBy], [o0].[MenuItemId], [o0].[Notes], [o0].[OrderId], [o0].[Quantity], [o0].[Status], [o0].[UnitPrice], [m].[Id] AS [Id0], [m].[CategoryId], [m].[CreatedAt], [m].[IsAvailable], [m].[IsSeasonalItem], [m].[Name], [m].[Price]
    FROM [OrderItems] AS [o0]
    INNER JOIN [MenuItems] AS [m] ON [o0].[MenuItemId] = [m].[Id]
) AS [s0] ON [s].[Id] = [s0].[OrderId]
ORDER BY [s].[Id], [s].[Id0], [s].[Id1], [s0].[Id]
2026-08-23 22:01:44.893 +03:00 [INF] Executing OkObjectResult, writing value of type 'Application.DTOs.Orders.OrderDetailsDto'.
2026-08-23 22:01:44.894 +03:00 [INF] Executed action Presentation.Controllers.OrdersController.GetOrderById (Presentation) in 4.4004ms
2026-08-23 22:01:44.895 +03:00 [INF] Executed endpoint 'Presentation.Controllers.OrdersController.GetOrderById (Presentation)'
2026-08-23 22:01:44.896 +03:00 [INF] Request finished HTTP/1.1 GET http://localhost:5279/api/Orders/103 - 200 null application/json; charset=utf-8 13.3738ms
2026-08-23 22:01:48.027 +03:00 [INF] Request starting HTTP/1.1 PUT http://localhost:5279/api/Orders/103/items/191/status - application/json 22
2026-08-23 22:01:48.029 +03:00 [INF] CORS policy execution successful.
2026-08-23 22:01:48.030 +03:00 [INF] Executing endpoint 'Presentation.Controllers.OrdersController.UpdateOrderItemStatus (Presentation)'
2026-08-23 22:01:48.034 +03:00 [INF] Route matched with {action = "UpdateOrderItemStatus", controller = "Orders"}. Executing controller action with signature System.Threading.Tasks.Task`1[Microsoft.AspNetCore.Mvc.IActionResult] UpdateOrderItemStatus(Int32, Int32, Application.DTOs.Orders.UpdateOrderItemStatusDto) on controller Presentation.Controllers.OrdersController (Presentation).
2026-08-23 22:01:48.042 +03:00 [INF] Executed DbCommand (1ms) [Parameters=[@__orderId_0='?' (DbType = Int32)], CommandType='"Text"', CommandTimeout='30']
SELECT [o1].[Id], [o1].[CancellationReason], [o1].[CancelledAt], [o1].[CancelledBy], [o1].[CreatedAt], [o1].[DiscountAmount], [o1].[FinalAmount], [o1].[RowVersion], [o1].[Status], [o1].[TableId], [o1].[TotalAmount], [o1].[UpdatedAt], [o1].[WaiterId], [o0].[Id], [o0].[CancellationReason], [o0].[CancelledAt], [o0].[CancelledBy], [o0].[MenuItemId], [o0].[Notes], [o0].[OrderId], [o0].[Quantity], [o0].[Status], [o0].[UnitPrice]
FROM (
    SELECT TOP(1) [o].[Id], [o].[CancellationReason], [o].[CancelledAt], [o].[CancelledBy], [o].[CreatedAt], [o].[DiscountAmount], [o].[FinalAmount], [o].[RowVersion], [o].[Status], [o].[TableId], [o].[TotalAmount], [o].[UpdatedAt], [o].[WaiterId]
    FROM [Orders] AS [o]
    WHERE [o].[Id] = @__orderId_0
) AS [o1]
LEFT JOIN [OrderItems] AS [o0] ON [o1].[Id] = [o0].[OrderId]
ORDER BY [o1].[Id]
2026-08-23 22:01:48.059 +03:00 [INF] Executed DbCommand (15ms) [Parameters=[@p1='?' (DbType = Int32), @p0='?' (DbType = Int32), @p13='?' (DbType = Int32), @p2='?' (Size = 500), @p3='?' (DbType = DateTime2), @p4='?' (DbType = Int32), @p5='?' (DbType = DateTime2), @p6='?' (Precision = 18) (Scale = 2) (DbType = Decimal), @p7='?' (Precision = 18) (Scale = 2) (DbType = Decimal), @p14='?' (Size = 8) (DbType = Binary), @p8='?' (DbType = Int32), @p9='?' (DbType = Int32), @p10='?' (Precision = 18) (Scale = 2) (DbType = Decimal), @p11='?' (DbType = DateTime2), @p12='?' (DbType = Int32)], CommandType='"Text"', CommandTimeout='30']
SET NOCOUNT ON;
UPDATE [OrderItems] SET [Status] = @p0
OUTPUT 1
WHERE [Id] = @p1;
UPDATE [Orders] SET [CancellationReason] = @p2, [CancelledAt] = @p3, [CancelledBy] = @p4, [CreatedAt] = @p5, [DiscountAmount] = @p6, [FinalAmount] = @p7, [Status] = @p8, [TableId] = @p9, [TotalAmount] = @p10, [UpdatedAt] = @p11, [WaiterId] = @p12
OUTPUT INSERTED.[RowVersion]
WHERE [Id] = @p13 AND [RowVersion] = @p14;
2026-08-23 22:01:48.061 +03:00 [INF] Executing OkObjectResult, writing value of type 'Application.DTOs.Orders.OrderResponseDto'.
2026-08-23 22:01:48.062 +03:00 [INF] Executed action Presentation.Controllers.OrdersController.UpdateOrderItemStatus (Presentation) in 26.2906ms
2026-08-23 22:01:48.063 +03:00 [INF] Executed endpoint 'Presentation.Controllers.OrdersController.UpdateOrderItemStatus (Presentation)'
2026-08-23 22:01:48.064 +03:00 [INF] Request finished HTTP/1.1 PUT http://localhost:5279/api/Orders/103/items/191/status - 200 null application/json; charset=utf-8 36.8356ms
2026-08-23 22:01:48.066 +03:00 [INF] Request starting HTTP/1.1 GET http://localhost:5279/api/Orders - null null
2026-08-23 22:01:48.067 +03:00 [INF] Executing endpoint 'Presentation.Controllers.OrdersController.GetAllOrders (Presentation)'
2026-08-23 22:01:48.067 +03:00 [INF] Route matched with {action = "GetAllOrders", controller = "Orders"}. Executing controller action with signature System.Threading.Tasks.Task`1[Microsoft.AspNetCore.Mvc.IActionResult] GetAllOrders(System.Nullable`1[Domain.Enums.OrderStatus]) on controller Presentation.Controllers.OrdersController (Presentation).
2026-08-23 22:01:48.069 +03:00 [INF] Executed DbCommand (1ms) [Parameters=[], CommandType='"Text"', CommandTimeout='30']
SELECT [o].[Id], [o].[CancellationReason], [o].[CancelledAt], [o].[CancelledBy], [o].[CreatedAt], [o].[DiscountAmount], [o].[FinalAmount], [o].[RowVersion], [o].[Status], [o].[TableId], [o].[TotalAmount], [o].[UpdatedAt], [o].[WaiterId], [r].[Id], [r].[Capacity], [r].[RowVersion], [r].[Status], [r].[TableNumber], [r].[WaiterId], [e].[Id], [e].[CreatedAt], [e].[Email], [e].[FullName], [e].[IsActive], [e].[PasswordHash], [e].[Phone], [e].[Role], [o0].[Id], [o0].[CancellationReason], [o0].[CancelledAt], [o0].[CancelledBy], [o0].[MenuItemId], [o0].[Notes], [o0].[OrderId], [o0].[Quantity], [o0].[Status], [o0].[UnitPrice]
FROM [Orders] AS [o]
INNER JOIN [RestaurantTables] AS [r] ON [o].[TableId] = [r].[Id]
INNER JOIN [Employees] AS [e] ON [o].[WaiterId] = [e].[Id]
LEFT JOIN [OrderItems] AS [o0] ON [o].[Id] = [o0].[OrderId]
ORDER BY [o].[Id], [r].[Id], [e].[Id]
2026-08-23 22:01:48.070 +03:00 [INF] Executing OkObjectResult, writing value of type 'System.Linq.Enumerable+ListSelectIterator`2[[Domain.Models.Order, Domain, Version=1.0.0.0, Culture=neutral, PublicKeyToken=null],[Application.DTOs.Orders.OrderSummaryDto, Application, Version=1.0.0.0, Culture=neutral, PublicKeyToken=null]]'.
2026-08-23 22:01:48.071 +03:00 [INF] Executed action Presentation.Controllers.OrdersController.GetAllOrders (Presentation) in 2.7918ms
2026-08-23 22:01:48.071 +03:00 [INF] Executed endpoint 'Presentation.Controllers.OrdersController.GetAllOrders (Presentation)'
2026-08-23 22:01:48.072 +03:00 [INF] Request finished HTTP/1.1 GET http://localhost:5279/api/Orders - 200 null application/json; charset=utf-8 6.4266ms
2026-08-23 22:01:48.073 +03:00 [INF] Request starting HTTP/1.1 GET http://localhost:5279/api/Orders - null null
2026-08-23 22:01:48.074 +03:00 [INF] Executing endpoint 'Presentation.Controllers.OrdersController.GetAllOrders (Presentation)'
2026-08-23 22:01:48.075 +03:00 [INF] Route matched with {action = "GetAllOrders", controller = "Orders"}. Executing controller action with signature System.Threading.Tasks.Task`1[Microsoft.AspNetCore.Mvc.IActionResult] GetAllOrders(System.Nullable`1[Domain.Enums.OrderStatus]) on controller Presentation.Controllers.OrdersController (Presentation).
2026-08-23 22:01:48.075 +03:00 [INF] Request starting HTTP/1.1 GET http://localhost:5279/api/Orders/103 - null null
2026-08-23 22:01:48.076 +03:00 [INF] Executed DbCommand (0ms) [Parameters=[], CommandType='"Text"', CommandTimeout='30']
SELECT [o].[Id], [o].[CancellationReason], [o].[CancelledAt], [o].[CancelledBy], [o].[CreatedAt], [o].[DiscountAmount], [o].[FinalAmount], [o].[RowVersion], [o].[Status], [o].[TableId], [o].[TotalAmount], [o].[UpdatedAt], [o].[WaiterId], [r].[Id], [r].[Capacity], [r].[RowVersion], [r].[Status], [r].[TableNumber], [r].[WaiterId], [e].[Id], [e].[CreatedAt], [e].[Email], [e].[FullName], [e].[IsActive], [e].[PasswordHash], [e].[Phone], [e].[Role], [o0].[Id], [o0].[CancellationReason], [o0].[CancelledAt], [o0].[CancelledBy], [o0].[MenuItemId], [o0].[Notes], [o0].[OrderId], [o0].[Quantity], [o0].[Status], [o0].[UnitPrice]
FROM [Orders] AS [o]
INNER JOIN [RestaurantTables] AS [r] ON [o].[TableId] = [r].[Id]
INNER JOIN [Employees] AS [e] ON [o].[WaiterId] = [e].[Id]
LEFT JOIN [OrderItems] AS [o0] ON [o].[Id] = [o0].[OrderId]
ORDER BY [o].[Id], [r].[Id], [e].[Id]
2026-08-23 22:01:48.076 +03:00 [INF] Executing endpoint 'Presentation.Controllers.OrdersController.GetOrderById (Presentation)'
2026-08-23 22:01:48.077 +03:00 [INF] Executing OkObjectResult, writing value of type 'System.Linq.Enumerable+ListSelectIterator`2[[Domain.Models.Order, Domain, Version=1.0.0.0, Culture=neutral, PublicKeyToken=null],[Application.DTOs.Orders.OrderSummaryDto, Application, Version=1.0.0.0, Culture=neutral, PublicKeyToken=null]]'.
2026-08-23 22:01:48.078 +03:00 [INF] Route matched with {action = "GetOrderById", controller = "Orders"}. Executing controller action with signature System.Threading.Tasks.Task`1[Microsoft.AspNetCore.Mvc.IActionResult] GetOrderById(Int32) on controller Presentation.Controllers.OrdersController (Presentation).
2026-08-23 22:01:48.078 +03:00 [INF] Executed action Presentation.Controllers.OrdersController.GetAllOrders (Presentation) in 2.82ms
2026-08-23 22:01:48.080 +03:00 [INF] Executed endpoint 'Presentation.Controllers.OrdersController.GetAllOrders (Presentation)'
2026-08-23 22:01:48.080 +03:00 [INF] Request starting HTTP/1.1 GET http://localhost:5279/api/Orders - null null
2026-08-23 22:01:48.080 +03:00 [INF] Request finished HTTP/1.1 GET http://localhost:5279/api/Orders - 200 null application/json; charset=utf-8 7.0867ms
2026-08-23 22:01:48.080 +03:00 [INF] Executed DbCommand (1ms) [Parameters=[@__id_0='?' (DbType = Int32)], CommandType='"Text"', CommandTimeout='30']
SELECT [s].[Id], [s].[CancellationReason], [s].[CancelledAt], [s].[CancelledBy], [s].[CreatedAt], [s].[DiscountAmount], [s].[FinalAmount], [s].[RowVersion], [s].[Status], [s].[TableId], [s].[TotalAmount], [s].[UpdatedAt], [s].[WaiterId], [s].[Id0], [s].[Capacity], [s].[RowVersion0], [s].[Status0], [s].[TableNumber], [s].[WaiterId0], [s].[Id1], [s].[CreatedAt0], [s].[Email], [s].[FullName], [s].[IsActive], [s].[PasswordHash], [s].[Phone], [s].[Role], [s0].[Id], [s0].[CancellationReason], [s0].[CancelledAt], [s0].[CancelledBy], [s0].[MenuItemId], [s0].[Notes], [s0].[OrderId], [s0].[Quantity], [s0].[Status], [s0].[UnitPrice], [s0].[Id0], [s0].[CategoryId], [s0].[CreatedAt], [s0].[IsAvailable], [s0].[IsSeasonalItem], [s0].[Name], [s0].[Price]
FROM (
    SELECT TOP(1) [o].[Id], [o].[CancellationReason], [o].[CancelledAt], [o].[CancelledBy], [o].[CreatedAt], [o].[DiscountAmount], [o].[FinalAmount], [o].[RowVersion], [o].[Status], [o].[TableId], [o].[TotalAmount], [o].[UpdatedAt], [o].[WaiterId], [r].[Id] AS [Id0], [r].[Capacity], [r].[RowVersion] AS [RowVersion0], [r].[Status] AS [Status0], [r].[TableNumber], [r].[WaiterId] AS [WaiterId0], [e].[Id] AS [Id1], [e].[CreatedAt] AS [CreatedAt0], [e].[Email], [e].[FullName], [e].[IsActive], [e].[PasswordHash], [e].[Phone], [e].[Role]
    FROM [Orders] AS [o]
    INNER JOIN [RestaurantTables] AS [r] ON [o].[TableId] = [r].[Id]
    INNER JOIN [Employees] AS [e] ON [o].[WaiterId] = [e].[Id]
    WHERE [o].[Id] = @__id_0
) AS [s]
LEFT JOIN (
    SELECT [o0].[Id], [o0].[CancellationReason], [o0].[CancelledAt], [o0].[CancelledBy], [o0].[MenuItemId], [o0].[Notes], [o0].[OrderId], [o0].[Quantity], [o0].[Status], [o0].[UnitPrice], [m].[Id] AS [Id0], [m].[CategoryId], [m].[CreatedAt], [m].[IsAvailable], [m].[IsSeasonalItem], [m].[Name], [m].[Price]
    FROM [OrderItems] AS [o0]
    INNER JOIN [MenuItems] AS [m] ON [o0].[MenuItemId] = [m].[Id]
) AS [s0] ON [s].[Id] = [s0].[OrderId]
ORDER BY [s].[Id], [s].[Id0], [s].[Id1], [s0].[Id]
2026-08-23 22:01:48.081 +03:00 [INF] Executing endpoint 'Presentation.Controllers.OrdersController.GetAllOrders (Presentation)'
2026-08-23 22:01:48.083 +03:00 [INF] Executing OkObjectResult, writing value of type 'Application.DTOs.Orders.OrderDetailsDto'.
2026-08-23 22:01:48.083 +03:00 [INF] Route matched with {action = "GetAllOrders", controller = "Orders"}. Executing controller action with signature System.Threading.Tasks.Task`1[Microsoft.AspNetCore.Mvc.IActionResult] GetAllOrders(System.Nullable`1[Domain.Enums.OrderStatus]) on controller Presentation.Controllers.OrdersController (Presentation).
2026-08-23 22:01:48.084 +03:00 [INF] Executed action Presentation.Controllers.OrdersController.GetOrderById (Presentation) in 4.722ms
2026-08-23 22:01:48.085 +03:00 [INF] Executed DbCommand (0ms) [Parameters=[], CommandType='"Text"', CommandTimeout='30']
SELECT [o].[Id], [o].[CancellationReason], [o].[CancelledAt], [o].[CancelledBy], [o].[CreatedAt], [o].[DiscountAmount], [o].[FinalAmount], [o].[RowVersion], [o].[Status], [o].[TableId], [o].[TotalAmount], [o].[UpdatedAt], [o].[WaiterId], [r].[Id], [r].[Capacity], [r].[RowVersion], [r].[Status], [r].[TableNumber], [r].[WaiterId], [e].[Id], [e].[CreatedAt], [e].[Email], [e].[FullName], [e].[IsActive], [e].[PasswordHash], [e].[Phone], [e].[Role], [o0].[Id], [o0].[CancellationReason], [o0].[CancelledAt], [o0].[CancelledBy], [o0].[MenuItemId], [o0].[Notes], [o0].[OrderId], [o0].[Quantity], [o0].[Status], [o0].[UnitPrice]
FROM [Orders] AS [o]
INNER JOIN [RestaurantTables] AS [r] ON [o].[TableId] = [r].[Id]
INNER JOIN [Employees] AS [e] ON [o].[WaiterId] = [e].[Id]
LEFT JOIN [OrderItems] AS [o0] ON [o].[Id] = [o0].[OrderId]
ORDER BY [o].[Id], [r].[Id], [e].[Id]
2026-08-23 22:01:48.085 +03:00 [INF] Executed endpoint 'Presentation.Controllers.OrdersController.GetOrderById (Presentation)'
2026-08-23 22:01:48.085 +03:00 [INF] Request starting HTTP/1.1 GET http://localhost:5279/api/Orders/103 - null null
2026-08-23 22:01:48.086 +03:00 [INF] Executing OkObjectResult, writing value of type 'System.Linq.Enumerable+ListSelectIterator`2[[Domain.Models.Order, Domain, Version=1.0.0.0, Culture=neutral, PublicKeyToken=null],[Application.DTOs.Orders.OrderSummaryDto, Application, Version=1.0.0.0, Culture=neutral, PublicKeyToken=null]]'.
2026-08-23 22:01:48.086 +03:00 [INF] Request finished HTTP/1.1 GET http://localhost:5279/api/Orders/103 - 200 null application/json; charset=utf-8 11.3272ms
2026-08-23 22:01:48.087 +03:00 [INF] Executing endpoint 'Presentation.Controllers.OrdersController.GetOrderById (Presentation)'
2026-08-23 22:01:48.088 +03:00 [INF] Executed action Presentation.Controllers.OrdersController.GetAllOrders (Presentation) in 3.3262ms
2026-08-23 22:01:48.089 +03:00 [INF] Request starting HTTP/1.1 GET http://localhost:5279/api/Orders - null null
2026-08-23 22:01:48.089 +03:00 [INF] Route matched with {action = "GetOrderById", controller = "Orders"}. Executing controller action with signature System.Threading.Tasks.Task`1[Microsoft.AspNetCore.Mvc.IActionResult] GetOrderById(Int32) on controller Presentation.Controllers.OrdersController (Presentation).
2026-08-23 22:01:48.090 +03:00 [INF] Executed endpoint 'Presentation.Controllers.OrdersController.GetAllOrders (Presentation)'
2026-08-23 22:01:48.091 +03:00 [INF] Executing endpoint 'Presentation.Controllers.OrdersController.GetAllOrders (Presentation)'
2026-08-23 22:01:48.091 +03:00 [INF] Request finished HTTP/1.1 GET http://localhost:5279/api/Orders - 200 null application/json; charset=utf-8 11.604ms
2026-08-23 22:01:48.092 +03:00 [INF] Executed DbCommand (1ms) [Parameters=[@__id_0='?' (DbType = Int32)], CommandType='"Text"', CommandTimeout='30']
SELECT [s].[Id], [s].[CancellationReason], [s].[CancelledAt], [s].[CancelledBy], [s].[CreatedAt], [s].[DiscountAmount], [s].[FinalAmount], [s].[RowVersion], [s].[Status], [s].[TableId], [s].[TotalAmount], [s].[UpdatedAt], [s].[WaiterId], [s].[Id0], [s].[Capacity], [s].[RowVersion0], [s].[Status0], [s].[TableNumber], [s].[WaiterId0], [s].[Id1], [s].[CreatedAt0], [s].[Email], [s].[FullName], [s].[IsActive], [s].[PasswordHash], [s].[Phone], [s].[Role], [s0].[Id], [s0].[CancellationReason], [s0].[CancelledAt], [s0].[CancelledBy], [s0].[MenuItemId], [s0].[Notes], [s0].[OrderId], [s0].[Quantity], [s0].[Status], [s0].[UnitPrice], [s0].[Id0], [s0].[CategoryId], [s0].[CreatedAt], [s0].[IsAvailable], [s0].[IsSeasonalItem], [s0].[Name], [s0].[Price]
FROM (
    SELECT TOP(1) [o].[Id], [o].[CancellationReason], [o].[CancelledAt], [o].[CancelledBy], [o].[CreatedAt], [o].[DiscountAmount], [o].[FinalAmount], [o].[RowVersion], [o].[Status], [o].[TableId], [o].[TotalAmount], [o].[UpdatedAt], [o].[WaiterId], [r].[Id] AS [Id0], [r].[Capacity], [r].[RowVersion] AS [RowVersion0], [r].[Status] AS [Status0], [r].[TableNumber], [r].[WaiterId] AS [WaiterId0], [e].[Id] AS [Id1], [e].[CreatedAt] AS [CreatedAt0], [e].[Email], [e].[FullName], [e].[IsActive], [e].[PasswordHash], [e].[Phone], [e].[Role]
    FROM [Orders] AS [o]
    INNER JOIN [RestaurantTables] AS [r] ON [o].[TableId] = [r].[Id]
    INNER JOIN [Employees] AS [e] ON [o].[WaiterId] = [e].[Id]
    WHERE [o].[Id] = @__id_0
) AS [s]
LEFT JOIN (
    SELECT [o0].[Id], [o0].[CancellationReason], [o0].[CancelledAt], [o0].[CancelledBy], [o0].[MenuItemId], [o0].[Notes], [o0].[OrderId], [o0].[Quantity], [o0].[Status], [o0].[UnitPrice], [m].[Id] AS [Id0], [m].[CategoryId], [m].[CreatedAt], [m].[IsAvailable], [m].[IsSeasonalItem], [m].[Name], [m].[Price]
    FROM [OrderItems] AS [o0]
    INNER JOIN [MenuItems] AS [m] ON [o0].[MenuItemId] = [m].[Id]
) AS [s0] ON [s].[Id] = [s0].[OrderId]
ORDER BY [s].[Id], [s].[Id0], [s].[Id1], [s0].[Id]
2026-08-23 22:01:48.092 +03:00 [INF] Route matched with {action = "GetAllOrders", controller = "Orders"}. Executing controller action with signature System.Threading.Tasks.Task`1[Microsoft.AspNetCore.Mvc.IActionResult] GetAllOrders(System.Nullable`1[Domain.Enums.OrderStatus]) on controller Presentation.Controllers.OrdersController (Presentation).
2026-08-23 22:01:48.094 +03:00 [INF] Executing OkObjectResult, writing value of type 'Application.DTOs.Orders.OrderDetailsDto'.
2026-08-23 22:01:48.095 +03:00 [INF] Executed action Presentation.Controllers.OrdersController.GetOrderById (Presentation) in 4.2635ms
2026-08-23 22:01:48.096 +03:00 [INF] Executed DbCommand (0ms) [Parameters=[], CommandType='"Text"', CommandTimeout='30']
SELECT [o].[Id], [o].[CancellationReason], [o].[CancelledAt], [o].[CancelledBy], [o].[CreatedAt], [o].[DiscountAmount], [o].[FinalAmount], [o].[RowVersion], [o].[Status], [o].[TableId], [o].[TotalAmount], [o].[UpdatedAt], [o].[WaiterId], [r].[Id], [r].[Capacity], [r].[RowVersion], [r].[Status], [r].[TableNumber], [r].[WaiterId], [e].[Id], [e].[CreatedAt], [e].[Email], [e].[FullName], [e].[IsActive], [e].[PasswordHash], [e].[Phone], [e].[Role], [o0].[Id], [o0].[CancellationReason], [o0].[CancelledAt], [o0].[CancelledBy], [o0].[MenuItemId], [o0].[Notes], [o0].[OrderId], [o0].[Quantity], [o0].[Status], [o0].[UnitPrice]
FROM [Orders] AS [o]
INNER JOIN [RestaurantTables] AS [r] ON [o].[TableId] = [r].[Id]
INNER JOIN [Employees] AS [e] ON [o].[WaiterId] = [e].[Id]
LEFT JOIN [OrderItems] AS [o0] ON [o].[Id] = [o0].[OrderId]
ORDER BY [o].[Id], [r].[Id], [e].[Id]
2026-08-23 22:01:48.096 +03:00 [INF] Executed endpoint 'Presentation.Controllers.OrdersController.GetOrderById (Presentation)'
2026-08-23 22:01:48.097 +03:00 [INF] Request starting HTTP/1.1 GET http://localhost:5279/api/Orders/103 - null null
2026-08-23 22:01:48.097 +03:00 [INF] Executing OkObjectResult, writing value of type 'System.Linq.Enumerable+ListSelectIterator`2[[Domain.Models.Order, Domain, Version=1.0.0.0, Culture=neutral, PublicKeyToken=null],[Application.DTOs.Orders.OrderSummaryDto, Application, Version=1.0.0.0, Culture=neutral, PublicKeyToken=null]]'.
2026-08-23 22:01:48.098 +03:00 [INF] Request finished HTTP/1.1 GET http://localhost:5279/api/Orders/103 - 200 null application/json; charset=utf-8 12.4163ms
2026-08-23 22:01:48.099 +03:00 [INF] Executing endpoint 'Presentation.Controllers.OrdersController.GetOrderById (Presentation)'
2026-08-23 22:01:48.099 +03:00 [INF] Executed action Presentation.Controllers.OrdersController.GetAllOrders (Presentation) in 4.2431ms
2026-08-23 22:01:48.101 +03:00 [INF] Request starting HTTP/1.1 GET http://localhost:5279/api/Orders - null null
2026-08-23 22:01:48.101 +03:00 [INF] Route matched with {action = "GetOrderById", controller = "Orders"}. Executing controller action with signature System.Threading.Tasks.Task`1[Microsoft.AspNetCore.Mvc.IActionResult] GetOrderById(Int32) on controller Presentation.Controllers.OrdersController (Presentation).
2026-08-23 22:01:48.101 +03:00 [INF] Executed endpoint 'Presentation.Controllers.OrdersController.GetAllOrders (Presentation)'
2026-08-23 22:01:48.102 +03:00 [INF] Executing endpoint 'Presentation.Controllers.OrdersController.GetAllOrders (Presentation)'
2026-08-23 22:01:48.103 +03:00 [INF] Request finished HTTP/1.1 GET http://localhost:5279/api/Orders - 200 null application/json; charset=utf-8 14.2598ms
2026-08-23 22:01:48.104 +03:00 [INF] Route matched with {action = "GetAllOrders", controller = "Orders"}. Executing controller action with signature System.Threading.Tasks.Task`1[Microsoft.AspNetCore.Mvc.IActionResult] GetAllOrders(System.Nullable`1[Domain.Enums.OrderStatus]) on controller Presentation.Controllers.OrdersController (Presentation).
2026-08-23 22:01:48.104 +03:00 [INF] Executed DbCommand (0ms) [Parameters=[@__id_0='?' (DbType = Int32)], CommandType='"Text"', CommandTimeout='30']
SELECT [s].[Id], [s].[CancellationReason], [s].[CancelledAt], [s].[CancelledBy], [s].[CreatedAt], [s].[DiscountAmount], [s].[FinalAmount], [s].[RowVersion], [s].[Status], [s].[TableId], [s].[TotalAmount], [s].[UpdatedAt], [s].[WaiterId], [s].[Id0], [s].[Capacity], [s].[RowVersion0], [s].[Status0], [s].[TableNumber], [s].[WaiterId0], [s].[Id1], [s].[CreatedAt0], [s].[Email], [s].[FullName], [s].[IsActive], [s].[PasswordHash], [s].[Phone], [s].[Role], [s0].[Id], [s0].[CancellationReason], [s0].[CancelledAt], [s0].[CancelledBy], [s0].[MenuItemId], [s0].[Notes], [s0].[OrderId], [s0].[Quantity], [s0].[Status], [s0].[UnitPrice], [s0].[Id0], [s0].[CategoryId], [s0].[CreatedAt], [s0].[IsAvailable], [s0].[IsSeasonalItem], [s0].[Name], [s0].[Price]
FROM (
    SELECT TOP(1) [o].[Id], [o].[CancellationReason], [o].[CancelledAt], [o].[CancelledBy], [o].[CreatedAt], [o].[DiscountAmount], [o].[FinalAmount], [o].[RowVersion], [o].[Status], [o].[TableId], [o].[TotalAmount], [o].[UpdatedAt], [o].[WaiterId], [r].[Id] AS [Id0], [r].[Capacity], [r].[RowVersion] AS [RowVersion0], [r].[Status] AS [Status0], [r].[TableNumber], [r].[WaiterId] AS [WaiterId0], [e].[Id] AS [Id1], [e].[CreatedAt] AS [CreatedAt0], [e].[Email], [e].[FullName], [e].[IsActive], [e].[PasswordHash], [e].[Phone], [e].[Role]
    FROM [Orders] AS [o]
    INNER JOIN [RestaurantTables] AS [r] ON [o].[TableId] = [r].[Id]
    INNER JOIN [Employees] AS [e] ON [o].[WaiterId] = [e].[Id]
    WHERE [o].[Id] = @__id_0
) AS [s]
LEFT JOIN (
    SELECT [o0].[Id], [o0].[CancellationReason], [o0].[CancelledAt], [o0].[CancelledBy], [o0].[MenuItemId], [o0].[Notes], [o0].[OrderId], [o0].[Quantity], [o0].[Status], [o0].[UnitPrice], [m].[Id] AS [Id0], [m].[CategoryId], [m].[CreatedAt], [m].[IsAvailable], [m].[IsSeasonalItem], [m].[Name], [m].[Price]
    FROM [OrderItems] AS [o0]
    INNER JOIN [MenuItems] AS [m] ON [o0].[MenuItemId] = [m].[Id]
) AS [s0] ON [s].[Id] = [s0].[OrderId]
ORDER BY [s].[Id], [s].[Id0], [s].[Id1], [s0].[Id]
2026-08-23 22:01:48.106 +03:00 [INF] Executing OkObjectResult, writing value of type 'Application.DTOs.Orders.OrderDetailsDto'.
2026-08-23 22:01:48.107 +03:00 [INF] Executed DbCommand (1ms) [Parameters=[], CommandType='"Text"', CommandTimeout='30']
SELECT [o].[Id], [o].[CancellationReason], [o].[CancelledAt], [o].[CancelledBy], [o].[CreatedAt], [o].[DiscountAmount], [o].[FinalAmount], [o].[RowVersion], [o].[Status], [o].[TableId], [o].[TotalAmount], [o].[UpdatedAt], [o].[WaiterId], [r].[Id], [r].[Capacity], [r].[RowVersion], [r].[Status], [r].[TableNumber], [r].[WaiterId], [e].[Id], [e].[CreatedAt], [e].[Email], [e].[FullName], [e].[IsActive], [e].[PasswordHash], [e].[Phone], [e].[Role], [o0].[Id], [o0].[CancellationReason], [o0].[CancelledAt], [o0].[CancelledBy], [o0].[MenuItemId], [o0].[Notes], [o0].[OrderId], [o0].[Quantity], [o0].[Status], [o0].[UnitPrice]
FROM [Orders] AS [o]
INNER JOIN [RestaurantTables] AS [r] ON [o].[TableId] = [r].[Id]
INNER JOIN [Employees] AS [e] ON [o].[WaiterId] = [e].[Id]
LEFT JOIN [OrderItems] AS [o0] ON [o].[Id] = [o0].[OrderId]
ORDER BY [o].[Id], [r].[Id], [e].[Id]
2026-08-23 22:01:48.107 +03:00 [INF] Executed action Presentation.Controllers.OrdersController.GetOrderById (Presentation) in 4.1851ms
2026-08-23 22:01:48.108 +03:00 [INF] Executing OkObjectResult, writing value of type 'System.Linq.Enumerable+ListSelectIterator`2[[Domain.Models.Order, Domain, Version=1.0.0.0, Culture=neutral, PublicKeyToken=null],[Application.DTOs.Orders.OrderSummaryDto, Application, Version=1.0.0.0, Culture=neutral, PublicKeyToken=null]]'.
2026-08-23 22:01:48.109 +03:00 [INF] Executed endpoint 'Presentation.Controllers.OrdersController.GetOrderById (Presentation)'
2026-08-23 22:01:48.109 +03:00 [INF] Request starting HTTP/1.1 GET http://localhost:5279/api/Orders/103 - null null
2026-08-23 22:01:48.109 +03:00 [INF] Executed action Presentation.Controllers.OrdersController.GetAllOrders (Presentation) in 3.9385ms
2026-08-23 22:01:48.110 +03:00 [INF] Request finished HTTP/1.1 GET http://localhost:5279/api/Orders/103 - 200 null application/json; charset=utf-8 12.538ms
2026-08-23 22:01:48.111 +03:00 [INF] Executing endpoint 'Presentation.Controllers.OrdersController.GetOrderById (Presentation)'
2026-08-23 22:01:48.111 +03:00 [INF] Executed endpoint 'Presentation.Controllers.OrdersController.GetAllOrders (Presentation)'
2026-08-23 22:01:48.112 +03:00 [INF] Route matched with {action = "GetOrderById", controller = "Orders"}. Executing controller action with signature System.Threading.Tasks.Task`1[Microsoft.AspNetCore.Mvc.IActionResult] GetOrderById(Int32) on controller Presentation.Controllers.OrdersController (Presentation).
2026-08-23 22:01:48.113 +03:00 [INF] Request finished HTTP/1.1 GET http://localhost:5279/api/Orders - 200 null application/json; charset=utf-8 11.8421ms
2026-08-23 22:01:48.115 +03:00 [INF] Executed DbCommand (1ms) [Parameters=[@__id_0='?' (DbType = Int32)], CommandType='"Text"', CommandTimeout='30']
SELECT [s].[Id], [s].[CancellationReason], [s].[CancelledAt], [s].[CancelledBy], [s].[CreatedAt], [s].[DiscountAmount], [s].[FinalAmount], [s].[RowVersion], [s].[Status], [s].[TableId], [s].[TotalAmount], [s].[UpdatedAt], [s].[WaiterId], [s].[Id0], [s].[Capacity], [s].[RowVersion0], [s].[Status0], [s].[TableNumber], [s].[WaiterId0], [s].[Id1], [s].[CreatedAt0], [s].[Email], [s].[FullName], [s].[IsActive], [s].[PasswordHash], [s].[Phone], [s].[Role], [s0].[Id], [s0].[CancellationReason], [s0].[CancelledAt], [s0].[CancelledBy], [s0].[MenuItemId], [s0].[Notes], [s0].[OrderId], [s0].[Quantity], [s0].[Status], [s0].[UnitPrice], [s0].[Id0], [s0].[CategoryId], [s0].[CreatedAt], [s0].[IsAvailable], [s0].[IsSeasonalItem], [s0].[Name], [s0].[Price]
FROM (
    SELECT TOP(1) [o].[Id], [o].[CancellationReason], [o].[CancelledAt], [o].[CancelledBy], [o].[CreatedAt], [o].[DiscountAmount], [o].[FinalAmount], [o].[RowVersion], [o].[Status], [o].[TableId], [o].[TotalAmount], [o].[UpdatedAt], [o].[WaiterId], [r].[Id] AS [Id0], [r].[Capacity], [r].[RowVersion] AS [RowVersion0], [r].[Status] AS [Status0], [r].[TableNumber], [r].[WaiterId] AS [WaiterId0], [e].[Id] AS [Id1], [e].[CreatedAt] AS [CreatedAt0], [e].[Email], [e].[FullName], [e].[IsActive], [e].[PasswordHash], [e].[Phone], [e].[Role]
    FROM [Orders] AS [o]
    INNER JOIN [RestaurantTables] AS [r] ON [o].[TableId] = [r].[Id]
    INNER JOIN [Employees] AS [e] ON [o].[WaiterId] = [e].[Id]
    WHERE [o].[Id] = @__id_0
) AS [s]
LEFT JOIN (
    SELECT [o0].[Id], [o0].[CancellationReason], [o0].[CancelledAt], [o0].[CancelledBy], [o0].[MenuItemId], [o0].[Notes], [o0].[OrderId], [o0].[Quantity], [o0].[Status], [o0].[UnitPrice], [m].[Id] AS [Id0], [m].[CategoryId], [m].[CreatedAt], [m].[IsAvailable], [m].[IsSeasonalItem], [m].[Name], [m].[Price]
    FROM [OrderItems] AS [o0]
    INNER JOIN [MenuItems] AS [m] ON [o0].[MenuItemId] = [m].[Id]
) AS [s0] ON [s].[Id] = [s0].[OrderId]
ORDER BY [s].[Id], [s].[Id0], [s].[Id1], [s0].[Id]
2026-08-23 22:01:48.116 +03:00 [INF] Executing OkObjectResult, writing value of type 'Application.DTOs.Orders.OrderDetailsDto'.
2026-08-23 22:01:48.117 +03:00 [INF] Executed action Presentation.Controllers.OrdersController.GetOrderById (Presentation) in 3.0306ms
2026-08-23 22:01:48.117 +03:00 [INF] Executed endpoint 'Presentation.Controllers.OrdersController.GetOrderById (Presentation)'
2026-08-23 22:01:48.118 +03:00 [INF] Request finished HTTP/1.1 GET http://localhost:5279/api/Orders/103 - 200 null application/json; charset=utf-8 8.632ms
2026-08-23 22:01:48.119 +03:00 [INF] Request starting HTTP/1.1 GET http://localhost:5279/api/Orders/103 - null null
2026-08-23 22:01:48.120 +03:00 [INF] Executing endpoint 'Presentation.Controllers.OrdersController.GetOrderById (Presentation)'
2026-08-23 22:01:48.121 +03:00 [INF] Route matched with {action = "GetOrderById", controller = "Orders"}. Executing controller action with signature System.Threading.Tasks.Task`1[Microsoft.AspNetCore.Mvc.IActionResult] GetOrderById(Int32) on controller Presentation.Controllers.OrdersController (Presentation).
2026-08-23 22:01:48.123 +03:00 [INF] Executed DbCommand (1ms) [Parameters=[@__id_0='?' (DbType = Int32)], CommandType='"Text"', CommandTimeout='30']
SELECT [s].[Id], [s].[CancellationReason], [s].[CancelledAt], [s].[CancelledBy], [s].[CreatedAt], [s].[DiscountAmount], [s].[FinalAmount], [s].[RowVersion], [s].[Status], [s].[TableId], [s].[TotalAmount], [s].[UpdatedAt], [s].[WaiterId], [s].[Id0], [s].[Capacity], [s].[RowVersion0], [s].[Status0], [s].[TableNumber], [s].[WaiterId0], [s].[Id1], [s].[CreatedAt0], [s].[Email], [s].[FullName], [s].[IsActive], [s].[PasswordHash], [s].[Phone], [s].[Role], [s0].[Id], [s0].[CancellationReason], [s0].[CancelledAt], [s0].[CancelledBy], [s0].[MenuItemId], [s0].[Notes], [s0].[OrderId], [s0].[Quantity], [s0].[Status], [s0].[UnitPrice], [s0].[Id0], [s0].[CategoryId], [s0].[CreatedAt], [s0].[IsAvailable], [s0].[IsSeasonalItem], [s0].[Name], [s0].[Price]
FROM (
    SELECT TOP(1) [o].[Id], [o].[CancellationReason], [o].[CancelledAt], [o].[CancelledBy], [o].[CreatedAt], [o].[DiscountAmount], [o].[FinalAmount], [o].[RowVersion], [o].[Status], [o].[TableId], [o].[TotalAmount], [o].[UpdatedAt], [o].[WaiterId], [r].[Id] AS [Id0], [r].[Capacity], [r].[RowVersion] AS [RowVersion0], [r].[Status] AS [Status0], [r].[TableNumber], [r].[WaiterId] AS [WaiterId0], [e].[Id] AS [Id1], [e].[CreatedAt] AS [CreatedAt0], [e].[Email], [e].[FullName], [e].[IsActive], [e].[PasswordHash], [e].[Phone], [e].[Role]
    FROM [Orders] AS [o]
    INNER JOIN [RestaurantTables] AS [r] ON [o].[TableId] = [r].[Id]
    INNER JOIN [Employees] AS [e] ON [o].[WaiterId] = [e].[Id]
    WHERE [o].[Id] = @__id_0
) AS [s]
LEFT JOIN (
    SELECT [o0].[Id], [o0].[CancellationReason], [o0].[CancelledAt], [o0].[CancelledBy], [o0].[MenuItemId], [o0].[Notes], [o0].[OrderId], [o0].[Quantity], [o0].[Status], [o0].[UnitPrice], [m].[Id] AS [Id0], [m].[CategoryId], [m].[CreatedAt], [m].[IsAvailable], [m].[IsSeasonalItem], [m].[Name], [m].[Price]
    FROM [OrderItems] AS [o0]
    INNER JOIN [MenuItems] AS [m] ON [o0].[MenuItemId] = [m].[Id]
) AS [s0] ON [s].[Id] = [s0].[OrderId]
ORDER BY [s].[Id], [s].[Id0], [s].[Id1], [s0].[Id]
2026-08-23 22:01:48.124 +03:00 [INF] Executing OkObjectResult, writing value of type 'Application.DTOs.Orders.OrderDetailsDto'.
2026-08-23 22:01:48.125 +03:00 [INF] Executed action Presentation.Controllers.OrdersController.GetOrderById (Presentation) in 3.226ms
2026-08-23 22:01:48.125 +03:00 [INF] Executed endpoint 'Presentation.Controllers.OrdersController.GetOrderById (Presentation)'
2026-08-23 22:01:48.126 +03:00 [INF] Request finished HTTP/1.1 GET http://localhost:5279/api/Orders/103 - 200 null application/json; charset=utf-8 7.1294ms
2026-08-23 22:01:49.536 +03:00 [INF] Request starting HTTP/1.1 PUT http://localhost:5279/api/Orders/103/items/192/status - application/json 22
2026-08-23 22:01:49.537 +03:00 [INF] CORS policy execution successful.
2026-08-23 22:01:49.537 +03:00 [INF] Executing endpoint 'Presentation.Controllers.OrdersController.UpdateOrderItemStatus (Presentation)'
2026-08-23 22:01:49.538 +03:00 [INF] Route matched with {action = "UpdateOrderItemStatus", controller = "Orders"}. Executing controller action with signature System.Threading.Tasks.Task`1[Microsoft.AspNetCore.Mvc.IActionResult] UpdateOrderItemStatus(Int32, Int32, Application.DTOs.Orders.UpdateOrderItemStatusDto) on controller Presentation.Controllers.OrdersController (Presentation).
2026-08-23 22:01:49.540 +03:00 [INF] Executed DbCommand (1ms) [Parameters=[@__orderId_0='?' (DbType = Int32)], CommandType='"Text"', CommandTimeout='30']
SELECT [o1].[Id], [o1].[CancellationReason], [o1].[CancelledAt], [o1].[CancelledBy], [o1].[CreatedAt], [o1].[DiscountAmount], [o1].[FinalAmount], [o1].[RowVersion], [o1].[Status], [o1].[TableId], [o1].[TotalAmount], [o1].[UpdatedAt], [o1].[WaiterId], [o0].[Id], [o0].[CancellationReason], [o0].[CancelledAt], [o0].[CancelledBy], [o0].[MenuItemId], [o0].[Notes], [o0].[OrderId], [o0].[Quantity], [o0].[Status], [o0].[UnitPrice]
FROM (
    SELECT TOP(1) [o].[Id], [o].[CancellationReason], [o].[CancelledAt], [o].[CancelledBy], [o].[CreatedAt], [o].[DiscountAmount], [o].[FinalAmount], [o].[RowVersion], [o].[Status], [o].[TableId], [o].[TotalAmount], [o].[UpdatedAt], [o].[WaiterId]
    FROM [Orders] AS [o]
    WHERE [o].[Id] = @__orderId_0
) AS [o1]
LEFT JOIN [OrderItems] AS [o0] ON [o1].[Id] = [o0].[OrderId]
ORDER BY [o1].[Id]
2026-08-23 22:01:49.543 +03:00 [INF] Executed DbCommand (1ms) [Parameters=[@p1='?' (DbType = Int32), @p0='?' (DbType = Int32), @p13='?' (DbType = Int32), @p2='?' (Size = 500), @p3='?' (DbType = DateTime2), @p4='?' (DbType = Int32), @p5='?' (DbType = DateTime2), @p6='?' (Precision = 18) (Scale = 2) (DbType = Decimal), @p7='?' (Precision = 18) (Scale = 2) (DbType = Decimal), @p14='?' (Size = 8) (DbType = Binary), @p8='?' (DbType = Int32), @p9='?' (DbType = Int32), @p10='?' (Precision = 18) (Scale = 2) (DbType = Decimal), @p11='?' (DbType = DateTime2), @p12='?' (DbType = Int32)], CommandType='"Text"', CommandTimeout='30']
SET NOCOUNT ON;
UPDATE [OrderItems] SET [Status] = @p0
OUTPUT 1
WHERE [Id] = @p1;
UPDATE [Orders] SET [CancellationReason] = @p2, [CancelledAt] = @p3, [CancelledBy] = @p4, [CreatedAt] = @p5, [DiscountAmount] = @p6, [FinalAmount] = @p7, [Status] = @p8, [TableId] = @p9, [TotalAmount] = @p10, [UpdatedAt] = @p11, [WaiterId] = @p12
OUTPUT INSERTED.[RowVersion]
WHERE [Id] = @p13 AND [RowVersion] = @p14;
2026-08-23 22:01:49.547 +03:00 [INF] Executing OkObjectResult, writing value of type 'Application.DTOs.Orders.OrderResponseDto'.
2026-08-23 22:01:49.548 +03:00 [INF] Executed action Presentation.Controllers.OrdersController.UpdateOrderItemStatus (Presentation) in 9.7244ms
2026-08-23 22:01:49.549 +03:00 [INF] Executed endpoint 'Presentation.Controllers.OrdersController.UpdateOrderItemStatus (Presentation)'
2026-08-23 22:01:49.551 +03:00 [INF] Request finished HTTP/1.1 PUT http://localhost:5279/api/Orders/103/items/192/status - 200 null application/json; charset=utf-8 14.8958ms
2026-08-23 22:01:49.553 +03:00 [INF] Request starting HTTP/1.1 GET http://localhost:5279/api/Orders - null null
2026-08-23 22:01:49.554 +03:00 [INF] Executing endpoint 'Presentation.Controllers.OrdersController.GetAllOrders (Presentation)'
2026-08-23 22:01:49.554 +03:00 [INF] Route matched with {action = "GetAllOrders", controller = "Orders"}. Executing controller action with signature System.Threading.Tasks.Task`1[Microsoft.AspNetCore.Mvc.IActionResult] GetAllOrders(System.Nullable`1[Domain.Enums.OrderStatus]) on controller Presentation.Controllers.OrdersController (Presentation).
2026-08-23 22:01:49.556 +03:00 [INF] Executed DbCommand (1ms) [Parameters=[], CommandType='"Text"', CommandTimeout='30']
SELECT [o].[Id], [o].[CancellationReason], [o].[CancelledAt], [o].[CancelledBy], [o].[CreatedAt], [o].[DiscountAmount], [o].[FinalAmount], [o].[RowVersion], [o].[Status], [o].[TableId], [o].[TotalAmount], [o].[UpdatedAt], [o].[WaiterId], [r].[Id], [r].[Capacity], [r].[RowVersion], [r].[Status], [r].[TableNumber], [r].[WaiterId], [e].[Id], [e].[CreatedAt], [e].[Email], [e].[FullName], [e].[IsActive], [e].[PasswordHash], [e].[Phone], [e].[Role], [o0].[Id], [o0].[CancellationReason], [o0].[CancelledAt], [o0].[CancelledBy], [o0].[MenuItemId], [o0].[Notes], [o0].[OrderId], [o0].[Quantity], [o0].[Status], [o0].[UnitPrice]
FROM [Orders] AS [o]
INNER JOIN [RestaurantTables] AS [r] ON [o].[TableId] = [r].[Id]
INNER JOIN [Employees] AS [e] ON [o].[WaiterId] = [e].[Id]
LEFT JOIN [OrderItems] AS [o0] ON [o].[Id] = [o0].[OrderId]
ORDER BY [o].[Id], [r].[Id], [e].[Id]
2026-08-23 22:01:49.557 +03:00 [INF] Executing OkObjectResult, writing value of type 'System.Linq.Enumerable+ListSelectIterator`2[[Domain.Models.Order, Domain, Version=1.0.0.0, Culture=neutral, PublicKeyToken=null],[Application.DTOs.Orders.OrderSummaryDto, Application, Version=1.0.0.0, Culture=neutral, PublicKeyToken=null]]'.
2026-08-23 22:01:49.558 +03:00 [INF] Executed action Presentation.Controllers.OrdersController.GetAllOrders (Presentation) in 2.9721ms
2026-08-23 22:01:49.558 +03:00 [INF] Executed endpoint 'Presentation.Controllers.OrdersController.GetAllOrders (Presentation)'
2026-08-23 22:01:49.558 +03:00 [INF] Request finished HTTP/1.1 GET http://localhost:5279/api/Orders - 200 null application/json; charset=utf-8 5.7538ms
2026-08-23 22:01:49.559 +03:00 [INF] Request starting HTTP/1.1 GET http://localhost:5279/api/Orders - null null
2026-08-23 22:01:49.561 +03:00 [INF] Executing endpoint 'Presentation.Controllers.OrdersController.GetAllOrders (Presentation)'
2026-08-23 22:01:49.561 +03:00 [INF] Request starting HTTP/1.1 GET http://localhost:5279/api/Orders/103 - null null
2026-08-23 22:01:49.561 +03:00 [INF] Route matched with {action = "GetAllOrders", controller = "Orders"}. Executing controller action with signature System.Threading.Tasks.Task`1[Microsoft.AspNetCore.Mvc.IActionResult] GetAllOrders(System.Nullable`1[Domain.Enums.OrderStatus]) on controller Presentation.Controllers.OrdersController (Presentation).
2026-08-23 22:01:49.563 +03:00 [INF] Executing endpoint 'Presentation.Controllers.OrdersController.GetOrderById (Presentation)'
2026-08-23 22:01:49.565 +03:00 [INF] Route matched with {action = "GetOrderById", controller = "Orders"}. Executing controller action with signature System.Threading.Tasks.Task`1[Microsoft.AspNetCore.Mvc.IActionResult] GetOrderById(Int32) on controller Presentation.Controllers.OrdersController (Presentation).
2026-08-23 22:01:49.565 +03:00 [INF] Executed DbCommand (1ms) [Parameters=[], CommandType='"Text"', CommandTimeout='30']
SELECT [o].[Id], [o].[CancellationReason], [o].[CancelledAt], [o].[CancelledBy], [o].[CreatedAt], [o].[DiscountAmount], [o].[FinalAmount], [o].[RowVersion], [o].[Status], [o].[TableId], [o].[TotalAmount], [o].[UpdatedAt], [o].[WaiterId], [r].[Id], [r].[Capacity], [r].[RowVersion], [r].[Status], [r].[TableNumber], [r].[WaiterId], [e].[Id], [e].[CreatedAt], [e].[Email], [e].[FullName], [e].[IsActive], [e].[PasswordHash], [e].[Phone], [e].[Role], [o0].[Id], [o0].[CancellationReason], [o0].[CancelledAt], [o0].[CancelledBy], [o0].[MenuItemId], [o0].[Notes], [o0].[OrderId], [o0].[Quantity], [o0].[Status], [o0].[UnitPrice]
FROM [Orders] AS [o]
INNER JOIN [RestaurantTables] AS [r] ON [o].[TableId] = [r].[Id]
INNER JOIN [Employees] AS [e] ON [o].[WaiterId] = [e].[Id]
LEFT JOIN [OrderItems] AS [o0] ON [o].[Id] = [o0].[OrderId]
ORDER BY [o].[Id], [r].[Id], [e].[Id]
2026-08-23 22:01:49.567 +03:00 [INF] Executed DbCommand (0ms) [Parameters=[@__id_0='?' (DbType = Int32)], CommandType='"Text"', CommandTimeout='30']
SELECT [s].[Id], [s].[CancellationReason], [s].[CancelledAt], [s].[CancelledBy], [s].[CreatedAt], [s].[DiscountAmount], [s].[FinalAmount], [s].[RowVersion], [s].[Status], [s].[TableId], [s].[TotalAmount], [s].[UpdatedAt], [s].[WaiterId], [s].[Id0], [s].[Capacity], [s].[RowVersion0], [s].[Status0], [s].[TableNumber], [s].[WaiterId0], [s].[Id1], [s].[CreatedAt0], [s].[Email], [s].[FullName], [s].[IsActive], [s].[PasswordHash], [s].[Phone], [s].[Role], [s0].[Id], [s0].[CancellationReason], [s0].[CancelledAt], [s0].[CancelledBy], [s0].[MenuItemId], [s0].[Notes], [s0].[OrderId], [s0].[Quantity], [s0].[Status], [s0].[UnitPrice], [s0].[Id0], [s0].[CategoryId], [s0].[CreatedAt], [s0].[IsAvailable], [s0].[IsSeasonalItem], [s0].[Name], [s0].[Price]
FROM (
    SELECT TOP(1) [o].[Id], [o].[CancellationReason], [o].[CancelledAt], [o].[CancelledBy], [o].[CreatedAt], [o].[DiscountAmount], [o].[FinalAmount], [o].[RowVersion], [o].[Status], [o].[TableId], [o].[TotalAmount], [o].[UpdatedAt], [o].[WaiterId], [r].[Id] AS [Id0], [r].[Capacity], [r].[RowVersion] AS [RowVersion0], [r].[Status] AS [Status0], [r].[TableNumber], [r].[WaiterId] AS [WaiterId0], [e].[Id] AS [Id1], [e].[CreatedAt] AS [CreatedAt0], [e].[Email], [e].[FullName], [e].[IsActive], [e].[PasswordHash], [e].[Phone], [e].[Role]
    FROM [Orders] AS [o]
    INNER JOIN [RestaurantTables] AS [r] ON [o].[TableId] = [r].[Id]
    INNER JOIN [Employees] AS [e] ON [o].[WaiterId] = [e].[Id]
    WHERE [o].[Id] = @__id_0
) AS [s]
LEFT JOIN (
    SELECT [o0].[Id], [o0].[CancellationReason], [o0].[CancelledAt], [o0].[CancelledBy], [o0].[MenuItemId], [o0].[Notes], [o0].[OrderId], [o0].[Quantity], [o0].[Status], [o0].[UnitPrice], [m].[Id] AS [Id0], [m].[CategoryId], [m].[CreatedAt], [m].[IsAvailable], [m].[IsSeasonalItem], [m].[Name], [m].[Price]
    FROM [OrderItems] AS [o0]
    INNER JOIN [MenuItems] AS [m] ON [o0].[MenuItemId] = [m].[Id]
) AS [s0] ON [s].[Id] = [s0].[OrderId]
ORDER BY [s].[Id], [s].[Id0], [s].[Id1], [s0].[Id]
2026-08-23 22:01:49.568 +03:00 [INF] Executing OkObjectResult, writing value of type 'System.Linq.Enumerable+ListSelectIterator`2[[Domain.Models.Order, Domain, Version=1.0.0.0, Culture=neutral, PublicKeyToken=null],[Application.DTOs.Orders.OrderSummaryDto, Application, Version=1.0.0.0, Culture=neutral, PublicKeyToken=null]]'.
2026-08-23 22:01:49.569 +03:00 [INF] Executing OkObjectResult, writing value of type 'Application.DTOs.Orders.OrderDetailsDto'.
2026-08-23 22:01:49.571 +03:00 [INF] Executed action Presentation.Controllers.OrdersController.GetAllOrders (Presentation) in 6.4867ms
2026-08-23 22:01:49.572 +03:00 [INF] Executed endpoint 'Presentation.Controllers.OrdersController.GetAllOrders (Presentation)'
2026-08-23 22:01:49.572 +03:00 [INF] Executed action Presentation.Controllers.OrdersController.GetOrderById (Presentation) in 5.5901ms
2026-08-23 22:01:49.573 +03:00 [INF] Request starting HTTP/1.1 GET http://localhost:5279/api/Orders - null null
2026-08-23 22:01:49.573 +03:00 [INF] Request finished HTTP/1.1 GET http://localhost:5279/api/Orders - 200 null application/json; charset=utf-8 13.7455ms
2026-08-23 22:01:49.574 +03:00 [INF] Executed endpoint 'Presentation.Controllers.OrdersController.GetOrderById (Presentation)'
2026-08-23 22:01:49.576 +03:00 [INF] Executing endpoint 'Presentation.Controllers.OrdersController.GetAllOrders (Presentation)'
2026-08-23 22:01:49.576 +03:00 [INF] Request starting HTTP/1.1 GET http://localhost:5279/api/Orders/103 - null null
2026-08-23 22:01:49.578 +03:00 [INF] Request finished HTTP/1.1 GET http://localhost:5279/api/Orders/103 - 200 null application/json; charset=utf-8 16.9744ms
2026-08-23 22:01:49.579 +03:00 [INF] Route matched with {action = "GetAllOrders", controller = "Orders"}. Executing controller action with signature System.Threading.Tasks.Task`1[Microsoft.AspNetCore.Mvc.IActionResult] GetAllOrders(System.Nullable`1[Domain.Enums.OrderStatus]) on controller Presentation.Controllers.OrdersController (Presentation).
2026-08-23 22:01:49.581 +03:00 [INF] Executing endpoint 'Presentation.Controllers.OrdersController.GetOrderById (Presentation)'
2026-08-23 22:01:49.585 +03:00 [INF] Route matched with {action = "GetOrderById", controller = "Orders"}. Executing controller action with signature System.Threading.Tasks.Task`1[Microsoft.AspNetCore.Mvc.IActionResult] GetOrderById(Int32) on controller Presentation.Controllers.OrdersController (Presentation).
2026-08-23 22:01:49.585 +03:00 [INF] Executed DbCommand (1ms) [Parameters=[], CommandType='"Text"', CommandTimeout='30']
SELECT [o].[Id], [o].[CancellationReason], [o].[CancelledAt], [o].[CancelledBy], [o].[CreatedAt], [o].[DiscountAmount], [o].[FinalAmount], [o].[RowVersion], [o].[Status], [o].[TableId], [o].[TotalAmount], [o].[UpdatedAt], [o].[WaiterId], [r].[Id], [r].[Capacity], [r].[RowVersion], [r].[Status], [r].[TableNumber], [r].[WaiterId], [e].[Id], [e].[CreatedAt], [e].[Email], [e].[FullName], [e].[IsActive], [e].[PasswordHash], [e].[Phone], [e].[Role], [o0].[Id], [o0].[CancellationReason], [o0].[CancelledAt], [o0].[CancelledBy], [o0].[MenuItemId], [o0].[Notes], [o0].[OrderId], [o0].[Quantity], [o0].[Status], [o0].[UnitPrice]
FROM [Orders] AS [o]
INNER JOIN [RestaurantTables] AS [r] ON [o].[TableId] = [r].[Id]
INNER JOIN [Employees] AS [e] ON [o].[WaiterId] = [e].[Id]
LEFT JOIN [OrderItems] AS [o0] ON [o].[Id] = [o0].[OrderId]
ORDER BY [o].[Id], [r].[Id], [e].[Id]
2026-08-23 22:01:49.586 +03:00 [INF] Executed DbCommand (0ms) [Parameters=[@__id_0='?' (DbType = Int32)], CommandType='"Text"', CommandTimeout='30']
SELECT [s].[Id], [s].[CancellationReason], [s].[CancelledAt], [s].[CancelledBy], [s].[CreatedAt], [s].[DiscountAmount], [s].[FinalAmount], [s].[RowVersion], [s].[Status], [s].[TableId], [s].[TotalAmount], [s].[UpdatedAt], [s].[WaiterId], [s].[Id0], [s].[Capacity], [s].[RowVersion0], [s].[Status0], [s].[TableNumber], [s].[WaiterId0], [s].[Id1], [s].[CreatedAt0], [s].[Email], [s].[FullName], [s].[IsActive], [s].[PasswordHash], [s].[Phone], [s].[Role], [s0].[Id], [s0].[CancellationReason], [s0].[CancelledAt], [s0].[CancelledBy], [s0].[MenuItemId], [s0].[Notes], [s0].[OrderId], [s0].[Quantity], [s0].[Status], [s0].[UnitPrice], [s0].[Id0], [s0].[CategoryId], [s0].[CreatedAt], [s0].[IsAvailable], [s0].[IsSeasonalItem], [s0].[Name], [s0].[Price]
FROM (
    SELECT TOP(1) [o].[Id], [o].[CancellationReason], [o].[CancelledAt], [o].[CancelledBy], [o].[CreatedAt], [o].[DiscountAmount], [o].[FinalAmount], [o].[RowVersion], [o].[Status], [o].[TableId], [o].[TotalAmount], [o].[UpdatedAt], [o].[WaiterId], [r].[Id] AS [Id0], [r].[Capacity], [r].[RowVersion] AS [RowVersion0], [r].[Status] AS [Status0], [r].[TableNumber], [r].[WaiterId] AS [WaiterId0], [e].[Id] AS [Id1], [e].[CreatedAt] AS [CreatedAt0], [e].[Email], [e].[FullName], [e].[IsActive], [e].[PasswordHash], [e].[Phone], [e].[Role]
    FROM [Orders] AS [o]
    INNER JOIN [RestaurantTables] AS [r] ON [o].[TableId] = [r].[Id]
    INNER JOIN [Employees] AS [e] ON [o].[WaiterId] = [e].[Id]
    WHERE [o].[Id] = @__id_0
) AS [s]
LEFT JOIN (
    SELECT [o0].[Id], [o0].[CancellationReason], [o0].[CancelledAt], [o0].[CancelledBy], [o0].[MenuItemId], [o0].[Notes], [o0].[OrderId], [o0].[Quantity], [o0].[Status], [o0].[UnitPrice], [m].[Id] AS [Id0], [m].[CategoryId], [m].[CreatedAt], [m].[IsAvailable], [m].[IsSeasonalItem], [m].[Name], [m].[Price]
    FROM [OrderItems] AS [o0]
    INNER JOIN [MenuItems] AS [m] ON [o0].[MenuItemId] = [m].[Id]
) AS [s0] ON [s].[Id] = [s0].[OrderId]
ORDER BY [s].[Id], [s].[Id0], [s].[Id1], [s0].[Id]
2026-08-23 22:01:49.587 +03:00 [INF] Executing OkObjectResult, writing value of type 'System.Linq.Enumerable+ListSelectIterator`2[[Domain.Models.Order, Domain, Version=1.0.0.0, Culture=neutral, PublicKeyToken=null],[Application.DTOs.Orders.OrderSummaryDto, Application, Version=1.0.0.0, Culture=neutral, PublicKeyToken=null]]'.
2026-08-23 22:01:49.589 +03:00 [INF] Executing OkObjectResult, writing value of type 'Application.DTOs.Orders.OrderDetailsDto'.
2026-08-23 22:01:49.589 +03:00 [INF] Executed action Presentation.Controllers.OrdersController.GetAllOrders (Presentation) in 5.4266ms
2026-08-23 22:01:49.590 +03:00 [INF] Executed action Presentation.Controllers.OrdersController.GetOrderById (Presentation) in 4.1891ms
2026-08-23 22:01:49.591 +03:00 [INF] Executed endpoint 'Presentation.Controllers.OrdersController.GetAllOrders (Presentation)'
2026-08-23 22:01:49.591 +03:00 [INF] Request starting HTTP/1.1 GET http://localhost:5279/api/Orders - null null
2026-08-23 22:01:49.592 +03:00 [INF] Executed endpoint 'Presentation.Controllers.OrdersController.GetOrderById (Presentation)'
2026-08-23 22:01:49.592 +03:00 [INF] Request finished HTTP/1.1 GET http://localhost:5279/api/Orders - 200 null application/json; charset=utf-8 19.7911ms
2026-08-23 22:01:49.594 +03:00 [INF] Executing endpoint 'Presentation.Controllers.OrdersController.GetAllOrders (Presentation)'
2026-08-23 22:01:49.595 +03:00 [INF] Request finished HTTP/1.1 GET http://localhost:5279/api/Orders/103 - 200 null application/json; charset=utf-8 19.0914ms
2026-08-23 22:01:49.596 +03:00 [INF] Request starting HTTP/1.1 GET http://localhost:5279/api/Orders/103 - null null
2026-08-23 22:01:49.598 +03:00 [INF] Route matched with {action = "GetAllOrders", controller = "Orders"}. Executing controller action with signature System.Threading.Tasks.Task`1[Microsoft.AspNetCore.Mvc.IActionResult] GetAllOrders(System.Nullable`1[Domain.Enums.OrderStatus]) on controller Presentation.Controllers.OrdersController (Presentation).
2026-08-23 22:01:49.601 +03:00 [INF] Executing endpoint 'Presentation.Controllers.OrdersController.GetOrderById (Presentation)'
2026-08-23 22:01:49.603 +03:00 [INF] Route matched with {action = "GetOrderById", controller = "Orders"}. Executing controller action with signature System.Threading.Tasks.Task`1[Microsoft.AspNetCore.Mvc.IActionResult] GetOrderById(Int32) on controller Presentation.Controllers.OrdersController (Presentation).
2026-08-23 22:01:49.603 +03:00 [INF] Executed DbCommand (1ms) [Parameters=[], CommandType='"Text"', CommandTimeout='30']
SELECT [o].[Id], [o].[CancellationReason], [o].[CancelledAt], [o].[CancelledBy], [o].[CreatedAt], [o].[DiscountAmount], [o].[FinalAmount], [o].[RowVersion], [o].[Status], [o].[TableId], [o].[TotalAmount], [o].[UpdatedAt], [o].[WaiterId], [r].[Id], [r].[Capacity], [r].[RowVersion], [r].[Status], [r].[TableNumber], [r].[WaiterId], [e].[Id], [e].[CreatedAt], [e].[Email], [e].[FullName], [e].[IsActive], [e].[PasswordHash], [e].[Phone], [e].[Role], [o0].[Id], [o0].[CancellationReason], [o0].[CancelledAt], [o0].[CancelledBy], [o0].[MenuItemId], [o0].[Notes], [o0].[OrderId], [o0].[Quantity], [o0].[Status], [o0].[UnitPrice]
FROM [Orders] AS [o]
INNER JOIN [RestaurantTables] AS [r] ON [o].[TableId] = [r].[Id]
INNER JOIN [Employees] AS [e] ON [o].[WaiterId] = [e].[Id]
LEFT JOIN [OrderItems] AS [o0] ON [o].[Id] = [o0].[OrderId]
ORDER BY [o].[Id], [r].[Id], [e].[Id]
2026-08-23 22:01:49.605 +03:00 [INF] Executed DbCommand (0ms) [Parameters=[@__id_0='?' (DbType = Int32)], CommandType='"Text"', CommandTimeout='30']
SELECT [s].[Id], [s].[CancellationReason], [s].[CancelledAt], [s].[CancelledBy], [s].[CreatedAt], [s].[DiscountAmount], [s].[FinalAmount], [s].[RowVersion], [s].[Status], [s].[TableId], [s].[TotalAmount], [s].[UpdatedAt], [s].[WaiterId], [s].[Id0], [s].[Capacity], [s].[RowVersion0], [s].[Status0], [s].[TableNumber], [s].[WaiterId0], [s].[Id1], [s].[CreatedAt0], [s].[Email], [s].[FullName], [s].[IsActive], [s].[PasswordHash], [s].[Phone], [s].[Role], [s0].[Id], [s0].[CancellationReason], [s0].[CancelledAt], [s0].[CancelledBy], [s0].[MenuItemId], [s0].[Notes], [s0].[OrderId], [s0].[Quantity], [s0].[Status], [s0].[UnitPrice], [s0].[Id0], [s0].[CategoryId], [s0].[CreatedAt], [s0].[IsAvailable], [s0].[IsSeasonalItem], [s0].[Name], [s0].[Price]
FROM (
    SELECT TOP(1) [o].[Id], [o].[CancellationReason], [o].[CancelledAt], [o].[CancelledBy], [o].[CreatedAt], [o].[DiscountAmount], [o].[FinalAmount], [o].[RowVersion], [o].[Status], [o].[TableId], [o].[TotalAmount], [o].[UpdatedAt], [o].[WaiterId], [r].[Id] AS [Id0], [r].[Capacity], [r].[RowVersion] AS [RowVersion0], [r].[Status] AS [Status0], [r].[TableNumber], [r].[WaiterId] AS [WaiterId0], [e].[Id] AS [Id1], [e].[CreatedAt] AS [CreatedAt0], [e].[Email], [e].[FullName], [e].[IsActive], [e].[PasswordHash], [e].[Phone], [e].[Role]
    FROM [Orders] AS [o]
    INNER JOIN [RestaurantTables] AS [r] ON [o].[TableId] = [r].[Id]
    INNER JOIN [Employees] AS [e] ON [o].[WaiterId] = [e].[Id]
    WHERE [o].[Id] = @__id_0
) AS [s]
LEFT JOIN (
    SELECT [o0].[Id], [o0].[CancellationReason], [o0].[CancelledAt], [o0].[CancelledBy], [o0].[MenuItemId], [o0].[Notes], [o0].[OrderId], [o0].[Quantity], [o0].[Status], [o0].[UnitPrice], [m].[Id] AS [Id0], [m].[CategoryId], [m].[CreatedAt], [m].[IsAvailable], [m].[IsSeasonalItem], [m].[Name], [m].[Price]
    FROM [OrderItems] AS [o0]
    INNER JOIN [MenuItems] AS [m] ON [o0].[MenuItemId] = [m].[Id]
) AS [s0] ON [s].[Id] = [s0].[OrderId]
ORDER BY [s].[Id], [s].[Id0], [s].[Id1], [s0].[Id]
2026-08-23 22:01:49.606 +03:00 [INF] Executing OkObjectResult, writing value of type 'System.Linq.Enumerable+ListSelectIterator`2[[Domain.Models.Order, Domain, Version=1.0.0.0, Culture=neutral, PublicKeyToken=null],[Application.DTOs.Orders.OrderSummaryDto, Application, Version=1.0.0.0, Culture=neutral, PublicKeyToken=null]]'.
2026-08-23 22:01:49.608 +03:00 [INF] Executing OkObjectResult, writing value of type 'Application.DTOs.Orders.OrderDetailsDto'.
2026-08-23 22:01:49.608 +03:00 [INF] Executed action Presentation.Controllers.OrdersController.GetAllOrders (Presentation) in 5.9957ms
2026-08-23 22:01:49.609 +03:00 [INF] Executed action Presentation.Controllers.OrdersController.GetOrderById (Presentation) in 4.7755ms
2026-08-23 22:01:49.610 +03:00 [INF] Executed endpoint 'Presentation.Controllers.OrdersController.GetAllOrders (Presentation)'
2026-08-23 22:01:49.610 +03:00 [INF] Request starting HTTP/1.1 GET http://localhost:5279/api/Orders - null null
2026-08-23 22:01:49.611 +03:00 [INF] Executed endpoint 'Presentation.Controllers.OrdersController.GetOrderById (Presentation)'
2026-08-23 22:01:49.611 +03:00 [INF] Request finished HTTP/1.1 GET http://localhost:5279/api/Orders - 200 null application/json; charset=utf-8 19.6627ms
2026-08-23 22:01:49.612 +03:00 [INF] Executing endpoint 'Presentation.Controllers.OrdersController.GetAllOrders (Presentation)'
2026-08-23 22:01:49.612 +03:00 [INF] Request finished HTTP/1.1 GET http://localhost:5279/api/Orders/103 - 200 null application/json; charset=utf-8 16.2715ms
2026-08-23 22:01:49.614 +03:00 [INF] Route matched with {action = "GetAllOrders", controller = "Orders"}. Executing controller action with signature System.Threading.Tasks.Task`1[Microsoft.AspNetCore.Mvc.IActionResult] GetAllOrders(System.Nullable`1[Domain.Enums.OrderStatus]) on controller Presentation.Controllers.OrdersController (Presentation).
2026-08-23 22:01:49.614 +03:00 [INF] Request starting HTTP/1.1 GET http://localhost:5279/api/Orders/103 - null null
2026-08-23 22:01:49.616 +03:00 [INF] Executed DbCommand (1ms) [Parameters=[], CommandType='"Text"', CommandTimeout='30']
SELECT [o].[Id], [o].[CancellationReason], [o].[CancelledAt], [o].[CancelledBy], [o].[CreatedAt], [o].[DiscountAmount], [o].[FinalAmount], [o].[RowVersion], [o].[Status], [o].[TableId], [o].[TotalAmount], [o].[UpdatedAt], [o].[WaiterId], [r].[Id], [r].[Capacity], [r].[RowVersion], [r].[Status], [r].[TableNumber], [r].[WaiterId], [e].[Id], [e].[CreatedAt], [e].[Email], [e].[FullName], [e].[IsActive], [e].[PasswordHash], [e].[Phone], [e].[Role], [o0].[Id], [o0].[CancellationReason], [o0].[CancelledAt], [o0].[CancelledBy], [o0].[MenuItemId], [o0].[Notes], [o0].[OrderId], [o0].[Quantity], [o0].[Status], [o0].[UnitPrice]
FROM [Orders] AS [o]
INNER JOIN [RestaurantTables] AS [r] ON [o].[TableId] = [r].[Id]
INNER JOIN [Employees] AS [e] ON [o].[WaiterId] = [e].[Id]
LEFT JOIN [OrderItems] AS [o0] ON [o].[Id] = [o0].[OrderId]
ORDER BY [o].[Id], [r].[Id], [e].[Id]
2026-08-23 22:01:49.616 +03:00 [INF] Executing endpoint 'Presentation.Controllers.OrdersController.GetOrderById (Presentation)'
2026-08-23 22:01:49.617 +03:00 [INF] Executing OkObjectResult, writing value of type 'System.Linq.Enumerable+ListSelectIterator`2[[Domain.Models.Order, Domain, Version=1.0.0.0, Culture=neutral, PublicKeyToken=null],[Application.DTOs.Orders.OrderSummaryDto, Application, Version=1.0.0.0, Culture=neutral, PublicKeyToken=null]]'.
2026-08-23 22:01:49.617 +03:00 [INF] Route matched with {action = "GetOrderById", controller = "Orders"}. Executing controller action with signature System.Threading.Tasks.Task`1[Microsoft.AspNetCore.Mvc.IActionResult] GetOrderById(Int32) on controller Presentation.Controllers.OrdersController (Presentation).
2026-08-23 22:01:49.618 +03:00 [INF] Executed action Presentation.Controllers.OrdersController.GetAllOrders (Presentation) in 2.5162ms
2026-08-23 22:01:49.619 +03:00 [INF] Executed endpoint 'Presentation.Controllers.OrdersController.GetAllOrders (Presentation)'
2026-08-23 22:01:49.619 +03:00 [INF] Executed DbCommand (0ms) [Parameters=[@__id_0='?' (DbType = Int32)], CommandType='"Text"', CommandTimeout='30']
SELECT [s].[Id], [s].[CancellationReason], [s].[CancelledAt], [s].[CancelledBy], [s].[CreatedAt], [s].[DiscountAmount], [s].[FinalAmount], [s].[RowVersion], [s].[Status], [s].[TableId], [s].[TotalAmount], [s].[UpdatedAt], [s].[WaiterId], [s].[Id0], [s].[Capacity], [s].[RowVersion0], [s].[Status0], [s].[TableNumber], [s].[WaiterId0], [s].[Id1], [s].[CreatedAt0], [s].[Email], [s].[FullName], [s].[IsActive], [s].[PasswordHash], [s].[Phone], [s].[Role], [s0].[Id], [s0].[CancellationReason], [s0].[CancelledAt], [s0].[CancelledBy], [s0].[MenuItemId], [s0].[Notes], [s0].[OrderId], [s0].[Quantity], [s0].[Status], [s0].[UnitPrice], [s0].[Id0], [s0].[CategoryId], [s0].[CreatedAt], [s0].[IsAvailable], [s0].[IsSeasonalItem], [s0].[Name], [s0].[Price]
FROM (
    SELECT TOP(1) [o].[Id], [o].[CancellationReason], [o].[CancelledAt], [o].[CancelledBy], [o].[CreatedAt], [o].[DiscountAmount], [o].[FinalAmount], [o].[RowVersion], [o].[Status], [o].[TableId], [o].[TotalAmount], [o].[UpdatedAt], [o].[WaiterId], [r].[Id] AS [Id0], [r].[Capacity], [r].[RowVersion] AS [RowVersion0], [r].[Status] AS [Status0], [r].[TableNumber], [r].[WaiterId] AS [WaiterId0], [e].[Id] AS [Id1], [e].[CreatedAt] AS [CreatedAt0], [e].[Email], [e].[FullName], [e].[IsActive], [e].[PasswordHash], [e].[Phone], [e].[Role]
    FROM [Orders] AS [o]
    INNER JOIN [RestaurantTables] AS [r] ON [o].[TableId] = [r].[Id]
    INNER JOIN [Employees] AS [e] ON [o].[WaiterId] = [e].[Id]
    WHERE [o].[Id] = @__id_0
) AS [s]
LEFT JOIN (
    SELECT [o0].[Id], [o0].[CancellationReason], [o0].[CancelledAt], [o0].[CancelledBy], [o0].[MenuItemId], [o0].[Notes], [o0].[OrderId], [o0].[Quantity], [o0].[Status], [o0].[UnitPrice], [m].[Id] AS [Id0], [m].[CategoryId], [m].[CreatedAt], [m].[IsAvailable], [m].[IsSeasonalItem], [m].[Name], [m].[Price]
    FROM [OrderItems] AS [o0]
    INNER JOIN [MenuItems] AS [m] ON [o0].[MenuItemId] = [m].[Id]
) AS [s0] ON [s].[Id] = [s0].[OrderId]
ORDER BY [s].[Id], [s].[Id0], [s].[Id1], [s0].[Id]
2026-08-23 22:01:49.619 +03:00 [INF] Request finished HTTP/1.1 GET http://localhost:5279/api/Orders - 200 null application/json; charset=utf-8 8.8994ms
2026-08-23 22:01:49.620 +03:00 [INF] Executing OkObjectResult, writing value of type 'Application.DTOs.Orders.OrderDetailsDto'.
2026-08-23 22:01:49.622 +03:00 [INF] Executed action Presentation.Controllers.OrdersController.GetOrderById (Presentation) in 3.3717ms
2026-08-23 22:01:49.622 +03:00 [INF] Executed endpoint 'Presentation.Controllers.OrdersController.GetOrderById (Presentation)'
2026-08-23 22:01:49.623 +03:00 [INF] Request finished HTTP/1.1 GET http://localhost:5279/api/Orders/103 - 200 null application/json; charset=utf-8 8.9201ms
2026-08-23 22:01:49.624 +03:00 [INF] Request starting HTTP/1.1 GET http://localhost:5279/api/Orders/103 - null null
2026-08-23 22:01:49.625 +03:00 [INF] Executing endpoint 'Presentation.Controllers.OrdersController.GetOrderById (Presentation)'
2026-08-23 22:01:49.626 +03:00 [INF] Route matched with {action = "GetOrderById", controller = "Orders"}. Executing controller action with signature System.Threading.Tasks.Task`1[Microsoft.AspNetCore.Mvc.IActionResult] GetOrderById(Int32) on controller Presentation.Controllers.OrdersController (Presentation).
2026-08-23 22:01:49.628 +03:00 [INF] Executed DbCommand (1ms) [Parameters=[@__id_0='?' (DbType = Int32)], CommandType='"Text"', CommandTimeout='30']
SELECT [s].[Id], [s].[CancellationReason], [s].[CancelledAt], [s].[CancelledBy], [s].[CreatedAt], [s].[DiscountAmount], [s].[FinalAmount], [s].[RowVersion], [s].[Status], [s].[TableId], [s].[TotalAmount], [s].[UpdatedAt], [s].[WaiterId], [s].[Id0], [s].[Capacity], [s].[RowVersion0], [s].[Status0], [s].[TableNumber], [s].[WaiterId0], [s].[Id1], [s].[CreatedAt0], [s].[Email], [s].[FullName], [s].[IsActive], [s].[PasswordHash], [s].[Phone], [s].[Role], [s0].[Id], [s0].[CancellationReason], [s0].[CancelledAt], [s0].[CancelledBy], [s0].[MenuItemId], [s0].[Notes], [s0].[OrderId], [s0].[Quantity], [s0].[Status], [s0].[UnitPrice], [s0].[Id0], [s0].[CategoryId], [s0].[CreatedAt], [s0].[IsAvailable], [s0].[IsSeasonalItem], [s0].[Name], [s0].[Price]
FROM (
    SELECT TOP(1) [o].[Id], [o].[CancellationReason], [o].[CancelledAt], [o].[CancelledBy], [o].[CreatedAt], [o].[DiscountAmount], [o].[FinalAmount], [o].[RowVersion], [o].[Status], [o].[TableId], [o].[TotalAmount], [o].[UpdatedAt], [o].[WaiterId], [r].[Id] AS [Id0], [r].[Capacity], [r].[RowVersion] AS [RowVersion0], [r].[Status] AS [Status0], [r].[TableNumber], [r].[WaiterId] AS [WaiterId0], [e].[Id] AS [Id1], [e].[CreatedAt] AS [CreatedAt0], [e].[Email], [e].[FullName], [e].[IsActive], [e].[PasswordHash], [e].[Phone], [e].[Role]
    FROM [Orders] AS [o]
    INNER JOIN [RestaurantTables] AS [r] ON [o].[TableId] = [r].[Id]
    INNER JOIN [Employees] AS [e] ON [o].[WaiterId] = [e].[Id]
    WHERE [o].[Id] = @__id_0
) AS [s]
LEFT JOIN (
    SELECT [o0].[Id], [o0].[CancellationReason], [o0].[CancelledAt], [o0].[CancelledBy], [o0].[MenuItemId], [o0].[Notes], [o0].[OrderId], [o0].[Quantity], [o0].[Status], [o0].[UnitPrice], [m].[Id] AS [Id0], [m].[CategoryId], [m].[CreatedAt], [m].[IsAvailable], [m].[IsSeasonalItem], [m].[Name], [m].[Price]
    FROM [OrderItems] AS [o0]
    INNER JOIN [MenuItems] AS [m] ON [o0].[MenuItemId] = [m].[Id]
) AS [s0] ON [s].[Id] = [s0].[OrderId]
ORDER BY [s].[Id], [s].[Id0], [s].[Id1], [s0].[Id]
2026-08-23 22:01:49.629 +03:00 [INF] Executing OkObjectResult, writing value of type 'Application.DTOs.Orders.OrderDetailsDto'.
2026-08-23 22:01:49.629 +03:00 [INF] Executed action Presentation.Controllers.OrdersController.GetOrderById (Presentation) in 2.6128ms
2026-08-23 22:01:49.630 +03:00 [INF] Executed endpoint 'Presentation.Controllers.OrdersController.GetOrderById (Presentation)'
2026-08-23 22:01:49.630 +03:00 [INF] Request finished HTTP/1.1 GET http://localhost:5279/api/Orders/103 - 200 null application/json; charset=utf-8 6.6065ms
2026-08-23 22:01:55.091 +03:00 [INF] Request starting HTTP/1.1 PUT http://localhost:5279/api/Orders/103/items/191/status - application/json 18
2026-08-23 22:01:55.092 +03:00 [INF] CORS policy execution successful.
2026-08-23 22:01:55.092 +03:00 [INF] Executing endpoint 'Presentation.Controllers.OrdersController.UpdateOrderItemStatus (Presentation)'
2026-08-23 22:01:55.092 +03:00 [INF] Route matched with {action = "UpdateOrderItemStatus", controller = "Orders"}. Executing controller action with signature System.Threading.Tasks.Task`1[Microsoft.AspNetCore.Mvc.IActionResult] UpdateOrderItemStatus(Int32, Int32, Application.DTOs.Orders.UpdateOrderItemStatusDto) on controller Presentation.Controllers.OrdersController (Presentation).
2026-08-23 22:01:55.094 +03:00 [INF] Executed DbCommand (0ms) [Parameters=[@__orderId_0='?' (DbType = Int32)], CommandType='"Text"', CommandTimeout='30']
SELECT [o1].[Id], [o1].[CancellationReason], [o1].[CancelledAt], [o1].[CancelledBy], [o1].[CreatedAt], [o1].[DiscountAmount], [o1].[FinalAmount], [o1].[RowVersion], [o1].[Status], [o1].[TableId], [o1].[TotalAmount], [o1].[UpdatedAt], [o1].[WaiterId], [o0].[Id], [o0].[CancellationReason], [o0].[CancelledAt], [o0].[CancelledBy], [o0].[MenuItemId], [o0].[Notes], [o0].[OrderId], [o0].[Quantity], [o0].[Status], [o0].[UnitPrice]
FROM (
    SELECT TOP(1) [o].[Id], [o].[CancellationReason], [o].[CancelledAt], [o].[CancelledBy], [o].[CreatedAt], [o].[DiscountAmount], [o].[FinalAmount], [o].[RowVersion], [o].[Status], [o].[TableId], [o].[TotalAmount], [o].[UpdatedAt], [o].[WaiterId]
    FROM [Orders] AS [o]
    WHERE [o].[Id] = @__orderId_0
) AS [o1]
LEFT JOIN [OrderItems] AS [o0] ON [o1].[Id] = [o0].[OrderId]
ORDER BY [o1].[Id]
2026-08-23 22:01:55.096 +03:00 [INF] Executed DbCommand (0ms) [Parameters=[@p1='?' (DbType = Int32), @p0='?' (DbType = Int32), @p13='?' (DbType = Int32), @p2='?' (Size = 500), @p3='?' (DbType = DateTime2), @p4='?' (DbType = Int32), @p5='?' (DbType = DateTime2), @p6='?' (Precision = 18) (Scale = 2) (DbType = Decimal), @p7='?' (Precision = 18) (Scale = 2) (DbType = Decimal), @p14='?' (Size = 8) (DbType = Binary), @p8='?' (DbType = Int32), @p9='?' (DbType = Int32), @p10='?' (Precision = 18) (Scale = 2) (DbType = Decimal), @p11='?' (DbType = DateTime2), @p12='?' (DbType = Int32)], CommandType='"Text"', CommandTimeout='30']
SET NOCOUNT ON;
UPDATE [OrderItems] SET [Status] = @p0
OUTPUT 1
WHERE [Id] = @p1;
UPDATE [Orders] SET [CancellationReason] = @p2, [CancelledAt] = @p3, [CancelledBy] = @p4, [CreatedAt] = @p5, [DiscountAmount] = @p6, [FinalAmount] = @p7, [Status] = @p8, [TableId] = @p9, [TotalAmount] = @p10, [UpdatedAt] = @p11, [WaiterId] = @p12
OUTPUT INSERTED.[RowVersion]
WHERE [Id] = @p13 AND [RowVersion] = @p14;
2026-08-23 22:01:55.098 +03:00 [INF] Executing OkObjectResult, writing value of type 'Application.DTOs.Orders.OrderResponseDto'.
2026-08-23 22:01:55.099 +03:00 [INF] Executed action Presentation.Controllers.OrdersController.UpdateOrderItemStatus (Presentation) in 5.7261ms
2026-08-23 22:01:55.100 +03:00 [INF] Executed endpoint 'Presentation.Controllers.OrdersController.UpdateOrderItemStatus (Presentation)'
2026-08-23 22:01:55.101 +03:00 [INF] Request finished HTTP/1.1 PUT http://localhost:5279/api/Orders/103/items/191/status - 200 null application/json; charset=utf-8 9.8091ms
2026-08-23 22:01:55.103 +03:00 [INF] Request starting HTTP/1.1 GET http://localhost:5279/api/Orders - null null
2026-08-23 22:01:55.105 +03:00 [INF] Executing endpoint 'Presentation.Controllers.OrdersController.GetAllOrders (Presentation)'
2026-08-23 22:01:55.105 +03:00 [INF] Route matched with {action = "GetAllOrders", controller = "Orders"}. Executing controller action with signature System.Threading.Tasks.Task`1[Microsoft.AspNetCore.Mvc.IActionResult] GetAllOrders(System.Nullable`1[Domain.Enums.OrderStatus]) on controller Presentation.Controllers.OrdersController (Presentation).
2026-08-23 22:01:55.108 +03:00 [INF] Executed DbCommand (1ms) [Parameters=[], CommandType='"Text"', CommandTimeout='30']
SELECT [o].[Id], [o].[CancellationReason], [o].[CancelledAt], [o].[CancelledBy], [o].[CreatedAt], [o].[DiscountAmount], [o].[FinalAmount], [o].[RowVersion], [o].[Status], [o].[TableId], [o].[TotalAmount], [o].[UpdatedAt], [o].[WaiterId], [r].[Id], [r].[Capacity], [r].[RowVersion], [r].[Status], [r].[TableNumber], [r].[WaiterId], [e].[Id], [e].[CreatedAt], [e].[Email], [e].[FullName], [e].[IsActive], [e].[PasswordHash], [e].[Phone], [e].[Role], [o0].[Id], [o0].[CancellationReason], [o0].[CancelledAt], [o0].[CancelledBy], [o0].[MenuItemId], [o0].[Notes], [o0].[OrderId], [o0].[Quantity], [o0].[Status], [o0].[UnitPrice]
FROM [Orders] AS [o]
INNER JOIN [RestaurantTables] AS [r] ON [o].[TableId] = [r].[Id]
INNER JOIN [Employees] AS [e] ON [o].[WaiterId] = [e].[Id]
LEFT JOIN [OrderItems] AS [o0] ON [o].[Id] = [o0].[OrderId]
ORDER BY [o].[Id], [r].[Id], [e].[Id]
2026-08-23 22:01:55.110 +03:00 [INF] Executing OkObjectResult, writing value of type 'System.Linq.Enumerable+ListSelectIterator`2[[Domain.Models.Order, Domain, Version=1.0.0.0, Culture=neutral, PublicKeyToken=null],[Application.DTOs.Orders.OrderSummaryDto, Application, Version=1.0.0.0, Culture=neutral, PublicKeyToken=null]]'.
2026-08-23 22:01:55.111 +03:00 [INF] Executed action Presentation.Controllers.OrdersController.GetAllOrders (Presentation) in 4.2519ms
2026-08-23 22:01:55.112 +03:00 [INF] Executed endpoint 'Presentation.Controllers.OrdersController.GetAllOrders (Presentation)'
2026-08-23 22:01:55.113 +03:00 [INF] Request finished HTTP/1.1 GET http://localhost:5279/api/Orders - 200 null application/json; charset=utf-8 9.0989ms
2026-08-23 22:01:55.113 +03:00 [INF] Request starting HTTP/1.1 GET http://localhost:5279/api/Orders - null null
2026-08-23 22:01:55.116 +03:00 [INF] Request starting HTTP/1.1 GET http://localhost:5279/api/Orders/103 - null null
2026-08-23 22:01:55.116 +03:00 [INF] Executing endpoint 'Presentation.Controllers.OrdersController.GetAllOrders (Presentation)'
2026-08-23 22:01:55.118 +03:00 [INF] Executing endpoint 'Presentation.Controllers.OrdersController.GetOrderById (Presentation)'
2026-08-23 22:01:55.119 +03:00 [INF] Route matched with {action = "GetAllOrders", controller = "Orders"}. Executing controller action with signature System.Threading.Tasks.Task`1[Microsoft.AspNetCore.Mvc.IActionResult] GetAllOrders(System.Nullable`1[Domain.Enums.OrderStatus]) on controller Presentation.Controllers.OrdersController (Presentation).
2026-08-23 22:01:55.119 +03:00 [INF] Route matched with {action = "GetOrderById", controller = "Orders"}. Executing controller action with signature System.Threading.Tasks.Task`1[Microsoft.AspNetCore.Mvc.IActionResult] GetOrderById(Int32) on controller Presentation.Controllers.OrdersController (Presentation).
2026-08-23 22:01:55.121 +03:00 [INF] Executed DbCommand (0ms) [Parameters=[], CommandType='"Text"', CommandTimeout='30']
SELECT [o].[Id], [o].[CancellationReason], [o].[CancelledAt], [o].[CancelledBy], [o].[CreatedAt], [o].[DiscountAmount], [o].[FinalAmount], [o].[RowVersion], [o].[Status], [o].[TableId], [o].[TotalAmount], [o].[UpdatedAt], [o].[WaiterId], [r].[Id], [r].[Capacity], [r].[RowVersion], [r].[Status], [r].[TableNumber], [r].[WaiterId], [e].[Id], [e].[CreatedAt], [e].[Email], [e].[FullName], [e].[IsActive], [e].[PasswordHash], [e].[Phone], [e].[Role], [o0].[Id], [o0].[CancellationReason], [o0].[CancelledAt], [o0].[CancelledBy], [o0].[MenuItemId], [o0].[Notes], [o0].[OrderId], [o0].[Quantity], [o0].[Status], [o0].[UnitPrice]
FROM [Orders] AS [o]
INNER JOIN [RestaurantTables] AS [r] ON [o].[TableId] = [r].[Id]
INNER JOIN [Employees] AS [e] ON [o].[WaiterId] = [e].[Id]
LEFT JOIN [OrderItems] AS [o0] ON [o].[Id] = [o0].[OrderId]
ORDER BY [o].[Id], [r].[Id], [e].[Id]
2026-08-23 22:01:55.123 +03:00 [INF] Executing OkObjectResult, writing value of type 'System.Linq.Enumerable+ListSelectIterator`2[[Domain.Models.Order, Domain, Version=1.0.0.0, Culture=neutral, PublicKeyToken=null],[Application.DTOs.Orders.OrderSummaryDto, Application, Version=1.0.0.0, Culture=neutral, PublicKeyToken=null]]'.
2026-08-23 22:01:55.124 +03:00 [INF] Executed DbCommand (2ms) [Parameters=[@__id_0='?' (DbType = Int32)], CommandType='"Text"', CommandTimeout='30']
SELECT [s].[Id], [s].[CancellationReason], [s].[CancelledAt], [s].[CancelledBy], [s].[CreatedAt], [s].[DiscountAmount], [s].[FinalAmount], [s].[RowVersion], [s].[Status], [s].[TableId], [s].[TotalAmount], [s].[UpdatedAt], [s].[WaiterId], [s].[Id0], [s].[Capacity], [s].[RowVersion0], [s].[Status0], [s].[TableNumber], [s].[WaiterId0], [s].[Id1], [s].[CreatedAt0], [s].[Email], [s].[FullName], [s].[IsActive], [s].[PasswordHash], [s].[Phone], [s].[Role], [s0].[Id], [s0].[CancellationReason], [s0].[CancelledAt], [s0].[CancelledBy], [s0].[MenuItemId], [s0].[Notes], [s0].[OrderId], [s0].[Quantity], [s0].[Status], [s0].[UnitPrice], [s0].[Id0], [s0].[CategoryId], [s0].[CreatedAt], [s0].[IsAvailable], [s0].[IsSeasonalItem], [s0].[Name], [s0].[Price]
FROM (
    SELECT TOP(1) [o].[Id], [o].[CancellationReason], [o].[CancelledAt], [o].[CancelledBy], [o].[CreatedAt], [o].[DiscountAmount], [o].[FinalAmount], [o].[RowVersion], [o].[Status], [o].[TableId], [o].[TotalAmount], [o].[UpdatedAt], [o].[WaiterId], [r].[Id] AS [Id0], [r].[Capacity], [r].[RowVersion] AS [RowVersion0], [r].[Status] AS [Status0], [r].[TableNumber], [r].[WaiterId] AS [WaiterId0], [e].[Id] AS [Id1], [e].[CreatedAt] AS [CreatedAt0], [e].[Email], [e].[FullName], [e].[IsActive], [e].[PasswordHash], [e].[Phone], [e].[Role]
    FROM [Orders] AS [o]
    INNER JOIN [RestaurantTables] AS [r] ON [o].[TableId] = [r].[Id]
    INNER JOIN [Employees] AS [e] ON [o].[WaiterId] = [e].[Id]
    WHERE [o].[Id] = @__id_0
) AS [s]
LEFT JOIN (
    SELECT [o0].[Id], [o0].[CancellationReason], [o0].[CancelledAt], [o0].[CancelledBy], [o0].[MenuItemId], [o0].[Notes], [o0].[OrderId], [o0].[Quantity], [o0].[Status], [o0].[UnitPrice], [m].[Id] AS [Id0], [m].[CategoryId], [m].[CreatedAt], [m].[IsAvailable], [m].[IsSeasonalItem], [m].[Name], [m].[Price]
    FROM [OrderItems] AS [o0]
    INNER JOIN [MenuItems] AS [m] ON [o0].[MenuItemId] = [m].[Id]
) AS [s0] ON [s].[Id] = [s0].[OrderId]
ORDER BY [s].[Id], [s].[Id0], [s].[Id1], [s0].[Id]
2026-08-23 22:01:55.124 +03:00 [INF] Executed action Presentation.Controllers.OrdersController.GetAllOrders (Presentation) in 3.7177ms
2026-08-23 22:01:55.126 +03:00 [INF] Executing OkObjectResult, writing value of type 'Application.DTOs.Orders.OrderDetailsDto'.
2026-08-23 22:01:55.126 +03:00 [INF] Request starting HTTP/1.1 GET http://localhost:5279/api/Orders - null null
2026-08-23 22:01:55.127 +03:00 [INF] Executed endpoint 'Presentation.Controllers.OrdersController.GetAllOrders (Presentation)'
2026-08-23 22:01:55.128 +03:00 [INF] Executed action Presentation.Controllers.OrdersController.GetOrderById (Presentation) in 6.0781ms
2026-08-23 22:01:55.129 +03:00 [INF] Executing endpoint 'Presentation.Controllers.OrdersController.GetAllOrders (Presentation)'
2026-08-23 22:01:55.130 +03:00 [INF] Request finished HTTP/1.1 GET http://localhost:5279/api/Orders - 200 null application/json; charset=utf-8 17.0986ms
2026-08-23 22:01:55.131 +03:00 [INF] Executed endpoint 'Presentation.Controllers.OrdersController.GetOrderById (Presentation)'
2026-08-23 22:01:55.132 +03:00 [INF] Route matched with {action = "GetAllOrders", controller = "Orders"}. Executing controller action with signature System.Threading.Tasks.Task`1[Microsoft.AspNetCore.Mvc.IActionResult] GetAllOrders(System.Nullable`1[Domain.Enums.OrderStatus]) on controller Presentation.Controllers.OrdersController (Presentation).
2026-08-23 22:01:55.133 +03:00 [INF] Request starting HTTP/1.1 GET http://localhost:5279/api/Orders/103 - null null
2026-08-23 22:01:55.135 +03:00 [INF] Request finished HTTP/1.1 GET http://localhost:5279/api/Orders/103 - 200 null application/json; charset=utf-8 18.8182ms
2026-08-23 22:01:55.137 +03:00 [INF] Executed DbCommand (1ms) [Parameters=[], CommandType='"Text"', CommandTimeout='30']
SELECT [o].[Id], [o].[CancellationReason], [o].[CancelledAt], [o].[CancelledBy], [o].[CreatedAt], [o].[DiscountAmount], [o].[FinalAmount], [o].[RowVersion], [o].[Status], [o].[TableId], [o].[TotalAmount], [o].[UpdatedAt], [o].[WaiterId], [r].[Id], [r].[Capacity], [r].[RowVersion], [r].[Status], [r].[TableNumber], [r].[WaiterId], [e].[Id], [e].[CreatedAt], [e].[Email], [e].[FullName], [e].[IsActive], [e].[PasswordHash], [e].[Phone], [e].[Role], [o0].[Id], [o0].[CancellationReason], [o0].[CancelledAt], [o0].[CancelledBy], [o0].[MenuItemId], [o0].[Notes], [o0].[OrderId], [o0].[Quantity], [o0].[Status], [o0].[UnitPrice]
FROM [Orders] AS [o]
INNER JOIN [RestaurantTables] AS [r] ON [o].[TableId] = [r].[Id]
INNER JOIN [Employees] AS [e] ON [o].[WaiterId] = [e].[Id]
LEFT JOIN [OrderItems] AS [o0] ON [o].[Id] = [o0].[OrderId]
ORDER BY [o].[Id], [r].[Id], [e].[Id]
2026-08-23 22:01:55.138 +03:00 [INF] Executing endpoint 'Presentation.Controllers.OrdersController.GetOrderById (Presentation)'
2026-08-23 22:01:55.141 +03:00 [INF] Executing OkObjectResult, writing value of type 'System.Linq.Enumerable+ListSelectIterator`2[[Domain.Models.Order, Domain, Version=1.0.0.0, Culture=neutral, PublicKeyToken=null],[Application.DTOs.Orders.OrderSummaryDto, Application, Version=1.0.0.0, Culture=neutral, PublicKeyToken=null]]'.
2026-08-23 22:01:55.142 +03:00 [INF] Route matched with {action = "GetOrderById", controller = "Orders"}. Executing controller action with signature System.Threading.Tasks.Task`1[Microsoft.AspNetCore.Mvc.IActionResult] GetOrderById(Int32) on controller Presentation.Controllers.OrdersController (Presentation).
2026-08-23 22:01:55.143 +03:00 [INF] Executed action Presentation.Controllers.OrdersController.GetAllOrders (Presentation) in 6.8469ms
2026-08-23 22:01:55.145 +03:00 [INF] Executed DbCommand (0ms) [Parameters=[@__id_0='?' (DbType = Int32)], CommandType='"Text"', CommandTimeout='30']
SELECT [s].[Id], [s].[CancellationReason], [s].[CancelledAt], [s].[CancelledBy], [s].[CreatedAt], [s].[DiscountAmount], [s].[FinalAmount], [s].[RowVersion], [s].[Status], [s].[TableId], [s].[TotalAmount], [s].[UpdatedAt], [s].[WaiterId], [s].[Id0], [s].[Capacity], [s].[RowVersion0], [s].[Status0], [s].[TableNumber], [s].[WaiterId0], [s].[Id1], [s].[CreatedAt0], [s].[Email], [s].[FullName], [s].[IsActive], [s].[PasswordHash], [s].[Phone], [s].[Role], [s0].[Id], [s0].[CancellationReason], [s0].[CancelledAt], [s0].[CancelledBy], [s0].[MenuItemId], [s0].[Notes], [s0].[OrderId], [s0].[Quantity], [s0].[Status], [s0].[UnitPrice], [s0].[Id0], [s0].[CategoryId], [s0].[CreatedAt], [s0].[IsAvailable], [s0].[IsSeasonalItem], [s0].[Name], [s0].[Price]
FROM (
    SELECT TOP(1) [o].[Id], [o].[CancellationReason], [o].[CancelledAt], [o].[CancelledBy], [o].[CreatedAt], [o].[DiscountAmount], [o].[FinalAmount], [o].[RowVersion], [o].[Status], [o].[TableId], [o].[TotalAmount], [o].[UpdatedAt], [o].[WaiterId], [r].[Id] AS [Id0], [r].[Capacity], [r].[RowVersion] AS [RowVersion0], [r].[Status] AS [Status0], [r].[TableNumber], [r].[WaiterId] AS [WaiterId0], [e].[Id] AS [Id1], [e].[CreatedAt] AS [CreatedAt0], [e].[Email], [e].[FullName], [e].[IsActive], [e].[PasswordHash], [e].[Phone], [e].[Role]
    FROM [Orders] AS [o]
    INNER JOIN [RestaurantTables] AS [r] ON [o].[TableId] = [r].[Id]
    INNER JOIN [Employees] AS [e] ON [o].[WaiterId] = [e].[Id]
    WHERE [o].[Id] = @__id_0
) AS [s]
LEFT JOIN (
    SELECT [o0].[Id], [o0].[CancellationReason], [o0].[CancelledAt], [o0].[CancelledBy], [o0].[MenuItemId], [o0].[Notes], [o0].[OrderId], [o0].[Quantity], [o0].[Status], [o0].[UnitPrice], [m].[Id] AS [Id0], [m].[CategoryId], [m].[CreatedAt], [m].[IsAvailable], [m].[IsSeasonalItem], [m].[Name], [m].[Price]
    FROM [OrderItems] AS [o0]
    INNER JOIN [MenuItems] AS [m] ON [o0].[MenuItemId] = [m].[Id]
) AS [s0] ON [s].[Id] = [s0].[OrderId]
ORDER BY [s].[Id], [s].[Id0], [s].[Id1], [s0].[Id]
2026-08-23 22:01:55.145 +03:00 [INF] Executed endpoint 'Presentation.Controllers.OrdersController.GetAllOrders (Presentation)'
2026-08-23 22:01:55.145 +03:00 [INF] Request starting HTTP/1.1 GET http://localhost:5279/api/Orders - null null
2026-08-23 22:01:55.147 +03:00 [INF] Executing OkObjectResult, writing value of type 'Application.DTOs.Orders.OrderDetailsDto'.
2026-08-23 22:01:55.147 +03:00 [INF] Request finished HTTP/1.1 GET http://localhost:5279/api/Orders - 200 null application/json; charset=utf-8 21.2564ms
2026-08-23 22:01:55.149 +03:00 [INF] Executing endpoint 'Presentation.Controllers.OrdersController.GetAllOrders (Presentation)'
2026-08-23 22:01:55.150 +03:00 [INF] Executed action Presentation.Controllers.OrdersController.GetOrderById (Presentation) in 6.0016ms
2026-08-23 22:01:55.152 +03:00 [INF] Request starting HTTP/1.1 GET http://localhost:5279/api/Orders/103 - null null
2026-08-23 22:01:55.153 +03:00 [INF] Route matched with {action = "GetAllOrders", controller = "Orders"}. Executing controller action with signature System.Threading.Tasks.Task`1[Microsoft.AspNetCore.Mvc.IActionResult] GetAllOrders(System.Nullable`1[Domain.Enums.OrderStatus]) on controller Presentation.Controllers.OrdersController (Presentation).
2026-08-23 22:01:55.153 +03:00 [INF] Executed endpoint 'Presentation.Controllers.OrdersController.GetOrderById (Presentation)'
2026-08-23 22:01:55.155 +03:00 [INF] Executing endpoint 'Presentation.Controllers.OrdersController.GetOrderById (Presentation)'
2026-08-23 22:01:55.157 +03:00 [INF] Request finished HTTP/1.1 GET http://localhost:5279/api/Orders/103 - 200 null application/json; charset=utf-8 23.473ms
2026-08-23 22:01:55.157 +03:00 [INF] Executed DbCommand (1ms) [Parameters=[], CommandType='"Text"', CommandTimeout='30']
SELECT [o].[Id], [o].[CancellationReason], [o].[CancelledAt], [o].[CancelledBy], [o].[CreatedAt], [o].[DiscountAmount], [o].[FinalAmount], [o].[RowVersion], [o].[Status], [o].[TableId], [o].[TotalAmount], [o].[UpdatedAt], [o].[WaiterId], [r].[Id], [r].[Capacity], [r].[RowVersion], [r].[Status], [r].[TableNumber], [r].[WaiterId], [e].[Id], [e].[CreatedAt], [e].[Email], [e].[FullName], [e].[IsActive], [e].[PasswordHash], [e].[Phone], [e].[Role], [o0].[Id], [o0].[CancellationReason], [o0].[CancelledAt], [o0].[CancelledBy], [o0].[MenuItemId], [o0].[Notes], [o0].[OrderId], [o0].[Quantity], [o0].[Status], [o0].[UnitPrice]
FROM [Orders] AS [o]
INNER JOIN [RestaurantTables] AS [r] ON [o].[TableId] = [r].[Id]
INNER JOIN [Employees] AS [e] ON [o].[WaiterId] = [e].[Id]
LEFT JOIN [OrderItems] AS [o0] ON [o].[Id] = [o0].[OrderId]
ORDER BY [o].[Id], [r].[Id], [e].[Id]
2026-08-23 22:01:55.157 +03:00 [INF] Route matched with {action = "GetOrderById", controller = "Orders"}. Executing controller action with signature System.Threading.Tasks.Task`1[Microsoft.AspNetCore.Mvc.IActionResult] GetOrderById(Int32) on controller Presentation.Controllers.OrdersController (Presentation).
2026-08-23 22:01:55.161 +03:00 [INF] Executing OkObjectResult, writing value of type 'System.Linq.Enumerable+ListSelectIterator`2[[Domain.Models.Order, Domain, Version=1.0.0.0, Culture=neutral, PublicKeyToken=null],[Application.DTOs.Orders.OrderSummaryDto, Application, Version=1.0.0.0, Culture=neutral, PublicKeyToken=null]]'.
2026-08-23 22:01:55.163 +03:00 [INF] Executed action Presentation.Controllers.OrdersController.GetAllOrders (Presentation) in 6.6814ms
2026-08-23 22:01:55.163 +03:00 [INF] Executed DbCommand (1ms) [Parameters=[@__id_0='?' (DbType = Int32)], CommandType='"Text"', CommandTimeout='30']
SELECT [s].[Id], [s].[CancellationReason], [s].[CancelledAt], [s].[CancelledBy], [s].[CreatedAt], [s].[DiscountAmount], [s].[FinalAmount], [s].[RowVersion], [s].[Status], [s].[TableId], [s].[TotalAmount], [s].[UpdatedAt], [s].[WaiterId], [s].[Id0], [s].[Capacity], [s].[RowVersion0], [s].[Status0], [s].[TableNumber], [s].[WaiterId0], [s].[Id1], [s].[CreatedAt0], [s].[Email], [s].[FullName], [s].[IsActive], [s].[PasswordHash], [s].[Phone], [s].[Role], [s0].[Id], [s0].[CancellationReason], [s0].[CancelledAt], [s0].[CancelledBy], [s0].[MenuItemId], [s0].[Notes], [s0].[OrderId], [s0].[Quantity], [s0].[Status], [s0].[UnitPrice], [s0].[Id0], [s0].[CategoryId], [s0].[CreatedAt], [s0].[IsAvailable], [s0].[IsSeasonalItem], [s0].[Name], [s0].[Price]
FROM (
    SELECT TOP(1) [o].[Id], [o].[CancellationReason], [o].[CancelledAt], [o].[CancelledBy], [o].[CreatedAt], [o].[DiscountAmount], [o].[FinalAmount], [o].[RowVersion], [o].[Status], [o].[TableId], [o].[TotalAmount], [o].[UpdatedAt], [o].[WaiterId], [r].[Id] AS [Id0], [r].[Capacity], [r].[RowVersion] AS [RowVersion0], [r].[Status] AS [Status0], [r].[TableNumber], [r].[WaiterId] AS [WaiterId0], [e].[Id] AS [Id1], [e].[CreatedAt] AS [CreatedAt0], [e].[Email], [e].[FullName], [e].[IsActive], [e].[PasswordHash], [e].[Phone], [e].[Role]
    FROM [Orders] AS [o]
    INNER JOIN [RestaurantTables] AS [r] ON [o].[TableId] = [r].[Id]
    INNER JOIN [Employees] AS [e] ON [o].[WaiterId] = [e].[Id]
    WHERE [o].[Id] = @__id_0
) AS [s]
LEFT JOIN (
    SELECT [o0].[Id], [o0].[CancellationReason], [o0].[CancelledAt], [o0].[CancelledBy], [o0].[MenuItemId], [o0].[Notes], [o0].[OrderId], [o0].[Quantity], [o0].[Status], [o0].[UnitPrice], [m].[Id] AS [Id0], [m].[CategoryId], [m].[CreatedAt], [m].[IsAvailable], [m].[IsSeasonalItem], [m].[Name], [m].[Price]
    FROM [OrderItems] AS [o0]
    INNER JOIN [MenuItems] AS [m] ON [o0].[MenuItemId] = [m].[Id]
) AS [s0] ON [s].[Id] = [s0].[OrderId]
ORDER BY [s].[Id], [s].[Id0], [s].[Id1], [s0].[Id]
2026-08-23 22:01:55.163 +03:00 [INF] Executed endpoint 'Presentation.Controllers.OrdersController.GetAllOrders (Presentation)'
2026-08-23 22:01:55.165 +03:00 [INF] Executing OkObjectResult, writing value of type 'Application.DTOs.Orders.OrderDetailsDto'.
2026-08-23 22:01:55.165 +03:00 [INF] Request starting HTTP/1.1 GET http://localhost:5279/api/Orders - null null
2026-08-23 22:01:55.165 +03:00 [INF] Request finished HTTP/1.1 GET http://localhost:5279/api/Orders - 200 null application/json; charset=utf-8 20.0662ms
2026-08-23 22:01:55.166 +03:00 [INF] Executed action Presentation.Controllers.OrdersController.GetOrderById (Presentation) in 4.2365ms
2026-08-23 22:01:55.168 +03:00 [INF] Executing endpoint 'Presentation.Controllers.OrdersController.GetAllOrders (Presentation)'
2026-08-23 22:01:55.171 +03:00 [INF] Route matched with {action = "GetAllOrders", controller = "Orders"}. Executing controller action with signature System.Threading.Tasks.Task`1[Microsoft.AspNetCore.Mvc.IActionResult] GetAllOrders(System.Nullable`1[Domain.Enums.OrderStatus]) on controller Presentation.Controllers.OrdersController (Presentation).
2026-08-23 22:01:55.170 +03:00 [INF] Executed endpoint 'Presentation.Controllers.OrdersController.GetOrderById (Presentation)'
2026-08-23 22:01:55.168 +03:00 [INF] Request starting HTTP/1.1 GET http://localhost:5279/api/Orders/103 - null null
2026-08-23 22:01:55.172 +03:00 [INF] Request finished HTTP/1.1 GET http://localhost:5279/api/Orders/103 - 200 null application/json; charset=utf-8 20.7ms
2026-08-23 22:01:55.173 +03:00 [INF] Executed DbCommand (1ms) [Parameters=[], CommandType='"Text"', CommandTimeout='30']
SELECT [o].[Id], [o].[CancellationReason], [o].[CancelledAt], [o].[CancelledBy], [o].[CreatedAt], [o].[DiscountAmount], [o].[FinalAmount], [o].[RowVersion], [o].[Status], [o].[TableId], [o].[TotalAmount], [o].[UpdatedAt], [o].[WaiterId], [r].[Id], [r].[Capacity], [r].[RowVersion], [r].[Status], [r].[TableNumber], [r].[WaiterId], [e].[Id], [e].[CreatedAt], [e].[Email], [e].[FullName], [e].[IsActive], [e].[PasswordHash], [e].[Phone], [e].[Role], [o0].[Id], [o0].[CancellationReason], [o0].[CancelledAt], [o0].[CancelledBy], [o0].[MenuItemId], [o0].[Notes], [o0].[OrderId], [o0].[Quantity], [o0].[Status], [o0].[UnitPrice]
FROM [Orders] AS [o]
INNER JOIN [RestaurantTables] AS [r] ON [o].[TableId] = [r].[Id]
INNER JOIN [Employees] AS [e] ON [o].[WaiterId] = [e].[Id]
LEFT JOIN [OrderItems] AS [o0] ON [o].[Id] = [o0].[OrderId]
ORDER BY [o].[Id], [r].[Id], [e].[Id]
2026-08-23 22:01:55.174 +03:00 [INF] Executing endpoint 'Presentation.Controllers.OrdersController.GetOrderById (Presentation)'
2026-08-23 22:01:55.177 +03:00 [INF] Executing OkObjectResult, writing value of type 'System.Linq.Enumerable+ListSelectIterator`2[[Domain.Models.Order, Domain, Version=1.0.0.0, Culture=neutral, PublicKeyToken=null],[Application.DTOs.Orders.OrderSummaryDto, Application, Version=1.0.0.0, Culture=neutral, PublicKeyToken=null]]'.
2026-08-23 22:01:55.178 +03:00 [INF] Route matched with {action = "GetOrderById", controller = "Orders"}. Executing controller action with signature System.Threading.Tasks.Task`1[Microsoft.AspNetCore.Mvc.IActionResult] GetOrderById(Int32) on controller Presentation.Controllers.OrdersController (Presentation).
2026-08-23 22:01:55.179 +03:00 [INF] Executed action Presentation.Controllers.OrdersController.GetAllOrders (Presentation) in 6.754ms
2026-08-23 22:01:55.180 +03:00 [INF] Executed endpoint 'Presentation.Controllers.OrdersController.GetAllOrders (Presentation)'
2026-08-23 22:01:55.181 +03:00 [INF] Executed DbCommand (1ms) [Parameters=[@__id_0='?' (DbType = Int32)], CommandType='"Text"', CommandTimeout='30']
SELECT [s].[Id], [s].[CancellationReason], [s].[CancelledAt], [s].[CancelledBy], [s].[CreatedAt], [s].[DiscountAmount], [s].[FinalAmount], [s].[RowVersion], [s].[Status], [s].[TableId], [s].[TotalAmount], [s].[UpdatedAt], [s].[WaiterId], [s].[Id0], [s].[Capacity], [s].[RowVersion0], [s].[Status0], [s].[TableNumber], [s].[WaiterId0], [s].[Id1], [s].[CreatedAt0], [s].[Email], [s].[FullName], [s].[IsActive], [s].[PasswordHash], [s].[Phone], [s].[Role], [s0].[Id], [s0].[CancellationReason], [s0].[CancelledAt], [s0].[CancelledBy], [s0].[MenuItemId], [s0].[Notes], [s0].[OrderId], [s0].[Quantity], [s0].[Status], [s0].[UnitPrice], [s0].[Id0], [s0].[CategoryId], [s0].[CreatedAt], [s0].[IsAvailable], [s0].[IsSeasonalItem], [s0].[Name], [s0].[Price]
FROM (
    SELECT TOP(1) [o].[Id], [o].[CancellationReason], [o].[CancelledAt], [o].[CancelledBy], [o].[CreatedAt], [o].[DiscountAmount], [o].[FinalAmount], [o].[RowVersion], [o].[Status], [o].[TableId], [o].[TotalAmount], [o].[UpdatedAt], [o].[WaiterId], [r].[Id] AS [Id0], [r].[Capacity], [r].[RowVersion] AS [RowVersion0], [r].[Status] AS [Status0], [r].[TableNumber], [r].[WaiterId] AS [WaiterId0], [e].[Id] AS [Id1], [e].[CreatedAt] AS [CreatedAt0], [e].[Email], [e].[FullName], [e].[IsActive], [e].[PasswordHash], [e].[Phone], [e].[Role]
    FROM [Orders] AS [o]
    INNER JOIN [RestaurantTables] AS [r] ON [o].[TableId] = [r].[Id]
    INNER JOIN [Employees] AS [e] ON [o].[WaiterId] = [e].[Id]
    WHERE [o].[Id] = @__id_0
) AS [s]
LEFT JOIN (
    SELECT [o0].[Id], [o0].[CancellationReason], [o0].[CancelledAt], [o0].[CancelledBy], [o0].[MenuItemId], [o0].[Notes], [o0].[OrderId], [o0].[Quantity], [o0].[Status], [o0].[UnitPrice], [m].[Id] AS [Id0], [m].[CategoryId], [m].[CreatedAt], [m].[IsAvailable], [m].[IsSeasonalItem], [m].[Name], [m].[Price]
    FROM [OrderItems] AS [o0]
    INNER JOIN [MenuItems] AS [m] ON [o0].[MenuItemId] = [m].[Id]
) AS [s0] ON [s].[Id] = [s0].[OrderId]
ORDER BY [s].[Id], [s].[Id0], [s].[Id1], [s0].[Id]
2026-08-23 22:01:55.181 +03:00 [INF] Request finished HTTP/1.1 GET http://localhost:5279/api/Orders - 200 null application/json; charset=utf-8 16.0352ms
2026-08-23 22:01:55.182 +03:00 [INF] Executing OkObjectResult, writing value of type 'Application.DTOs.Orders.OrderDetailsDto'.
2026-08-23 22:01:55.185 +03:00 [INF] Executed action Presentation.Controllers.OrdersController.GetOrderById (Presentation) in 5.5693ms
2026-08-23 22:01:55.186 +03:00 [INF] Executed endpoint 'Presentation.Controllers.OrdersController.GetOrderById (Presentation)'
2026-08-23 22:01:55.186 +03:00 [INF] Request finished HTTP/1.1 GET http://localhost:5279/api/Orders/103 - 200 null application/json; charset=utf-8 17.9459ms
2026-08-23 22:01:55.187 +03:00 [INF] Request starting HTTP/1.1 GET http://localhost:5279/api/Orders/103 - null null
2026-08-23 22:01:55.189 +03:00 [INF] Executing endpoint 'Presentation.Controllers.OrdersController.GetOrderById (Presentation)'
2026-08-23 22:01:55.189 +03:00 [INF] Route matched with {action = "GetOrderById", controller = "Orders"}. Executing controller action with signature System.Threading.Tasks.Task`1[Microsoft.AspNetCore.Mvc.IActionResult] GetOrderById(Int32) on controller Presentation.Controllers.OrdersController (Presentation).
2026-08-23 22:01:55.191 +03:00 [INF] Executed DbCommand (1ms) [Parameters=[@__id_0='?' (DbType = Int32)], CommandType='"Text"', CommandTimeout='30']
SELECT [s].[Id], [s].[CancellationReason], [s].[CancelledAt], [s].[CancelledBy], [s].[CreatedAt], [s].[DiscountAmount], [s].[FinalAmount], [s].[RowVersion], [s].[Status], [s].[TableId], [s].[TotalAmount], [s].[UpdatedAt], [s].[WaiterId], [s].[Id0], [s].[Capacity], [s].[RowVersion0], [s].[Status0], [s].[TableNumber], [s].[WaiterId0], [s].[Id1], [s].[CreatedAt0], [s].[Email], [s].[FullName], [s].[IsActive], [s].[PasswordHash], [s].[Phone], [s].[Role], [s0].[Id], [s0].[CancellationReason], [s0].[CancelledAt], [s0].[CancelledBy], [s0].[MenuItemId], [s0].[Notes], [s0].[OrderId], [s0].[Quantity], [s0].[Status], [s0].[UnitPrice], [s0].[Id0], [s0].[CategoryId], [s0].[CreatedAt], [s0].[IsAvailable], [s0].[IsSeasonalItem], [s0].[Name], [s0].[Price]
FROM (
    SELECT TOP(1) [o].[Id], [o].[CancellationReason], [o].[CancelledAt], [o].[CancelledBy], [o].[CreatedAt], [o].[DiscountAmount], [o].[FinalAmount], [o].[RowVersion], [o].[Status], [o].[TableId], [o].[TotalAmount], [o].[UpdatedAt], [o].[WaiterId], [r].[Id] AS [Id0], [r].[Capacity], [r].[RowVersion] AS [RowVersion0], [r].[Status] AS [Status0], [r].[TableNumber], [r].[WaiterId] AS [WaiterId0], [e].[Id] AS [Id1], [e].[CreatedAt] AS [CreatedAt0], [e].[Email], [e].[FullName], [e].[IsActive], [e].[PasswordHash], [e].[Phone], [e].[Role]
    FROM [Orders] AS [o]
    INNER JOIN [RestaurantTables] AS [r] ON [o].[TableId] = [r].[Id]
    INNER JOIN [Employees] AS [e] ON [o].[WaiterId] = [e].[Id]
    WHERE [o].[Id] = @__id_0
) AS [s]
LEFT JOIN (
    SELECT [o0].[Id], [o0].[CancellationReason], [o0].[CancelledAt], [o0].[CancelledBy], [o0].[MenuItemId], [o0].[Notes], [o0].[OrderId], [o0].[Quantity], [o0].[Status], [o0].[UnitPrice], [m].[Id] AS [Id0], [m].[CategoryId], [m].[CreatedAt], [m].[IsAvailable], [m].[IsSeasonalItem], [m].[Name], [m].[Price]
    FROM [OrderItems] AS [o0]
    INNER JOIN [MenuItems] AS [m] ON [o0].[MenuItemId] = [m].[Id]
) AS [s0] ON [s].[Id] = [s0].[OrderId]
ORDER BY [s].[Id], [s].[Id0], [s].[Id1], [s0].[Id]
2026-08-23 22:01:55.193 +03:00 [INF] Executing OkObjectResult, writing value of type 'Application.DTOs.Orders.OrderDetailsDto'.
2026-08-23 22:01:55.194 +03:00 [INF] Executed action Presentation.Controllers.OrdersController.GetOrderById (Presentation) in 3.8625ms
2026-08-23 22:01:55.195 +03:00 [INF] Executed endpoint 'Presentation.Controllers.OrdersController.GetOrderById (Presentation)'
2026-08-23 22:01:55.195 +03:00 [INF] Request finished HTTP/1.1 GET http://localhost:5279/api/Orders/103 - 200 null application/json; charset=utf-8 8.6189ms
2026-08-23 22:01:57.200 +03:00 [INF] Request starting HTTP/1.1 PUT http://localhost:5279/api/Orders/103/items/192/status - application/json 18
2026-08-23 22:01:57.201 +03:00 [INF] CORS policy execution successful.
2026-08-23 22:01:57.202 +03:00 [INF] Executing endpoint 'Presentation.Controllers.OrdersController.UpdateOrderItemStatus (Presentation)'
2026-08-23 22:01:57.202 +03:00 [INF] Route matched with {action = "UpdateOrderItemStatus", controller = "Orders"}. Executing controller action with signature System.Threading.Tasks.Task`1[Microsoft.AspNetCore.Mvc.IActionResult] UpdateOrderItemStatus(Int32, Int32, Application.DTOs.Orders.UpdateOrderItemStatusDto) on controller Presentation.Controllers.OrdersController (Presentation).
2026-08-23 22:01:57.205 +03:00 [INF] Executed DbCommand (1ms) [Parameters=[@__orderId_0='?' (DbType = Int32)], CommandType='"Text"', CommandTimeout='30']
SELECT [o1].[Id], [o1].[CancellationReason], [o1].[CancelledAt], [o1].[CancelledBy], [o1].[CreatedAt], [o1].[DiscountAmount], [o1].[FinalAmount], [o1].[RowVersion], [o1].[Status], [o1].[TableId], [o1].[TotalAmount], [o1].[UpdatedAt], [o1].[WaiterId], [o0].[Id], [o0].[CancellationReason], [o0].[CancelledAt], [o0].[CancelledBy], [o0].[MenuItemId], [o0].[Notes], [o0].[OrderId], [o0].[Quantity], [o0].[Status], [o0].[UnitPrice]
FROM (
    SELECT TOP(1) [o].[Id], [o].[CancellationReason], [o].[CancelledAt], [o].[CancelledBy], [o].[CreatedAt], [o].[DiscountAmount], [o].[FinalAmount], [o].[RowVersion], [o].[Status], [o].[TableId], [o].[TotalAmount], [o].[UpdatedAt], [o].[WaiterId]
    FROM [Orders] AS [o]
    WHERE [o].[Id] = @__orderId_0
) AS [o1]
LEFT JOIN [OrderItems] AS [o0] ON [o1].[Id] = [o0].[OrderId]
ORDER BY [o1].[Id]
2026-08-23 22:01:57.208 +03:00 [INF] Executed DbCommand (1ms) [Parameters=[@p1='?' (DbType = Int32), @p0='?' (DbType = Int32), @p13='?' (DbType = Int32), @p2='?' (Size = 500), @p3='?' (DbType = DateTime2), @p4='?' (DbType = Int32), @p5='?' (DbType = DateTime2), @p6='?' (Precision = 18) (Scale = 2) (DbType = Decimal), @p7='?' (Precision = 18) (Scale = 2) (DbType = Decimal), @p14='?' (Size = 8) (DbType = Binary), @p8='?' (DbType = Int32), @p9='?' (DbType = Int32), @p10='?' (Precision = 18) (Scale = 2) (DbType = Decimal), @p11='?' (DbType = DateTime2), @p12='?' (DbType = Int32)], CommandType='"Text"', CommandTimeout='30']
SET NOCOUNT ON;
UPDATE [OrderItems] SET [Status] = @p0
OUTPUT 1
WHERE [Id] = @p1;
UPDATE [Orders] SET [CancellationReason] = @p2, [CancelledAt] = @p3, [CancelledBy] = @p4, [CreatedAt] = @p5, [DiscountAmount] = @p6, [FinalAmount] = @p7, [Status] = @p8, [TableId] = @p9, [TotalAmount] = @p10, [UpdatedAt] = @p11, [WaiterId] = @p12
OUTPUT INSERTED.[RowVersion]
WHERE [Id] = @p13 AND [RowVersion] = @p14;
2026-08-23 22:01:57.216 +03:00 [INF] Executing OkObjectResult, writing value of type 'Application.DTOs.Orders.OrderResponseDto'.
2026-08-23 22:01:57.218 +03:00 [INF] Executed action Presentation.Controllers.OrdersController.UpdateOrderItemStatus (Presentation) in 14.5926ms
2026-08-23 22:01:57.219 +03:00 [INF] Executed endpoint 'Presentation.Controllers.OrdersController.UpdateOrderItemStatus (Presentation)'
2026-08-23 22:01:57.220 +03:00 [INF] Request finished HTTP/1.1 PUT http://localhost:5279/api/Orders/103/items/192/status - 200 null application/json; charset=utf-8 20.1357ms
2026-08-23 22:01:57.223 +03:00 [INF] Request starting HTTP/1.1 GET http://localhost:5279/api/Orders - null null
2026-08-23 22:01:57.225 +03:00 [INF] Executing endpoint 'Presentation.Controllers.OrdersController.GetAllOrders (Presentation)'
2026-08-23 22:01:57.226 +03:00 [INF] Route matched with {action = "GetAllOrders", controller = "Orders"}. Executing controller action with signature System.Threading.Tasks.Task`1[Microsoft.AspNetCore.Mvc.IActionResult] GetAllOrders(System.Nullable`1[Domain.Enums.OrderStatus]) on controller Presentation.Controllers.OrdersController (Presentation).
2026-08-23 22:01:57.228 +03:00 [INF] Executed DbCommand (1ms) [Parameters=[], CommandType='"Text"', CommandTimeout='30']
SELECT [o].[Id], [o].[CancellationReason], [o].[CancelledAt], [o].[CancelledBy], [o].[CreatedAt], [o].[DiscountAmount], [o].[FinalAmount], [o].[RowVersion], [o].[Status], [o].[TableId], [o].[TotalAmount], [o].[UpdatedAt], [o].[WaiterId], [r].[Id], [r].[Capacity], [r].[RowVersion], [r].[Status], [r].[TableNumber], [r].[WaiterId], [e].[Id], [e].[CreatedAt], [e].[Email], [e].[FullName], [e].[IsActive], [e].[PasswordHash], [e].[Phone], [e].[Role], [o0].[Id], [o0].[CancellationReason], [o0].[CancelledAt], [o0].[CancelledBy], [o0].[MenuItemId], [o0].[Notes], [o0].[OrderId], [o0].[Quantity], [o0].[Status], [o0].[UnitPrice]
FROM [Orders] AS [o]
INNER JOIN [RestaurantTables] AS [r] ON [o].[TableId] = [r].[Id]
INNER JOIN [Employees] AS [e] ON [o].[WaiterId] = [e].[Id]
LEFT JOIN [OrderItems] AS [o0] ON [o].[Id] = [o0].[OrderId]
ORDER BY [o].[Id], [r].[Id], [e].[Id]
2026-08-23 22:01:57.230 +03:00 [INF] Executing OkObjectResult, writing value of type 'System.Linq.Enumerable+ListSelectIterator`2[[Domain.Models.Order, Domain, Version=1.0.0.0, Culture=neutral, PublicKeyToken=null],[Application.DTOs.Orders.OrderSummaryDto, Application, Version=1.0.0.0, Culture=neutral, PublicKeyToken=null]]'.
2026-08-23 22:01:57.231 +03:00 [INF] Executed action Presentation.Controllers.OrdersController.GetAllOrders (Presentation) in 3.9315ms
2026-08-23 22:01:57.232 +03:00 [INF] Executed endpoint 'Presentation.Controllers.OrdersController.GetAllOrders (Presentation)'
2026-08-23 22:01:57.233 +03:00 [INF] Request finished HTTP/1.1 GET http://localhost:5279/api/Orders - 200 null application/json; charset=utf-8 10.1672ms
2026-08-23 22:01:57.234 +03:00 [INF] Request starting HTTP/1.1 GET http://localhost:5279/api/Orders - null null
2026-08-23 22:01:57.236 +03:00 [INF] Request starting HTTP/1.1 GET http://localhost:5279/api/Orders/103 - null null
2026-08-23 22:01:57.237 +03:00 [INF] Executing endpoint 'Presentation.Controllers.OrdersController.GetAllOrders (Presentation)'
2026-08-23 22:01:57.240 +03:00 [INF] Executing endpoint 'Presentation.Controllers.OrdersController.GetOrderById (Presentation)'
2026-08-23 22:01:57.240 +03:00 [INF] Route matched with {action = "GetAllOrders", controller = "Orders"}. Executing controller action with signature System.Threading.Tasks.Task`1[Microsoft.AspNetCore.Mvc.IActionResult] GetAllOrders(System.Nullable`1[Domain.Enums.OrderStatus]) on controller Presentation.Controllers.OrdersController (Presentation).
2026-08-23 22:01:57.241 +03:00 [INF] Route matched with {action = "GetOrderById", controller = "Orders"}. Executing controller action with signature System.Threading.Tasks.Task`1[Microsoft.AspNetCore.Mvc.IActionResult] GetOrderById(Int32) on controller Presentation.Controllers.OrdersController (Presentation).
2026-08-23 22:01:57.244 +03:00 [INF] Executed DbCommand (1ms) [Parameters=[], CommandType='"Text"', CommandTimeout='30']
SELECT [o].[Id], [o].[CancellationReason], [o].[CancelledAt], [o].[CancelledBy], [o].[CreatedAt], [o].[DiscountAmount], [o].[FinalAmount], [o].[RowVersion], [o].[Status], [o].[TableId], [o].[TotalAmount], [o].[UpdatedAt], [o].[WaiterId], [r].[Id], [r].[Capacity], [r].[RowVersion], [r].[Status], [r].[TableNumber], [r].[WaiterId], [e].[Id], [e].[CreatedAt], [e].[Email], [e].[FullName], [e].[IsActive], [e].[PasswordHash], [e].[Phone], [e].[Role], [o0].[Id], [o0].[CancellationReason], [o0].[CancelledAt], [o0].[CancelledBy], [o0].[MenuItemId], [o0].[Notes], [o0].[OrderId], [o0].[Quantity], [o0].[Status], [o0].[UnitPrice]
FROM [Orders] AS [o]
INNER JOIN [RestaurantTables] AS [r] ON [o].[TableId] = [r].[Id]
INNER JOIN [Employees] AS [e] ON [o].[WaiterId] = [e].[Id]
LEFT JOIN [OrderItems] AS [o0] ON [o].[Id] = [o0].[OrderId]
ORDER BY [o].[Id], [r].[Id], [e].[Id]
2026-08-23 22:01:57.245 +03:00 [INF] Executed DbCommand (0ms) [Parameters=[@__id_0='?' (DbType = Int32)], CommandType='"Text"', CommandTimeout='30']
SELECT [s].[Id], [s].[CancellationReason], [s].[CancelledAt], [s].[CancelledBy], [s].[CreatedAt], [s].[DiscountAmount], [s].[FinalAmount], [s].[RowVersion], [s].[Status], [s].[TableId], [s].[TotalAmount], [s].[UpdatedAt], [s].[WaiterId], [s].[Id0], [s].[Capacity], [s].[RowVersion0], [s].[Status0], [s].[TableNumber], [s].[WaiterId0], [s].[Id1], [s].[CreatedAt0], [s].[Email], [s].[FullName], [s].[IsActive], [s].[PasswordHash], [s].[Phone], [s].[Role], [s0].[Id], [s0].[CancellationReason], [s0].[CancelledAt], [s0].[CancelledBy], [s0].[MenuItemId], [s0].[Notes], [s0].[OrderId], [s0].[Quantity], [s0].[Status], [s0].[UnitPrice], [s0].[Id0], [s0].[CategoryId], [s0].[CreatedAt], [s0].[IsAvailable], [s0].[IsSeasonalItem], [s0].[Name], [s0].[Price]
FROM (
    SELECT TOP(1) [o].[Id], [o].[CancellationReason], [o].[CancelledAt], [o].[CancelledBy], [o].[CreatedAt], [o].[DiscountAmount], [o].[FinalAmount], [o].[RowVersion], [o].[Status], [o].[TableId], [o].[TotalAmount], [o].[UpdatedAt], [o].[WaiterId], [r].[Id] AS [Id0], [r].[Capacity], [r].[RowVersion] AS [RowVersion0], [r].[Status] AS [Status0], [r].[TableNumber], [r].[WaiterId] AS [WaiterId0], [e].[Id] AS [Id1], [e].[CreatedAt] AS [CreatedAt0], [e].[Email], [e].[FullName], [e].[IsActive], [e].[PasswordHash], [e].[Phone], [e].[Role]
    FROM [Orders] AS [o]
    INNER JOIN [RestaurantTables] AS [r] ON [o].[TableId] = [r].[Id]
    INNER JOIN [Employees] AS [e] ON [o].[WaiterId] = [e].[Id]
    WHERE [o].[Id] = @__id_0
) AS [s]
LEFT JOIN (
    SELECT [o0].[Id], [o0].[CancellationReason], [o0].[CancelledAt], [o0].[CancelledBy], [o0].[MenuItemId], [o0].[Notes], [o0].[OrderId], [o0].[Quantity], [o0].[Status], [o0].[UnitPrice], [m].[Id] AS [Id0], [m].[CategoryId], [m].[CreatedAt], [m].[IsAvailable], [m].[IsSeasonalItem], [m].[Name], [m].[Price]
    FROM [OrderItems] AS [o0]
    INNER JOIN [MenuItems] AS [m] ON [o0].[MenuItemId] = [m].[Id]
) AS [s0] ON [s].[Id] = [s0].[OrderId]
ORDER BY [s].[Id], [s].[Id0], [s].[Id1], [s0].[Id]
2026-08-23 22:01:57.247 +03:00 [INF] Executing OkObjectResult, writing value of type 'System.Linq.Enumerable+ListSelectIterator`2[[Domain.Models.Order, Domain, Version=1.0.0.0, Culture=neutral, PublicKeyToken=null],[Application.DTOs.Orders.OrderSummaryDto, Application, Version=1.0.0.0, Culture=neutral, PublicKeyToken=null]]'.
2026-08-23 22:01:57.249 +03:00 [INF] Executing OkObjectResult, writing value of type 'Application.DTOs.Orders.OrderDetailsDto'.
2026-08-23 22:01:57.250 +03:00 [INF] Executed action Presentation.Controllers.OrdersController.GetAllOrders (Presentation) in 7.0521ms
2026-08-23 22:01:57.251 +03:00 [INF] Executed action Presentation.Controllers.OrdersController.GetOrderById (Presentation) in 6.3204ms
2026-08-23 22:01:57.252 +03:00 [INF] Executed endpoint 'Presentation.Controllers.OrdersController.GetAllOrders (Presentation)'
2026-08-23 22:01:57.252 +03:00 [INF] Request starting HTTP/1.1 GET http://localhost:5279/api/Orders - null null
2026-08-23 22:01:57.253 +03:00 [INF] Executed endpoint 'Presentation.Controllers.OrdersController.GetOrderById (Presentation)'
2026-08-23 22:01:57.253 +03:00 [INF] Request finished HTTP/1.1 GET http://localhost:5279/api/Orders - 200 null application/json; charset=utf-8 19.541ms
2026-08-23 22:01:57.255 +03:00 [INF] Executing endpoint 'Presentation.Controllers.OrdersController.GetAllOrders (Presentation)'
2026-08-23 22:01:57.256 +03:00 [INF] Request finished HTTP/1.1 GET http://localhost:5279/api/Orders/103 - 200 null application/json; charset=utf-8 19.4279ms
2026-08-23 22:01:57.257 +03:00 [INF] Request starting HTTP/1.1 GET http://localhost:5279/api/Orders/103 - null null
2026-08-23 22:01:57.259 +03:00 [INF] Route matched with {action = "GetAllOrders", controller = "Orders"}. Executing controller action with signature System.Threading.Tasks.Task`1[Microsoft.AspNetCore.Mvc.IActionResult] GetAllOrders(System.Nullable`1[Domain.Enums.OrderStatus]) on controller Presentation.Controllers.OrdersController (Presentation).
2026-08-23 22:01:57.263 +03:00 [INF] Executing endpoint 'Presentation.Controllers.OrdersController.GetOrderById (Presentation)'
2026-08-23 22:01:57.265 +03:00 [INF] Route matched with {action = "GetOrderById", controller = "Orders"}. Executing controller action with signature System.Threading.Tasks.Task`1[Microsoft.AspNetCore.Mvc.IActionResult] GetOrderById(Int32) on controller Presentation.Controllers.OrdersController (Presentation).
2026-08-23 22:01:57.266 +03:00 [INF] Executed DbCommand (1ms) [Parameters=[], CommandType='"Text"', CommandTimeout='30']
SELECT [o].[Id], [o].[CancellationReason], [o].[CancelledAt], [o].[CancelledBy], [o].[CreatedAt], [o].[DiscountAmount], [o].[FinalAmount], [o].[RowVersion], [o].[Status], [o].[TableId], [o].[TotalAmount], [o].[UpdatedAt], [o].[WaiterId], [r].[Id], [r].[Capacity], [r].[RowVersion], [r].[Status], [r].[TableNumber], [r].[WaiterId], [e].[Id], [e].[CreatedAt], [e].[Email], [e].[FullName], [e].[IsActive], [e].[PasswordHash], [e].[Phone], [e].[Role], [o0].[Id], [o0].[CancellationReason], [o0].[CancelledAt], [o0].[CancelledBy], [o0].[MenuItemId], [o0].[Notes], [o0].[OrderId], [o0].[Quantity], [o0].[Status], [o0].[UnitPrice]
FROM [Orders] AS [o]
INNER JOIN [RestaurantTables] AS [r] ON [o].[TableId] = [r].[Id]
INNER JOIN [Employees] AS [e] ON [o].[WaiterId] = [e].[Id]
LEFT JOIN [OrderItems] AS [o0] ON [o].[Id] = [o0].[OrderId]
ORDER BY [o].[Id], [r].[Id], [e].[Id]
2026-08-23 22:01:57.267 +03:00 [INF] Executed DbCommand (1ms) [Parameters=[@__id_0='?' (DbType = Int32)], CommandType='"Text"', CommandTimeout='30']
SELECT [s].[Id], [s].[CancellationReason], [s].[CancelledAt], [s].[CancelledBy], [s].[CreatedAt], [s].[DiscountAmount], [s].[FinalAmount], [s].[RowVersion], [s].[Status], [s].[TableId], [s].[TotalAmount], [s].[UpdatedAt], [s].[WaiterId], [s].[Id0], [s].[Capacity], [s].[RowVersion0], [s].[Status0], [s].[TableNumber], [s].[WaiterId0], [s].[Id1], [s].[CreatedAt0], [s].[Email], [s].[FullName], [s].[IsActive], [s].[PasswordHash], [s].[Phone], [s].[Role], [s0].[Id], [s0].[CancellationReason], [s0].[CancelledAt], [s0].[CancelledBy], [s0].[MenuItemId], [s0].[Notes], [s0].[OrderId], [s0].[Quantity], [s0].[Status], [s0].[UnitPrice], [s0].[Id0], [s0].[CategoryId], [s0].[CreatedAt], [s0].[IsAvailable], [s0].[IsSeasonalItem], [s0].[Name], [s0].[Price]
FROM (
    SELECT TOP(1) [o].[Id], [o].[CancellationReason], [o].[CancelledAt], [o].[CancelledBy], [o].[CreatedAt], [o].[DiscountAmount], [o].[FinalAmount], [o].[RowVersion], [o].[Status], [o].[TableId], [o].[TotalAmount], [o].[UpdatedAt], [o].[WaiterId], [r].[Id] AS [Id0], [r].[Capacity], [r].[RowVersion] AS [RowVersion0], [r].[Status] AS [Status0], [r].[TableNumber], [r].[WaiterId] AS [WaiterId0], [e].[Id] AS [Id1], [e].[CreatedAt] AS [CreatedAt0], [e].[Email], [e].[FullName], [e].[IsActive], [e].[PasswordHash], [e].[Phone], [e].[Role]
    FROM [Orders] AS [o]
    INNER JOIN [RestaurantTables] AS [r] ON [o].[TableId] = [r].[Id]
    INNER JOIN [Employees] AS [e] ON [o].[WaiterId] = [e].[Id]
    WHERE [o].[Id] = @__id_0
) AS [s]
LEFT JOIN (
    SELECT [o0].[Id], [o0].[CancellationReason], [o0].[CancelledAt], [o0].[CancelledBy], [o0].[MenuItemId], [o0].[Notes], [o0].[OrderId], [o0].[Quantity], [o0].[Status], [o0].[UnitPrice], [m].[Id] AS [Id0], [m].[CategoryId], [m].[CreatedAt], [m].[IsAvailable], [m].[IsSeasonalItem], [m].[Name], [m].[Price]
    FROM [OrderItems] AS [o0]
    INNER JOIN [MenuItems] AS [m] ON [o0].[MenuItemId] = [m].[Id]
) AS [s0] ON [s].[Id] = [s0].[OrderId]
ORDER BY [s].[Id], [s].[Id0], [s].[Id1], [s0].[Id]
2026-08-23 22:01:57.268 +03:00 [INF] Executing OkObjectResult, writing value of type 'System.Linq.Enumerable+ListSelectIterator`2[[Domain.Models.Order, Domain, Version=1.0.0.0, Culture=neutral, PublicKeyToken=null],[Application.DTOs.Orders.OrderSummaryDto, Application, Version=1.0.0.0, Culture=neutral, PublicKeyToken=null]]'.
2026-08-23 22:01:57.270 +03:00 [INF] Executing OkObjectResult, writing value of type 'Application.DTOs.Orders.OrderDetailsDto'.
2026-08-23 22:01:57.270 +03:00 [INF] Executed action Presentation.Controllers.OrdersController.GetAllOrders (Presentation) in 5.937ms
2026-08-23 22:01:57.271 +03:00 [INF] Executed action Presentation.Controllers.OrdersController.GetOrderById (Presentation) in 5.5538ms
2026-08-23 22:01:57.273 +03:00 [INF] Executed endpoint 'Presentation.Controllers.OrdersController.GetOrderById (Presentation)'
2026-08-23 22:01:57.273 +03:00 [INF] Request starting HTTP/1.1 GET http://localhost:5279/api/Orders - null null
2026-08-23 22:01:57.272 +03:00 [INF] Executed endpoint 'Presentation.Controllers.OrdersController.GetAllOrders (Presentation)'
2026-08-23 22:01:57.274 +03:00 [INF] Request finished HTTP/1.1 GET http://localhost:5279/api/Orders/103 - 200 null application/json; charset=utf-8 17.1617ms
2026-08-23 22:01:57.276 +03:00 [INF] Executing endpoint 'Presentation.Controllers.OrdersController.GetAllOrders (Presentation)'
2026-08-23 22:01:57.277 +03:00 [INF] Request finished HTTP/1.1 GET http://localhost:5279/api/Orders - 200 null application/json; charset=utf-8 24.0613ms
2026-08-23 22:01:57.280 +03:00 [INF] Route matched with {action = "GetAllOrders", controller = "Orders"}. Executing controller action with signature System.Threading.Tasks.Task`1[Microsoft.AspNetCore.Mvc.IActionResult] GetAllOrders(System.Nullable`1[Domain.Enums.OrderStatus]) on controller Presentation.Controllers.OrdersController (Presentation).
2026-08-23 22:01:57.280 +03:00 [INF] Request starting HTTP/1.1 GET http://localhost:5279/api/Orders/103 - null null
2026-08-23 22:01:57.284 +03:00 [INF] Executed DbCommand (1ms) [Parameters=[], CommandType='"Text"', CommandTimeout='30']
SELECT [o].[Id], [o].[CancellationReason], [o].[CancelledAt], [o].[CancelledBy], [o].[CreatedAt], [o].[DiscountAmount], [o].[FinalAmount], [o].[RowVersion], [o].[Status], [o].[TableId], [o].[TotalAmount], [o].[UpdatedAt], [o].[WaiterId], [r].[Id], [r].[Capacity], [r].[RowVersion], [r].[Status], [r].[TableNumber], [r].[WaiterId], [e].[Id], [e].[CreatedAt], [e].[Email], [e].[FullName], [e].[IsActive], [e].[PasswordHash], [e].[Phone], [e].[Role], [o0].[Id], [o0].[CancellationReason], [o0].[CancelledAt], [o0].[CancelledBy], [o0].[MenuItemId], [o0].[Notes], [o0].[OrderId], [o0].[Quantity], [o0].[Status], [o0].[UnitPrice]
FROM [Orders] AS [o]
INNER JOIN [RestaurantTables] AS [r] ON [o].[TableId] = [r].[Id]
INNER JOIN [Employees] AS [e] ON [o].[WaiterId] = [e].[Id]
LEFT JOIN [OrderItems] AS [o0] ON [o].[Id] = [o0].[OrderId]
ORDER BY [o].[Id], [r].[Id], [e].[Id]
2026-08-23 22:01:57.284 +03:00 [INF] Executing endpoint 'Presentation.Controllers.OrdersController.GetOrderById (Presentation)'
2026-08-23 22:01:57.287 +03:00 [INF] Executing OkObjectResult, writing value of type 'System.Linq.Enumerable+ListSelectIterator`2[[Domain.Models.Order, Domain, Version=1.0.0.0, Culture=neutral, PublicKeyToken=null],[Application.DTOs.Orders.OrderSummaryDto, Application, Version=1.0.0.0, Culture=neutral, PublicKeyToken=null]]'.
2026-08-23 22:01:57.287 +03:00 [INF] Route matched with {action = "GetOrderById", controller = "Orders"}. Executing controller action with signature System.Threading.Tasks.Task`1[Microsoft.AspNetCore.Mvc.IActionResult] GetOrderById(Int32) on controller Presentation.Controllers.OrdersController (Presentation).
2026-08-23 22:01:57.288 +03:00 [INF] Executed action Presentation.Controllers.OrdersController.GetAllOrders (Presentation) in 4.8853ms
2026-08-23 22:01:57.290 +03:00 [INF] Request starting HTTP/1.1 GET http://localhost:5279/api/Orders - null null
2026-08-23 22:01:57.290 +03:00 [INF] Executed endpoint 'Presentation.Controllers.OrdersController.GetAllOrders (Presentation)'
2026-08-23 22:01:57.290 +03:00 [INF] Executed DbCommand (1ms) [Parameters=[@__id_0='?' (DbType = Int32)], CommandType='"Text"', CommandTimeout='30']
SELECT [s].[Id], [s].[CancellationReason], [s].[CancelledAt], [s].[CancelledBy], [s].[CreatedAt], [s].[DiscountAmount], [s].[FinalAmount], [s].[RowVersion], [s].[Status], [s].[TableId], [s].[TotalAmount], [s].[UpdatedAt], [s].[WaiterId], [s].[Id0], [s].[Capacity], [s].[RowVersion0], [s].[Status0], [s].[TableNumber], [s].[WaiterId0], [s].[Id1], [s].[CreatedAt0], [s].[Email], [s].[FullName], [s].[IsActive], [s].[PasswordHash], [s].[Phone], [s].[Role], [s0].[Id], [s0].[CancellationReason], [s0].[CancelledAt], [s0].[CancelledBy], [s0].[MenuItemId], [s0].[Notes], [s0].[OrderId], [s0].[Quantity], [s0].[Status], [s0].[UnitPrice], [s0].[Id0], [s0].[CategoryId], [s0].[CreatedAt], [s0].[IsAvailable], [s0].[IsSeasonalItem], [s0].[Name], [s0].[Price]
FROM (
    SELECT TOP(1) [o].[Id], [o].[CancellationReason], [o].[CancelledAt], [o].[CancelledBy], [o].[CreatedAt], [o].[DiscountAmount], [o].[FinalAmount], [o].[RowVersion], [o].[Status], [o].[TableId], [o].[TotalAmount], [o].[UpdatedAt], [o].[WaiterId], [r].[Id] AS [Id0], [r].[Capacity], [r].[RowVersion] AS [RowVersion0], [r].[Status] AS [Status0], [r].[TableNumber], [r].[WaiterId] AS [WaiterId0], [e].[Id] AS [Id1], [e].[CreatedAt] AS [CreatedAt0], [e].[Email], [e].[FullName], [e].[IsActive], [e].[PasswordHash], [e].[Phone], [e].[Role]
    FROM [Orders] AS [o]
    INNER JOIN [RestaurantTables] AS [r] ON [o].[TableId] = [r].[Id]
    INNER JOIN [Employees] AS [e] ON [o].[WaiterId] = [e].[Id]
    WHERE [o].[Id] = @__id_0
) AS [s]
LEFT JOIN (
    SELECT [o0].[Id], [o0].[CancellationReason], [o0].[CancelledAt], [o0].[CancelledBy], [o0].[MenuItemId], [o0].[Notes], [o0].[OrderId], [o0].[Quantity], [o0].[Status], [o0].[UnitPrice], [m].[Id] AS [Id0], [m].[CategoryId], [m].[CreatedAt], [m].[IsAvailable], [m].[IsSeasonalItem], [m].[Name], [m].[Price]
    FROM [OrderItems] AS [o0]
    INNER JOIN [MenuItems] AS [m] ON [o0].[MenuItemId] = [m].[Id]
) AS [s0] ON [s].[Id] = [s0].[OrderId]
ORDER BY [s].[Id], [s].[Id0], [s].[Id1], [s0].[Id]
2026-08-23 22:01:57.292 +03:00 [INF] Executing endpoint 'Presentation.Controllers.OrdersController.GetAllOrders (Presentation)'
2026-08-23 22:01:57.293 +03:00 [INF] Request finished HTTP/1.1 GET http://localhost:5279/api/Orders - 200 null application/json; charset=utf-8 19.499ms
2026-08-23 22:01:57.295 +03:00 [INF] Executing OkObjectResult, writing value of type 'Application.DTOs.Orders.OrderDetailsDto'.
2026-08-23 22:01:57.295 +03:00 [INF] Route matched with {action = "GetAllOrders", controller = "Orders"}. Executing controller action with signature System.Threading.Tasks.Task`1[Microsoft.AspNetCore.Mvc.IActionResult] GetAllOrders(System.Nullable`1[Domain.Enums.OrderStatus]) on controller Presentation.Controllers.OrdersController (Presentation).
2026-08-23 22:01:57.298 +03:00 [INF] Executed action Presentation.Controllers.OrdersController.GetOrderById (Presentation) in 8.9149ms
2026-08-23 22:01:57.300 +03:00 [INF] Request starting HTTP/1.1 GET http://localhost:5279/api/Orders/103 - null null
2026-08-23 22:01:57.300 +03:00 [INF] Executed endpoint 'Presentation.Controllers.OrdersController.GetOrderById (Presentation)'
2026-08-23 22:01:57.300 +03:00 [INF] Executed DbCommand (0ms) [Parameters=[], CommandType='"Text"', CommandTimeout='30']
SELECT [o].[Id], [o].[CancellationReason], [o].[CancelledAt], [o].[CancelledBy], [o].[CreatedAt], [o].[DiscountAmount], [o].[FinalAmount], [o].[RowVersion], [o].[Status], [o].[TableId], [o].[TotalAmount], [o].[UpdatedAt], [o].[WaiterId], [r].[Id], [r].[Capacity], [r].[RowVersion], [r].[Status], [r].[TableNumber], [r].[WaiterId], [e].[Id], [e].[CreatedAt], [e].[Email], [e].[FullName], [e].[IsActive], [e].[PasswordHash], [e].[Phone], [e].[Role], [o0].[Id], [o0].[CancellationReason], [o0].[CancelledAt], [o0].[CancelledBy], [o0].[MenuItemId], [o0].[Notes], [o0].[OrderId], [o0].[Quantity], [o0].[Status], [o0].[UnitPrice]
FROM [Orders] AS [o]
INNER JOIN [RestaurantTables] AS [r] ON [o].[TableId] = [r].[Id]
INNER JOIN [Employees] AS [e] ON [o].[WaiterId] = [e].[Id]
LEFT JOIN [OrderItems] AS [o0] ON [o].[Id] = [o0].[OrderId]
ORDER BY [o].[Id], [r].[Id], [e].[Id]
2026-08-23 22:01:57.302 +03:00 [INF] Executing endpoint 'Presentation.Controllers.OrdersController.GetOrderById (Presentation)'
2026-08-23 22:01:57.303 +03:00 [INF] Request finished HTTP/1.1 GET http://localhost:5279/api/Orders/103 - 200 null application/json; charset=utf-8 22.6133ms
2026-08-23 22:01:57.305 +03:00 [INF] Executing OkObjectResult, writing value of type 'System.Linq.Enumerable+ListSelectIterator`2[[Domain.Models.Order, Domain, Version=1.0.0.0, Culture=neutral, PublicKeyToken=null],[Application.DTOs.Orders.OrderSummaryDto, Application, Version=1.0.0.0, Culture=neutral, PublicKeyToken=null]]'.
2026-08-23 22:01:57.305 +03:00 [INF] Route matched with {action = "GetOrderById", controller = "Orders"}. Executing controller action with signature System.Threading.Tasks.Task`1[Microsoft.AspNetCore.Mvc.IActionResult] GetOrderById(Int32) on controller Presentation.Controllers.OrdersController (Presentation).
2026-08-23 22:01:57.308 +03:00 [INF] Executed action Presentation.Controllers.OrdersController.GetAllOrders (Presentation) in 8.3367ms
2026-08-23 22:01:57.310 +03:00 [INF] Executed endpoint 'Presentation.Controllers.OrdersController.GetAllOrders (Presentation)'
2026-08-23 22:01:57.310 +03:00 [INF] Executed DbCommand (0ms) [Parameters=[@__id_0='?' (DbType = Int32)], CommandType='"Text"', CommandTimeout='30']
SELECT [s].[Id], [s].[CancellationReason], [s].[CancelledAt], [s].[CancelledBy], [s].[CreatedAt], [s].[DiscountAmount], [s].[FinalAmount], [s].[RowVersion], [s].[Status], [s].[TableId], [s].[TotalAmount], [s].[UpdatedAt], [s].[WaiterId], [s].[Id0], [s].[Capacity], [s].[RowVersion0], [s].[Status0], [s].[TableNumber], [s].[WaiterId0], [s].[Id1], [s].[CreatedAt0], [s].[Email], [s].[FullName], [s].[IsActive], [s].[PasswordHash], [s].[Phone], [s].[Role], [s0].[Id], [s0].[CancellationReason], [s0].[CancelledAt], [s0].[CancelledBy], [s0].[MenuItemId], [s0].[Notes], [s0].[OrderId], [s0].[Quantity], [s0].[Status], [s0].[UnitPrice], [s0].[Id0], [s0].[CategoryId], [s0].[CreatedAt], [s0].[IsAvailable], [s0].[IsSeasonalItem], [s0].[Name], [s0].[Price]
FROM (
    SELECT TOP(1) [o].[Id], [o].[CancellationReason], [o].[CancelledAt], [o].[CancelledBy], [o].[CreatedAt], [o].[DiscountAmount], [o].[FinalAmount], [o].[RowVersion], [o].[Status], [o].[TableId], [o].[TotalAmount], [o].[UpdatedAt], [o].[WaiterId], [r].[Id] AS [Id0], [r].[Capacity], [r].[RowVersion] AS [RowVersion0], [r].[Status] AS [Status0], [r].[TableNumber], [r].[WaiterId] AS [WaiterId0], [e].[Id] AS [Id1], [e].[CreatedAt] AS [CreatedAt0], [e].[Email], [e].[FullName], [e].[IsActive], [e].[PasswordHash], [e].[Phone], [e].[Role]
    FROM [Orders] AS [o]
    INNER JOIN [RestaurantTables] AS [r] ON [o].[TableId] = [r].[Id]
    INNER JOIN [Employees] AS [e] ON [o].[WaiterId] = [e].[Id]
    WHERE [o].[Id] = @__id_0
) AS [s]
LEFT JOIN (
    SELECT [o0].[Id], [o0].[CancellationReason], [o0].[CancelledAt], [o0].[CancelledBy], [o0].[MenuItemId], [o0].[Notes], [o0].[OrderId], [o0].[Quantity], [o0].[Status], [o0].[UnitPrice], [m].[Id] AS [Id0], [m].[CategoryId], [m].[CreatedAt], [m].[IsAvailable], [m].[IsSeasonalItem], [m].[Name], [m].[Price]
    FROM [OrderItems] AS [o0]
    INNER JOIN [MenuItems] AS [m] ON [o0].[MenuItemId] = [m].[Id]
) AS [s0] ON [s].[Id] = [s0].[OrderId]
ORDER BY [s].[Id], [s].[Id0], [s].[Id1], [s0].[Id]
2026-08-23 22:01:57.311 +03:00 [INF] Request finished HTTP/1.1 GET http://localhost:5279/api/Orders - 200 null application/json; charset=utf-8 20.9574ms
2026-08-23 22:01:57.312 +03:00 [INF] Executing OkObjectResult, writing value of type 'Application.DTOs.Orders.OrderDetailsDto'.
2026-08-23 22:01:57.314 +03:00 [INF] Executed action Presentation.Controllers.OrdersController.GetOrderById (Presentation) in 4.8107ms
2026-08-23 22:01:57.314 +03:00 [INF] Executed endpoint 'Presentation.Controllers.OrdersController.GetOrderById (Presentation)'
2026-08-23 22:01:57.315 +03:00 [INF] Request finished HTTP/1.1 GET http://localhost:5279/api/Orders/103 - 200 null application/json; charset=utf-8 14.8821ms
2026-08-23 22:01:57.316 +03:00 [INF] Request starting HTTP/1.1 GET http://localhost:5279/api/Orders/103 - null null
2026-08-23 22:01:57.317 +03:00 [INF] Executing endpoint 'Presentation.Controllers.OrdersController.GetOrderById (Presentation)'
2026-08-23 22:01:57.317 +03:00 [INF] Route matched with {action = "GetOrderById", controller = "Orders"}. Executing controller action with signature System.Threading.Tasks.Task`1[Microsoft.AspNetCore.Mvc.IActionResult] GetOrderById(Int32) on controller Presentation.Controllers.OrdersController (Presentation).
2026-08-23 22:01:57.319 +03:00 [INF] Executed DbCommand (1ms) [Parameters=[@__id_0='?' (DbType = Int32)], CommandType='"Text"', CommandTimeout='30']
SELECT [s].[Id], [s].[CancellationReason], [s].[CancelledAt], [s].[CancelledBy], [s].[CreatedAt], [s].[DiscountAmount], [s].[FinalAmount], [s].[RowVersion], [s].[Status], [s].[TableId], [s].[TotalAmount], [s].[UpdatedAt], [s].[WaiterId], [s].[Id0], [s].[Capacity], [s].[RowVersion0], [s].[Status0], [s].[TableNumber], [s].[WaiterId0], [s].[Id1], [s].[CreatedAt0], [s].[Email], [s].[FullName], [s].[IsActive], [s].[PasswordHash], [s].[Phone], [s].[Role], [s0].[Id], [s0].[CancellationReason], [s0].[CancelledAt], [s0].[CancelledBy], [s0].[MenuItemId], [s0].[Notes], [s0].[OrderId], [s0].[Quantity], [s0].[Status], [s0].[UnitPrice], [s0].[Id0], [s0].[CategoryId], [s0].[CreatedAt], [s0].[IsAvailable], [s0].[IsSeasonalItem], [s0].[Name], [s0].[Price]
FROM (
    SELECT TOP(1) [o].[Id], [o].[CancellationReason], [o].[CancelledAt], [o].[CancelledBy], [o].[CreatedAt], [o].[DiscountAmount], [o].[FinalAmount], [o].[RowVersion], [o].[Status], [o].[TableId], [o].[TotalAmount], [o].[UpdatedAt], [o].[WaiterId], [r].[Id] AS [Id0], [r].[Capacity], [r].[RowVersion] AS [RowVersion0], [r].[Status] AS [Status0], [r].[TableNumber], [r].[WaiterId] AS [WaiterId0], [e].[Id] AS [Id1], [e].[CreatedAt] AS [CreatedAt0], [e].[Email], [e].[FullName], [e].[IsActive], [e].[PasswordHash], [e].[Phone], [e].[Role]
    FROM [Orders] AS [o]
    INNER JOIN [RestaurantTables] AS [r] ON [o].[TableId] = [r].[Id]
    INNER JOIN [Employees] AS [e] ON [o].[WaiterId] = [e].[Id]
    WHERE [o].[Id] = @__id_0
) AS [s]
LEFT JOIN (
    SELECT [o0].[Id], [o0].[CancellationReason], [o0].[CancelledAt], [o0].[CancelledBy], [o0].[MenuItemId], [o0].[Notes], [o0].[OrderId], [o0].[Quantity], [o0].[Status], [o0].[UnitPrice], [m].[Id] AS [Id0], [m].[CategoryId], [m].[CreatedAt], [m].[IsAvailable], [m].[IsSeasonalItem], [m].[Name], [m].[Price]
    FROM [OrderItems] AS [o0]
    INNER JOIN [MenuItems] AS [m] ON [o0].[MenuItemId] = [m].[Id]
) AS [s0] ON [s].[Id] = [s0].[OrderId]
ORDER BY [s].[Id], [s].[Id0], [s].[Id1], [s0].[Id]
2026-08-23 22:01:57.320 +03:00 [INF] Executing OkObjectResult, writing value of type 'Application.DTOs.Orders.OrderDetailsDto'.
2026-08-23 22:01:57.320 +03:00 [INF] Executed action Presentation.Controllers.OrdersController.GetOrderById (Presentation) in 2.5801ms
2026-08-23 22:01:57.321 +03:00 [INF] Executed endpoint 'Presentation.Controllers.OrdersController.GetOrderById (Presentation)'
2026-08-23 22:01:57.321 +03:00 [INF] Request finished HTTP/1.1 GET http://localhost:5279/api/Orders/103 - 200 null application/json; charset=utf-8 5.7222ms
2026-08-23 22:02:02.537 +03:00 [INF] Request starting HTTP/1.1 POST http://localhost:5279/api/Auth/login - application/json 55
2026-08-23 22:02:02.540 +03:00 [INF] CORS policy execution successful.
2026-08-23 22:02:02.541 +03:00 [INF] Executing endpoint 'Presentation.Controllers.AuthController.Login (Presentation)'
2026-08-23 22:02:02.541 +03:00 [INF] Route matched with {action = "Login", controller = "Auth"}. Executing controller action with signature System.Threading.Tasks.Task`1[Microsoft.AspNetCore.Mvc.IActionResult] Login(Application.DTOs.Authentication.LoginDto) on controller Presentation.Controllers.AuthController (Presentation).
2026-08-23 22:02:02.548 +03:00 [INF] Executed DbCommand (6ms) [Parameters=[@__dto_Email_0='?' (Size = 255)], CommandType='"Text"', CommandTimeout='30']
SELECT TOP(2) [e].[Id], [e].[CreatedAt], [e].[Email], [e].[FullName], [e].[IsActive], [e].[PasswordHash], [e].[Phone], [e].[Role]
FROM [Employees] AS [e]
WHERE [e].[Email] = @__dto_Email_0
2026-08-23 22:02:02.551 +03:00 [INF] Executing OkObjectResult, writing value of type 'Application.DTOs.Authentication.AuthResponseDto'.
2026-08-23 22:02:02.551 +03:00 [INF] Executed action Presentation.Controllers.AuthController.Login (Presentation) in 9.4908ms
2026-08-23 22:02:02.552 +03:00 [INF] Executed endpoint 'Presentation.Controllers.AuthController.Login (Presentation)'
2026-08-23 22:02:02.552 +03:00 [INF] Request finished HTTP/1.1 POST http://localhost:5279/api/Auth/login - 200 null application/json; charset=utf-8 14.9566ms
2026-08-23 22:02:02.571 +03:00 [INF] Request starting HTTP/1.1 GET http://localhost:5279/api/Tables - null null
2026-08-23 22:02:02.573 +03:00 [INF] Executing endpoint 'Presentation.Controllers.TablesController.GetAllTables (Presentation)'
2026-08-23 22:02:02.574 +03:00 [INF] Route matched with {action = "GetAllTables", controller = "Tables"}. Executing controller action with signature System.Threading.Tasks.Task`1[Microsoft.AspNetCore.Mvc.IActionResult] GetAllTables(System.Nullable`1[Domain.Enums.TableStatus]) on controller Presentation.Controllers.TablesController (Presentation).
2026-08-23 22:02:02.580 +03:00 [INF] Executed DbCommand (5ms) [Parameters=[], CommandType='"Text"', CommandTimeout='30']
SELECT [r].[Id], [r].[Capacity], [r].[RowVersion], [r].[Status], [r].[TableNumber], [r].[WaiterId], [e].[Id], [e].[CreatedAt], [e].[Email], [e].[FullName], [e].[IsActive], [e].[PasswordHash], [e].[Phone], [e].[Role]
FROM [RestaurantTables] AS [r]
LEFT JOIN [Employees] AS [e] ON [r].[WaiterId] = [e].[Id]
2026-08-23 22:02:02.582 +03:00 [INF] Executing OkObjectResult, writing value of type 'System.Linq.Enumerable+ListSelectIterator`2[[Domain.Models.RestaurantTable, Domain, Version=1.0.0.0, Culture=neutral, PublicKeyToken=null],[Application.DTOs.Tables.TableSummaryDto, Application, Version=1.0.0.0, Culture=neutral, PublicKeyToken=null]]'.
2026-08-23 22:02:02.583 +03:00 [INF] Executed action Presentation.Controllers.TablesController.GetAllTables (Presentation) in 8.1684ms
2026-08-23 22:02:02.584 +03:00 [INF] Executed endpoint 'Presentation.Controllers.TablesController.GetAllTables (Presentation)'
2026-08-23 22:02:02.585 +03:00 [INF] Request finished HTTP/1.1 GET http://localhost:5279/api/Tables - 200 null application/json; charset=utf-8 14.0598ms
2026-08-23 22:02:02.586 +03:00 [INF] Request starting HTTP/1.1 GET http://localhost:5279/api/Tables - null null
2026-08-23 22:02:02.589 +03:00 [INF] Executing endpoint 'Presentation.Controllers.TablesController.GetAllTables (Presentation)'
2026-08-23 22:02:02.590 +03:00 [INF] Route matched with {action = "GetAllTables", controller = "Tables"}. Executing controller action with signature System.Threading.Tasks.Task`1[Microsoft.AspNetCore.Mvc.IActionResult] GetAllTables(System.Nullable`1[Domain.Enums.TableStatus]) on controller Presentation.Controllers.TablesController (Presentation).
2026-08-23 22:02:02.592 +03:00 [INF] Executed DbCommand (1ms) [Parameters=[], CommandType='"Text"', CommandTimeout='30']
SELECT [r].[Id], [r].[Capacity], [r].[RowVersion], [r].[Status], [r].[TableNumber], [r].[WaiterId], [e].[Id], [e].[CreatedAt], [e].[Email], [e].[FullName], [e].[IsActive], [e].[PasswordHash], [e].[Phone], [e].[Role]
FROM [RestaurantTables] AS [r]
LEFT JOIN [Employees] AS [e] ON [r].[WaiterId] = [e].[Id]
2026-08-23 22:02:02.594 +03:00 [INF] Executing OkObjectResult, writing value of type 'System.Linq.Enumerable+ListSelectIterator`2[[Domain.Models.RestaurantTable, Domain, Version=1.0.0.0, Culture=neutral, PublicKeyToken=null],[Application.DTOs.Tables.TableSummaryDto, Application, Version=1.0.0.0, Culture=neutral, PublicKeyToken=null]]'.
2026-08-23 22:02:02.595 +03:00 [INF] Executed action Presentation.Controllers.TablesController.GetAllTables (Presentation) in 3.7071ms
2026-08-23 22:02:02.596 +03:00 [INF] Executed endpoint 'Presentation.Controllers.TablesController.GetAllTables (Presentation)'
2026-08-23 22:02:02.596 +03:00 [INF] Request finished HTTP/1.1 GET http://localhost:5279/api/Tables - 200 null application/json; charset=utf-8 10.335ms
2026-08-23 22:02:03.860 +03:00 [INF] Request starting HTTP/1.1 GET http://localhost:5279/api/Tables - null null
2026-08-23 22:02:03.861 +03:00 [INF] Executing endpoint 'Presentation.Controllers.TablesController.GetAllTables (Presentation)'
2026-08-23 22:02:03.861 +03:00 [INF] Route matched with {action = "GetAllTables", controller = "Tables"}. Executing controller action with signature System.Threading.Tasks.Task`1[Microsoft.AspNetCore.Mvc.IActionResult] GetAllTables(System.Nullable`1[Domain.Enums.TableStatus]) on controller Presentation.Controllers.TablesController (Presentation).
2026-08-23 22:02:03.867 +03:00 [INF] Request starting HTTP/1.1 GET http://localhost:5279/api/Categories - null null
2026-08-23 22:02:03.868 +03:00 [INF] Request starting HTTP/1.1 GET http://localhost:5279/api/MenuItems - null null
2026-08-23 22:02:03.868 +03:00 [INF] Request starting HTTP/1.1 GET http://localhost:5279/api/Orders - null null
2026-08-23 22:02:03.868 +03:00 [INF] Executed DbCommand (5ms) [Parameters=[], CommandType='"Text"', CommandTimeout='30']
SELECT [r].[Id], [r].[Capacity], [r].[RowVersion], [r].[Status], [r].[TableNumber], [r].[WaiterId], [e].[Id], [e].[CreatedAt], [e].[Email], [e].[FullName], [e].[IsActive], [e].[PasswordHash], [e].[Phone], [e].[Role]
FROM [RestaurantTables] AS [r]
LEFT JOIN [Employees] AS [e] ON [r].[WaiterId] = [e].[Id]
2026-08-23 22:02:03.869 +03:00 [INF] Executing endpoint 'Presentation.Controllers.CategoriesController.GetAllCategories (Presentation)'
2026-08-23 22:02:03.870 +03:00 [INF] Executing endpoint 'Presentation.Controllers.MenuItemsController.GetAllMenuItems (Presentation)'
2026-08-23 22:02:03.872 +03:00 [INF] Executing endpoint 'Presentation.Controllers.OrdersController.GetAllOrders (Presentation)'
2026-08-23 22:02:03.873 +03:00 [INF] Executing OkObjectResult, writing value of type 'System.Linq.Enumerable+ListSelectIterator`2[[Domain.Models.RestaurantTable, Domain, Version=1.0.0.0, Culture=neutral, PublicKeyToken=null],[Application.DTOs.Tables.TableSummaryDto, Application, Version=1.0.0.0, Culture=neutral, PublicKeyToken=null]]'.
2026-08-23 22:02:03.874 +03:00 [INF] Route matched with {action = "GetAllCategories", controller = "Categories"}. Executing controller action with signature System.Threading.Tasks.Task`1[Microsoft.AspNetCore.Mvc.IActionResult] GetAllCategories() on controller Presentation.Controllers.CategoriesController (Presentation).
2026-08-23 22:02:03.874 +03:00 [INF] Route matched with {action = "GetAllMenuItems", controller = "MenuItems"}. Executing controller action with signature System.Threading.Tasks.Task`1[Microsoft.AspNetCore.Mvc.IActionResult] GetAllMenuItems(Application.DTOs.Menu.MenuFilterDto) on controller Presentation.Controllers.MenuItemsController (Presentation).
2026-08-23 22:02:03.875 +03:00 [INF] Route matched with {action = "GetAllOrders", controller = "Orders"}. Executing controller action with signature System.Threading.Tasks.Task`1[Microsoft.AspNetCore.Mvc.IActionResult] GetAllOrders(System.Nullable`1[Domain.Enums.OrderStatus]) on controller Presentation.Controllers.OrdersController (Presentation).
2026-08-23 22:02:03.876 +03:00 [INF] Executed action Presentation.Controllers.TablesController.GetAllTables (Presentation) in 13.936ms
2026-08-23 22:02:03.878 +03:00 [INF] Request starting HTTP/1.1 GET http://localhost:5279/api/Tables - null null
2026-08-23 22:02:03.880 +03:00 [INF] Executed DbCommand (2ms) [Parameters=[], CommandType='"Text"', CommandTimeout='30']
SELECT [c].[Id], [c].[Description], [c].[IsActive], [c].[Name]
FROM [Categories] AS [c]
2026-08-23 22:02:03.881 +03:00 [INF] Executed endpoint 'Presentation.Controllers.TablesController.GetAllTables (Presentation)'
2026-08-23 22:02:03.883 +03:00 [INF] Executing endpoint 'Presentation.Controllers.TablesController.GetAllTables (Presentation)'
2026-08-23 22:02:03.886 +03:00 [INF] Route matched with {action = "GetAllTables", controller = "Tables"}. Executing controller action with signature System.Threading.Tasks.Task`1[Microsoft.AspNetCore.Mvc.IActionResult] GetAllTables(System.Nullable`1[Domain.Enums.TableStatus]) on controller Presentation.Controllers.TablesController (Presentation).
2026-08-23 22:02:03.884 +03:00 [INF] Executing OkObjectResult, writing value of type 'System.Linq.Enumerable+ListSelectIterator`2[[Domain.Models.Category, Domain, Version=1.0.0.0, Culture=neutral, PublicKeyToken=null],[Application.DTOs.Menu.Categories.CategoryDto, Application, Version=1.0.0.0, Culture=neutral, PublicKeyToken=null]]'.
2026-08-23 22:02:03.885 +03:00 [INF] Request finished HTTP/1.1 GET http://localhost:5279/api/Tables - 200 null application/json; charset=utf-8 25.1742ms
2026-08-23 22:02:03.883 +03:00 [INF] Executed DbCommand (4ms) [Parameters=[], CommandType='"Text"', CommandTimeout='30']
SELECT [m].[Id], [m].[CategoryId], [m].[CreatedAt], [m].[IsAvailable], [m].[IsSeasonalItem], [m].[Name], [m].[Price], [c].[Id], [c].[Description], [c].[IsActive], [c].[Name]
FROM [MenuItems] AS [m]
LEFT JOIN [Categories] AS [c] ON [m].[CategoryId] = [c].[Id]
2026-08-23 22:02:03.886 +03:00 [INF] Executed DbCommand (6ms) [Parameters=[], CommandType='"Text"', CommandTimeout='30']
SELECT [o].[Id], [o].[CancellationReason], [o].[CancelledAt], [o].[CancelledBy], [o].[CreatedAt], [o].[DiscountAmount], [o].[FinalAmount], [o].[RowVersion], [o].[Status], [o].[TableId], [o].[TotalAmount], [o].[UpdatedAt], [o].[WaiterId], [r].[Id], [r].[Capacity], [r].[RowVersion], [r].[Status], [r].[TableNumber], [r].[WaiterId], [e].[Id], [e].[CreatedAt], [e].[Email], [e].[FullName], [e].[IsActive], [e].[PasswordHash], [e].[Phone], [e].[Role], [o0].[Id], [o0].[CancellationReason], [o0].[CancelledAt], [o0].[CancelledBy], [o0].[MenuItemId], [o0].[Notes], [o0].[OrderId], [o0].[Quantity], [o0].[Status], [o0].[UnitPrice]
FROM [Orders] AS [o]
INNER JOIN [RestaurantTables] AS [r] ON [o].[TableId] = [r].[Id]
INNER JOIN [Employees] AS [e] ON [o].[WaiterId] = [e].[Id]
LEFT JOIN [OrderItems] AS [o0] ON [o].[Id] = [o0].[OrderId]
ORDER BY [o].[Id], [r].[Id], [e].[Id]
2026-08-23 22:02:03.888 +03:00 [INF] Executed action Presentation.Controllers.CategoriesController.GetAllCategories (Presentation) in 10.5157ms
2026-08-23 22:02:03.888 +03:00 [INF] Executed DbCommand (0ms) [Parameters=[], CommandType='"Text"', CommandTimeout='30']
SELECT [r].[Id], [r].[Capacity], [r].[RowVersion], [r].[Status], [r].[TableNumber], [r].[WaiterId], [e].[Id], [e].[CreatedAt], [e].[Email], [e].[FullName], [e].[IsActive], [e].[PasswordHash], [e].[Phone], [e].[Role]
FROM [RestaurantTables] AS [r]
LEFT JOIN [Employees] AS [e] ON [r].[WaiterId] = [e].[Id]
2026-08-23 22:02:03.891 +03:00 [INF] Request starting HTTP/1.1 GET http://localhost:5279/api/Categories - null null
2026-08-23 22:02:03.891 +03:00 [INF] Executing OkObjectResult, writing value of type 'System.Linq.Enumerable+ListSelectIterator`2[[Domain.Models.MenuItem, Domain, Version=1.0.0.0, Culture=neutral, PublicKeyToken=null],[Application.DTOs.Menu.MenuItemDto, Application, Version=1.0.0.0, Culture=neutral, PublicKeyToken=null]]'.
2026-08-23 22:02:03.893 +03:00 [INF] Executing OkObjectResult, writing value of type 'System.Linq.Enumerable+ListSelectIterator`2[[Domain.Models.Order, Domain, Version=1.0.0.0, Culture=neutral, PublicKeyToken=null],[Application.DTOs.Orders.OrderSummaryDto, Application, Version=1.0.0.0, Culture=neutral, PublicKeyToken=null]]'.
2026-08-23 22:02:03.894 +03:00 [INF] Executed endpoint 'Presentation.Controllers.CategoriesController.GetAllCategories (Presentation)'
2026-08-23 22:02:03.895 +03:00 [INF] Executing OkObjectResult, writing value of type 'System.Linq.Enumerable+ListSelectIterator`2[[Domain.Models.RestaurantTable, Domain, Version=1.0.0.0, Culture=neutral, PublicKeyToken=null],[Application.DTOs.Tables.TableSummaryDto, Application, Version=1.0.0.0, Culture=neutral, PublicKeyToken=null]]'.
2026-08-23 22:02:03.897 +03:00 [INF] Executing endpoint 'Presentation.Controllers.CategoriesController.GetAllCategories (Presentation)'
2026-08-23 22:02:03.898 +03:00 [INF] Executed action Presentation.Controllers.MenuItemsController.GetAllMenuItems (Presentation) in 18.7773ms
2026-08-23 22:02:03.898 +03:00 [INF] Executed action Presentation.Controllers.OrdersController.GetAllOrders (Presentation) in 18.3465ms
2026-08-23 22:02:03.899 +03:00 [INF] Request finished HTTP/1.1 GET http://localhost:5279/api/Categories - 200 null application/json; charset=utf-8 32.4731ms
2026-08-23 22:02:03.900 +03:00 [INF] Request starting HTTP/1.1 GET http://localhost:5279/api/MenuItems - null null
2026-08-23 22:02:03.901 +03:00 [INF] Executed action Presentation.Controllers.TablesController.GetAllTables (Presentation) in 13.5591ms
2026-08-23 22:02:03.901 +03:00 [INF] Request starting HTTP/1.1 GET http://localhost:5279/api/Orders - null null
2026-08-23 22:02:03.901 +03:00 [INF] Route matched with {action = "GetAllCategories", controller = "Categories"}. Executing controller action with signature System.Threading.Tasks.Task`1[Microsoft.AspNetCore.Mvc.IActionResult] GetAllCategories() on controller Presentation.Controllers.CategoriesController (Presentation).
2026-08-23 22:02:03.902 +03:00 [INF] Executed endpoint 'Presentation.Controllers.MenuItemsController.GetAllMenuItems (Presentation)'
2026-08-23 22:02:03.903 +03:00 [INF] Executed endpoint 'Presentation.Controllers.OrdersController.GetAllOrders (Presentation)'
2026-08-23 22:02:03.907 +03:00 [INF] Executing endpoint 'Presentation.Controllers.MenuItemsController.GetAllMenuItems (Presentation)'
2026-08-23 22:02:03.908 +03:00 [INF] Executed endpoint 'Presentation.Controllers.TablesController.GetAllTables (Presentation)'
2026-08-23 22:02:03.909 +03:00 [INF] Executing endpoint 'Presentation.Controllers.OrdersController.GetAllOrders (Presentation)'
2026-08-23 22:02:03.911 +03:00 [INF] Request finished HTTP/1.1 GET http://localhost:5279/api/MenuItems - 200 null application/json; charset=utf-8 43.6529ms
2026-08-23 22:02:03.911 +03:00 [INF] Executed DbCommand (0ms) [Parameters=[], CommandType='"Text"', CommandTimeout='30']
SELECT [c].[Id], [c].[Description], [c].[IsActive], [c].[Name]
FROM [Categories] AS [c]
2026-08-23 22:02:03.912 +03:00 [INF] Request finished HTTP/1.1 GET http://localhost:5279/api/Orders - 200 null application/json; charset=utf-8 44.4352ms
2026-08-23 22:02:03.913 +03:00 [INF] Route matched with {action = "GetAllMenuItems", controller = "MenuItems"}. Executing controller action with signature System.Threading.Tasks.Task`1[Microsoft.AspNetCore.Mvc.IActionResult] GetAllMenuItems(Application.DTOs.Menu.MenuFilterDto) on controller Presentation.Controllers.MenuItemsController (Presentation).
2026-08-23 22:02:03.914 +03:00 [INF] Request finished HTTP/1.1 GET http://localhost:5279/api/Tables - 200 null application/json; charset=utf-8 35.2207ms
2026-08-23 22:02:03.915 +03:00 [INF] Route matched with {action = "GetAllOrders", controller = "Orders"}. Executing controller action with signature System.Threading.Tasks.Task`1[Microsoft.AspNetCore.Mvc.IActionResult] GetAllOrders(System.Nullable`1[Domain.Enums.OrderStatus]) on controller Presentation.Controllers.OrdersController (Presentation).
2026-08-23 22:02:03.918 +03:00 [INF] Executing OkObjectResult, writing value of type 'System.Linq.Enumerable+ListSelectIterator`2[[Domain.Models.Category, Domain, Version=1.0.0.0, Culture=neutral, PublicKeyToken=null],[Application.DTOs.Menu.Categories.CategoryDto, Application, Version=1.0.0.0, Culture=neutral, PublicKeyToken=null]]'.
2026-08-23 22:02:03.920 +03:00 [INF] Request starting HTTP/1.1 GET http://localhost:5279/api/Orders/103 - null null
2026-08-23 22:02:03.923 +03:00 [INF] Executed DbCommand (1ms) [Parameters=[], CommandType='"Text"', CommandTimeout='30']
SELECT [m].[Id], [m].[CategoryId], [m].[CreatedAt], [m].[IsAvailable], [m].[IsSeasonalItem], [m].[Name], [m].[Price], [c].[Id], [c].[Description], [c].[IsActive], [c].[Name]
FROM [MenuItems] AS [m]
LEFT JOIN [Categories] AS [c] ON [m].[CategoryId] = [c].[Id]
2026-08-23 22:02:03.927 +03:00 [INF] Executed action Presentation.Controllers.CategoriesController.GetAllCategories (Presentation) in 16.0219ms
2026-08-23 22:02:03.927 +03:00 [INF] Executed DbCommand (1ms) [Parameters=[], CommandType='"Text"', CommandTimeout='30']
SELECT [o].[Id], [o].[CancellationReason], [o].[CancelledAt], [o].[CancelledBy], [o].[CreatedAt], [o].[DiscountAmount], [o].[FinalAmount], [o].[RowVersion], [o].[Status], [o].[TableId], [o].[TotalAmount], [o].[UpdatedAt], [o].[WaiterId], [r].[Id], [r].[Capacity], [r].[RowVersion], [r].[Status], [r].[TableNumber], [r].[WaiterId], [e].[Id], [e].[CreatedAt], [e].[Email], [e].[FullName], [e].[IsActive], [e].[PasswordHash], [e].[Phone], [e].[Role], [o0].[Id], [o0].[CancellationReason], [o0].[CancelledAt], [o0].[CancelledBy], [o0].[MenuItemId], [o0].[Notes], [o0].[OrderId], [o0].[Quantity], [o0].[Status], [o0].[UnitPrice]
FROM [Orders] AS [o]
INNER JOIN [RestaurantTables] AS [r] ON [o].[TableId] = [r].[Id]
INNER JOIN [Employees] AS [e] ON [o].[WaiterId] = [e].[Id]
LEFT JOIN [OrderItems] AS [o0] ON [o].[Id] = [o0].[OrderId]
ORDER BY [o].[Id], [r].[Id], [e].[Id]
2026-08-23 22:02:03.928 +03:00 [INF] Executing endpoint 'Presentation.Controllers.OrdersController.GetOrderById (Presentation)'
2026-08-23 22:02:03.930 +03:00 [INF] Executing OkObjectResult, writing value of type 'System.Linq.Enumerable+ListSelectIterator`2[[Domain.Models.MenuItem, Domain, Version=1.0.0.0, Culture=neutral, PublicKeyToken=null],[Application.DTOs.Menu.MenuItemDto, Application, Version=1.0.0.0, Culture=neutral, PublicKeyToken=null]]'.
2026-08-23 22:02:03.930 +03:00 [INF] Executed endpoint 'Presentation.Controllers.CategoriesController.GetAllCategories (Presentation)'
2026-08-23 22:02:03.933 +03:00 [INF] Executing OkObjectResult, writing value of type 'System.Linq.Enumerable+ListSelectIterator`2[[Domain.Models.Order, Domain, Version=1.0.0.0, Culture=neutral, PublicKeyToken=null],[Application.DTOs.Orders.OrderSummaryDto, Application, Version=1.0.0.0, Culture=neutral, PublicKeyToken=null]]'.
2026-08-23 22:02:03.933 +03:00 [INF] Route matched with {action = "GetOrderById", controller = "Orders"}. Executing controller action with signature System.Threading.Tasks.Task`1[Microsoft.AspNetCore.Mvc.IActionResult] GetOrderById(Int32) on controller Presentation.Controllers.OrdersController (Presentation).
2026-08-23 22:02:03.934 +03:00 [INF] Executed action Presentation.Controllers.MenuItemsController.GetAllMenuItems (Presentation) in 12.3242ms
2026-08-23 22:02:03.935 +03:00 [INF] Request finished HTTP/1.1 GET http://localhost:5279/api/Categories - 200 null application/json; charset=utf-8 43.9384ms
2026-08-23 22:02:03.936 +03:00 [INF] Executed action Presentation.Controllers.OrdersController.GetAllOrders (Presentation) in 10.4816ms
2026-08-23 22:02:03.938 +03:00 [INF] Executed endpoint 'Presentation.Controllers.MenuItemsController.GetAllMenuItems (Presentation)'
2026-08-23 22:02:03.941 +03:00 [INF] Executed endpoint 'Presentation.Controllers.OrdersController.GetAllOrders (Presentation)'
2026-08-23 22:02:03.942 +03:00 [INF] Request finished HTTP/1.1 GET http://localhost:5279/api/MenuItems - 200 null application/json; charset=utf-8 41.7215ms
2026-08-23 22:02:03.943 +03:00 [INF] Request finished HTTP/1.1 GET http://localhost:5279/api/Orders - 200 null application/json; charset=utf-8 41.7271ms
2026-08-23 22:02:03.951 +03:00 [INF] Executed DbCommand (13ms) [Parameters=[@__id_0='?' (DbType = Int32)], CommandType='"Text"', CommandTimeout='30']
SELECT [s].[Id], [s].[CancellationReason], [s].[CancelledAt], [s].[CancelledBy], [s].[CreatedAt], [s].[DiscountAmount], [s].[FinalAmount], [s].[RowVersion], [s].[Status], [s].[TableId], [s].[TotalAmount], [s].[UpdatedAt], [s].[WaiterId], [s].[Id0], [s].[Capacity], [s].[RowVersion0], [s].[Status0], [s].[TableNumber], [s].[WaiterId0], [s].[Id1], [s].[CreatedAt0], [s].[Email], [s].[FullName], [s].[IsActive], [s].[PasswordHash], [s].[Phone], [s].[Role], [s0].[Id], [s0].[CancellationReason], [s0].[CancelledAt], [s0].[CancelledBy], [s0].[MenuItemId], [s0].[Notes], [s0].[OrderId], [s0].[Quantity], [s0].[Status], [s0].[UnitPrice], [s0].[Id0], [s0].[CategoryId], [s0].[CreatedAt], [s0].[IsAvailable], [s0].[IsSeasonalItem], [s0].[Name], [s0].[Price]
FROM (
    SELECT TOP(1) [o].[Id], [o].[CancellationReason], [o].[CancelledAt], [o].[CancelledBy], [o].[CreatedAt], [o].[DiscountAmount], [o].[FinalAmount], [o].[RowVersion], [o].[Status], [o].[TableId], [o].[TotalAmount], [o].[UpdatedAt], [o].[WaiterId], [r].[Id] AS [Id0], [r].[Capacity], [r].[RowVersion] AS [RowVersion0], [r].[Status] AS [Status0], [r].[TableNumber], [r].[WaiterId] AS [WaiterId0], [e].[Id] AS [Id1], [e].[CreatedAt] AS [CreatedAt0], [e].[Email], [e].[FullName], [e].[IsActive], [e].[PasswordHash], [e].[Phone], [e].[Role]
    FROM [Orders] AS [o]
    INNER JOIN [RestaurantTables] AS [r] ON [o].[TableId] = [r].[Id]
    INNER JOIN [Employees] AS [e] ON [o].[WaiterId] = [e].[Id]
    WHERE [o].[Id] = @__id_0
) AS [s]
LEFT JOIN (
    SELECT [o0].[Id], [o0].[CancellationReason], [o0].[CancelledAt], [o0].[CancelledBy], [o0].[MenuItemId], [o0].[Notes], [o0].[OrderId], [o0].[Quantity], [o0].[Status], [o0].[UnitPrice], [m].[Id] AS [Id0], [m].[CategoryId], [m].[CreatedAt], [m].[IsAvailable], [m].[IsSeasonalItem], [m].[Name], [m].[Price]
    FROM [OrderItems] AS [o0]
    INNER JOIN [MenuItems] AS [m] ON [o0].[MenuItemId] = [m].[Id]
) AS [s0] ON [s].[Id] = [s0].[OrderId]
ORDER BY [s].[Id], [s].[Id0], [s].[Id1], [s0].[Id]
2026-08-23 22:02:03.953 +03:00 [INF] Executing OkObjectResult, writing value of type 'Application.DTOs.Orders.OrderDetailsDto'.
2026-08-23 22:02:03.954 +03:00 [INF] Executed action Presentation.Controllers.OrdersController.GetOrderById (Presentation) in 16.5745ms
2026-08-23 22:02:03.955 +03:00 [INF] Executed endpoint 'Presentation.Controllers.OrdersController.GetOrderById (Presentation)'
2026-08-23 22:02:03.956 +03:00 [INF] Request finished HTTP/1.1 GET http://localhost:5279/api/Orders/103 - 200 null application/json; charset=utf-8 35.1606ms
2026-08-23 22:02:03.957 +03:00 [INF] Request starting HTTP/1.1 GET http://localhost:5279/api/Orders/103 - null null
2026-08-23 22:02:03.960 +03:00 [INF] Executing endpoint 'Presentation.Controllers.OrdersController.GetOrderById (Presentation)'
2026-08-23 22:02:03.960 +03:00 [INF] Route matched with {action = "GetOrderById", controller = "Orders"}. Executing controller action with signature System.Threading.Tasks.Task`1[Microsoft.AspNetCore.Mvc.IActionResult] GetOrderById(Int32) on controller Presentation.Controllers.OrdersController (Presentation).
2026-08-23 22:02:03.963 +03:00 [INF] Executed DbCommand (1ms) [Parameters=[@__id_0='?' (DbType = Int32)], CommandType='"Text"', CommandTimeout='30']
SELECT [s].[Id], [s].[CancellationReason], [s].[CancelledAt], [s].[CancelledBy], [s].[CreatedAt], [s].[DiscountAmount], [s].[FinalAmount], [s].[RowVersion], [s].[Status], [s].[TableId], [s].[TotalAmount], [s].[UpdatedAt], [s].[WaiterId], [s].[Id0], [s].[Capacity], [s].[RowVersion0], [s].[Status0], [s].[TableNumber], [s].[WaiterId0], [s].[Id1], [s].[CreatedAt0], [s].[Email], [s].[FullName], [s].[IsActive], [s].[PasswordHash], [s].[Phone], [s].[Role], [s0].[Id], [s0].[CancellationReason], [s0].[CancelledAt], [s0].[CancelledBy], [s0].[MenuItemId], [s0].[Notes], [s0].[OrderId], [s0].[Quantity], [s0].[Status], [s0].[UnitPrice], [s0].[Id0], [s0].[CategoryId], [s0].[CreatedAt], [s0].[IsAvailable], [s0].[IsSeasonalItem], [s0].[Name], [s0].[Price]
FROM (
    SELECT TOP(1) [o].[Id], [o].[CancellationReason], [o].[CancelledAt], [o].[CancelledBy], [o].[CreatedAt], [o].[DiscountAmount], [o].[FinalAmount], [o].[RowVersion], [o].[Status], [o].[TableId], [o].[TotalAmount], [o].[UpdatedAt], [o].[WaiterId], [r].[Id] AS [Id0], [r].[Capacity], [r].[RowVersion] AS [RowVersion0], [r].[Status] AS [Status0], [r].[TableNumber], [r].[WaiterId] AS [WaiterId0], [e].[Id] AS [Id1], [e].[CreatedAt] AS [CreatedAt0], [e].[Email], [e].[FullName], [e].[IsActive], [e].[PasswordHash], [e].[Phone], [e].[Role]
    FROM [Orders] AS [o]
    INNER JOIN [RestaurantTables] AS [r] ON [o].[TableId] = [r].[Id]
    INNER JOIN [Employees] AS [e] ON [o].[WaiterId] = [e].[Id]
    WHERE [o].[Id] = @__id_0
) AS [s]
LEFT JOIN (
    SELECT [o0].[Id], [o0].[CancellationReason], [o0].[CancelledAt], [o0].[CancelledBy], [o0].[MenuItemId], [o0].[Notes], [o0].[OrderId], [o0].[Quantity], [o0].[Status], [o0].[UnitPrice], [m].[Id] AS [Id0], [m].[CategoryId], [m].[CreatedAt], [m].[IsAvailable], [m].[IsSeasonalItem], [m].[Name], [m].[Price]
    FROM [OrderItems] AS [o0]
    INNER JOIN [MenuItems] AS [m] ON [o0].[MenuItemId] = [m].[Id]
) AS [s0] ON [s].[Id] = [s0].[OrderId]
ORDER BY [s].[Id], [s].[Id0], [s].[Id1], [s0].[Id]
2026-08-23 22:02:03.965 +03:00 [INF] Executing OkObjectResult, writing value of type 'Application.DTOs.Orders.OrderDetailsDto'.
2026-08-23 22:02:03.966 +03:00 [INF] Executed action Presentation.Controllers.OrdersController.GetOrderById (Presentation) in 4.4253ms
2026-08-23 22:02:03.967 +03:00 [INF] Executed endpoint 'Presentation.Controllers.OrdersController.GetOrderById (Presentation)'
2026-08-23 22:02:03.968 +03:00 [INF] Request finished HTTP/1.1 GET http://localhost:5279/api/Orders/103 - 200 null application/json; charset=utf-8 11.2148ms
2026-08-23 22:02:10.081 +03:00 [INF] Request starting HTTP/1.1 PUT http://localhost:5279/api/Orders/103/status - application/json 19
2026-08-23 22:02:10.082 +03:00 [INF] CORS policy execution successful.
2026-08-23 22:02:10.082 +03:00 [INF] Executing endpoint 'Presentation.Controllers.OrdersController.UpdateOrderStatus (Presentation)'
2026-08-23 22:02:10.084 +03:00 [INF] Route matched with {action = "UpdateOrderStatus", controller = "Orders"}. Executing controller action with signature System.Threading.Tasks.Task`1[Microsoft.AspNetCore.Mvc.IActionResult] UpdateOrderStatus(Int32, Application.DTOs.Orders.UpdateOrderStatusDto) on controller Presentation.Controllers.OrdersController (Presentation).
2026-08-23 22:02:10.117 +03:00 [INF] Executed DbCommand (7ms) [Parameters=[@__id_0='?' (DbType = Int32)], CommandType='"Text"', CommandTimeout='30']
SELECT [s].[Id], [s].[CancellationReason], [s].[CancelledAt], [s].[CancelledBy], [s].[CreatedAt], [s].[DiscountAmount], [s].[FinalAmount], [s].[RowVersion], [s].[Status], [s].[TableId], [s].[TotalAmount], [s].[UpdatedAt], [s].[WaiterId], [s].[Id0], [o0].[Id], [o0].[CancellationReason], [o0].[CancelledAt], [o0].[CancelledBy], [o0].[MenuItemId], [o0].[Notes], [o0].[OrderId], [o0].[Quantity], [o0].[Status], [o0].[UnitPrice], [s].[Capacity], [s].[RowVersion0], [s].[Status0], [s].[TableNumber], [s].[WaiterId0]
FROM (
    SELECT TOP(1) [o].[Id], [o].[CancellationReason], [o].[CancelledAt], [o].[CancelledBy], [o].[CreatedAt], [o].[DiscountAmount], [o].[FinalAmount], [o].[RowVersion], [o].[Status], [o].[TableId], [o].[TotalAmount], [o].[UpdatedAt], [o].[WaiterId], [r].[Id] AS [Id0], [r].[Capacity], [r].[RowVersion] AS [RowVersion0], [r].[Status] AS [Status0], [r].[TableNumber], [r].[WaiterId] AS [WaiterId0]
    FROM [Orders] AS [o]
    INNER JOIN [RestaurantTables] AS [r] ON [o].[TableId] = [r].[Id]
    WHERE [o].[Id] = @__id_0
) AS [s]
LEFT JOIN [OrderItems] AS [o0] ON [s].[Id] = [o0].[OrderId]
ORDER BY [s].[Id], [s].[Id0]
2026-08-23 22:02:10.154 +03:00 [INF] Executed DbCommand (29ms) [Parameters=[@p1='?' (DbType = Int32), @p0='?' (DbType = Int32), @p3='?' (DbType = Int32), @p2='?' (DbType = Int32), @p4='?' (DbType = DateTime2), @p5='?' (DbType = Int32), @p6='?' (DbType = Int32), @p7='?' (Size = 4000), @p8='?' (DbType = Int32), @p9='?' (DbType = Int32), @p21='?' (DbType = Int32), @p10='?' (Size = 500), @p11='?' (DbType = DateTime2), @p12='?' (DbType = Int32), @p13='?' (DbType = DateTime2), @p14='?' (Precision = 18) (Scale = 2) (DbType = Decimal), @p15='?' (Precision = 18) (Scale = 2) (DbType = Decimal), @p22='?' (Size = 8) (DbType = Binary), @p16='?' (DbType = Int32), @p17='?' (DbType = Int32), @p18='?' (Precision = 18) (Scale = 2) (DbType = Decimal), @p19='?' (DbType = DateTime2), @p20='?' (DbType = Int32)], CommandType='"Text"', CommandTimeout='30']
SET NOCOUNT ON;
UPDATE [OrderItems] SET [Status] = @p0
OUTPUT 1
WHERE [Id] = @p1;
UPDATE [OrderItems] SET [Status] = @p2
OUTPUT 1
WHERE [Id] = @p3;
INSERT INTO [OrderStatusHistory] ([ChangedAt], [ChangedBy], [NewStatus], [Notes], [OldStatus], [OrderId])
OUTPUT INSERTED.[Id]
VALUES (@p4, @p5, @p6, @p7, @p8, @p9);
UPDATE [Orders] SET [CancellationReason] = @p10, [CancelledAt] = @p11, [CancelledBy] = @p12, [CreatedAt] = @p13, [DiscountAmount] = @p14, [FinalAmount] = @p15, [Status] = @p16, [TableId] = @p17, [TotalAmount] = @p18, [UpdatedAt] = @p19, [WaiterId] = @p20
OUTPUT INSERTED.[RowVersion]
WHERE [Id] = @p21 AND [RowVersion] = @p22;
2026-08-23 22:02:10.159 +03:00 [INF] Executing OkObjectResult, writing value of type 'Application.DTOs.Orders.OrderResponseDto'.
2026-08-23 22:02:10.161 +03:00 [INF] Executed action Presentation.Controllers.OrdersController.UpdateOrderStatus (Presentation) in 72.0912ms
2026-08-23 22:02:10.162 +03:00 [INF] Executed endpoint 'Presentation.Controllers.OrdersController.UpdateOrderStatus (Presentation)'
2026-08-23 22:02:10.163 +03:00 [INF] Request finished HTTP/1.1 PUT http://localhost:5279/api/Orders/103/status - 200 null application/json; charset=utf-8 81.9049ms
2026-08-23 22:02:10.164 +03:00 [INF] Request starting HTTP/1.1 GET http://localhost:5279/api/Orders - null null
2026-08-23 22:02:10.166 +03:00 [INF] Executing endpoint 'Presentation.Controllers.OrdersController.GetAllOrders (Presentation)'
2026-08-23 22:02:10.166 +03:00 [INF] Route matched with {action = "GetAllOrders", controller = "Orders"}. Executing controller action with signature System.Threading.Tasks.Task`1[Microsoft.AspNetCore.Mvc.IActionResult] GetAllOrders(System.Nullable`1[Domain.Enums.OrderStatus]) on controller Presentation.Controllers.OrdersController (Presentation).
2026-08-23 22:02:10.191 +03:00 [INF] Executed DbCommand (23ms) [Parameters=[], CommandType='"Text"', CommandTimeout='30']
SELECT [o].[Id], [o].[CancellationReason], [o].[CancelledAt], [o].[CancelledBy], [o].[CreatedAt], [o].[DiscountAmount], [o].[FinalAmount], [o].[RowVersion], [o].[Status], [o].[TableId], [o].[TotalAmount], [o].[UpdatedAt], [o].[WaiterId], [r].[Id], [r].[Capacity], [r].[RowVersion], [r].[Status], [r].[TableNumber], [r].[WaiterId], [e].[Id], [e].[CreatedAt], [e].[Email], [e].[FullName], [e].[IsActive], [e].[PasswordHash], [e].[Phone], [e].[Role], [o0].[Id], [o0].[CancellationReason], [o0].[CancelledAt], [o0].[CancelledBy], [o0].[MenuItemId], [o0].[Notes], [o0].[OrderId], [o0].[Quantity], [o0].[Status], [o0].[UnitPrice]
FROM [Orders] AS [o]
INNER JOIN [RestaurantTables] AS [r] ON [o].[TableId] = [r].[Id]
INNER JOIN [Employees] AS [e] ON [o].[WaiterId] = [e].[Id]
LEFT JOIN [OrderItems] AS [o0] ON [o].[Id] = [o0].[OrderId]
ORDER BY [o].[Id], [r].[Id], [e].[Id]
2026-08-23 22:02:10.193 +03:00 [INF] Executing OkObjectResult, writing value of type 'System.Linq.Enumerable+ListSelectIterator`2[[Domain.Models.Order, Domain, Version=1.0.0.0, Culture=neutral, PublicKeyToken=null],[Application.DTOs.Orders.OrderSummaryDto, Application, Version=1.0.0.0, Culture=neutral, PublicKeyToken=null]]'.
2026-08-23 22:02:10.194 +03:00 [INF] Executed action Presentation.Controllers.OrdersController.GetAllOrders (Presentation) in 26.6413ms
2026-08-23 22:02:10.195 +03:00 [INF] Executed endpoint 'Presentation.Controllers.OrdersController.GetAllOrders (Presentation)'
2026-08-23 22:02:10.195 +03:00 [INF] Request finished HTTP/1.1 GET http://localhost:5279/api/Orders - 200 null application/json; charset=utf-8 30.9247ms
2026-08-23 22:02:10.197 +03:00 [INF] Request starting HTTP/1.1 GET http://localhost:5279/api/Orders - null null
2026-08-23 22:02:10.198 +03:00 [INF] Executing endpoint 'Presentation.Controllers.OrdersController.GetAllOrders (Presentation)'
2026-08-23 22:02:10.199 +03:00 [INF] Request starting HTTP/1.1 GET http://localhost:5279/api/Orders/103 - null null
2026-08-23 22:02:10.199 +03:00 [INF] Route matched with {action = "GetAllOrders", controller = "Orders"}. Executing controller action with signature System.Threading.Tasks.Task`1[Microsoft.AspNetCore.Mvc.IActionResult] GetAllOrders(System.Nullable`1[Domain.Enums.OrderStatus]) on controller Presentation.Controllers.OrdersController (Presentation).
2026-08-23 22:02:10.200 +03:00 [INF] Executing endpoint 'Presentation.Controllers.OrdersController.GetOrderById (Presentation)'
2026-08-23 22:02:10.201 +03:00 [INF] Route matched with {action = "GetOrderById", controller = "Orders"}. Executing controller action with signature System.Threading.Tasks.Task`1[Microsoft.AspNetCore.Mvc.IActionResult] GetOrderById(Int32) on controller Presentation.Controllers.OrdersController (Presentation).
2026-08-23 22:02:10.201 +03:00 [INF] Executed DbCommand (0ms) [Parameters=[], CommandType='"Text"', CommandTimeout='30']
SELECT [o].[Id], [o].[CancellationReason], [o].[CancelledAt], [o].[CancelledBy], [o].[CreatedAt], [o].[DiscountAmount], [o].[FinalAmount], [o].[RowVersion], [o].[Status], [o].[TableId], [o].[TotalAmount], [o].[UpdatedAt], [o].[WaiterId], [r].[Id], [r].[Capacity], [r].[RowVersion], [r].[Status], [r].[TableNumber], [r].[WaiterId], [e].[Id], [e].[CreatedAt], [e].[Email], [e].[FullName], [e].[IsActive], [e].[PasswordHash], [e].[Phone], [e].[Role], [o0].[Id], [o0].[CancellationReason], [o0].[CancelledAt], [o0].[CancelledBy], [o0].[MenuItemId], [o0].[Notes], [o0].[OrderId], [o0].[Quantity], [o0].[Status], [o0].[UnitPrice]
FROM [Orders] AS [o]
INNER JOIN [RestaurantTables] AS [r] ON [o].[TableId] = [r].[Id]
INNER JOIN [Employees] AS [e] ON [o].[WaiterId] = [e].[Id]
LEFT JOIN [OrderItems] AS [o0] ON [o].[Id] = [o0].[OrderId]
ORDER BY [o].[Id], [r].[Id], [e].[Id]
2026-08-23 22:02:10.202 +03:00 [INF] Executing OkObjectResult, writing value of type 'System.Linq.Enumerable+ListSelectIterator`2[[Domain.Models.Order, Domain, Version=1.0.0.0, Culture=neutral, PublicKeyToken=null],[Application.DTOs.Orders.OrderSummaryDto, Application, Version=1.0.0.0, Culture=neutral, PublicKeyToken=null]]'.
2026-08-23 22:02:10.203 +03:00 [INF] Executed action Presentation.Controllers.OrdersController.GetAllOrders (Presentation) in 2.6728ms
2026-08-23 22:02:10.203 +03:00 [INF] Executed endpoint 'Presentation.Controllers.OrdersController.GetAllOrders (Presentation)'
2026-08-23 22:02:10.204 +03:00 [INF] Request finished HTTP/1.1 GET http://localhost:5279/api/Orders - 200 null application/json; charset=utf-8 7.4977ms
2026-08-23 22:02:10.205 +03:00 [INF] Request starting HTTP/1.1 GET http://localhost:5279/api/Orders - null null
2026-08-23 22:02:10.206 +03:00 [INF] Executing endpoint 'Presentation.Controllers.OrdersController.GetAllOrders (Presentation)'
2026-08-23 22:02:10.207 +03:00 [INF] Route matched with {action = "GetAllOrders", controller = "Orders"}. Executing controller action with signature System.Threading.Tasks.Task`1[Microsoft.AspNetCore.Mvc.IActionResult] GetAllOrders(System.Nullable`1[Domain.Enums.OrderStatus]) on controller Presentation.Controllers.OrdersController (Presentation).
2026-08-23 22:02:10.211 +03:00 [INF] Executed DbCommand (3ms) [Parameters=[], CommandType='"Text"', CommandTimeout='30']
SELECT [o].[Id], [o].[CancellationReason], [o].[CancelledAt], [o].[CancelledBy], [o].[CreatedAt], [o].[DiscountAmount], [o].[FinalAmount], [o].[RowVersion], [o].[Status], [o].[TableId], [o].[TotalAmount], [o].[UpdatedAt], [o].[WaiterId], [r].[Id], [r].[Capacity], [r].[RowVersion], [r].[Status], [r].[TableNumber], [r].[WaiterId], [e].[Id], [e].[CreatedAt], [e].[Email], [e].[FullName], [e].[IsActive], [e].[PasswordHash], [e].[Phone], [e].[Role], [o0].[Id], [o0].[CancellationReason], [o0].[CancelledAt], [o0].[CancelledBy], [o0].[MenuItemId], [o0].[Notes], [o0].[OrderId], [o0].[Quantity], [o0].[Status], [o0].[UnitPrice]
FROM [Orders] AS [o]
INNER JOIN [RestaurantTables] AS [r] ON [o].[TableId] = [r].[Id]
INNER JOIN [Employees] AS [e] ON [o].[WaiterId] = [e].[Id]
LEFT JOIN [OrderItems] AS [o0] ON [o].[Id] = [o0].[OrderId]
ORDER BY [o].[Id], [r].[Id], [e].[Id]
2026-08-23 22:02:10.212 +03:00 [INF] Executing OkObjectResult, writing value of type 'System.Linq.Enumerable+ListSelectIterator`2[[Domain.Models.Order, Domain, Version=1.0.0.0, Culture=neutral, PublicKeyToken=null],[Application.DTOs.Orders.OrderSummaryDto, Application, Version=1.0.0.0, Culture=neutral, PublicKeyToken=null]]'.
2026-08-23 22:02:10.212 +03:00 [INF] Executed action Presentation.Controllers.OrdersController.GetAllOrders (Presentation) in 5.0657ms
2026-08-23 22:02:10.213 +03:00 [INF] Executed endpoint 'Presentation.Controllers.OrdersController.GetAllOrders (Presentation)'
2026-08-23 22:02:10.213 +03:00 [INF] Request finished HTTP/1.1 GET http://localhost:5279/api/Orders - 200 null application/json; charset=utf-8 8.7266ms
2026-08-23 22:02:10.214 +03:00 [INF] Request starting HTTP/1.1 GET http://localhost:5279/api/Orders - null null
2026-08-23 22:02:10.216 +03:00 [INF] Executing endpoint 'Presentation.Controllers.OrdersController.GetAllOrders (Presentation)'
2026-08-23 22:02:10.216 +03:00 [INF] Route matched with {action = "GetAllOrders", controller = "Orders"}. Executing controller action with signature System.Threading.Tasks.Task`1[Microsoft.AspNetCore.Mvc.IActionResult] GetAllOrders(System.Nullable`1[Domain.Enums.OrderStatus]) on controller Presentation.Controllers.OrdersController (Presentation).
2026-08-23 22:02:10.218 +03:00 [INF] Executed DbCommand (1ms) [Parameters=[], CommandType='"Text"', CommandTimeout='30']
SELECT [o].[Id], [o].[CancellationReason], [o].[CancelledAt], [o].[CancelledBy], [o].[CreatedAt], [o].[DiscountAmount], [o].[FinalAmount], [o].[RowVersion], [o].[Status], [o].[TableId], [o].[TotalAmount], [o].[UpdatedAt], [o].[WaiterId], [r].[Id], [r].[Capacity], [r].[RowVersion], [r].[Status], [r].[TableNumber], [r].[WaiterId], [e].[Id], [e].[CreatedAt], [e].[Email], [e].[FullName], [e].[IsActive], [e].[PasswordHash], [e].[Phone], [e].[Role], [o0].[Id], [o0].[CancellationReason], [o0].[CancelledAt], [o0].[CancelledBy], [o0].[MenuItemId], [o0].[Notes], [o0].[OrderId], [o0].[Quantity], [o0].[Status], [o0].[UnitPrice]
FROM [Orders] AS [o]
INNER JOIN [RestaurantTables] AS [r] ON [o].[TableId] = [r].[Id]
INNER JOIN [Employees] AS [e] ON [o].[WaiterId] = [e].[Id]
LEFT JOIN [OrderItems] AS [o0] ON [o].[Id] = [o0].[OrderId]
ORDER BY [o].[Id], [r].[Id], [e].[Id]
2026-08-23 22:02:10.219 +03:00 [INF] Executing OkObjectResult, writing value of type 'System.Linq.Enumerable+ListSelectIterator`2[[Domain.Models.Order, Domain, Version=1.0.0.0, Culture=neutral, PublicKeyToken=null],[Application.DTOs.Orders.OrderSummaryDto, Application, Version=1.0.0.0, Culture=neutral, PublicKeyToken=null]]'.
2026-08-23 22:02:10.219 +03:00 [INF] Executed action Presentation.Controllers.OrdersController.GetAllOrders (Presentation) in 2.5556ms
2026-08-23 22:02:10.220 +03:00 [INF] Executed endpoint 'Presentation.Controllers.OrdersController.GetAllOrders (Presentation)'
2026-08-23 22:02:10.220 +03:00 [INF] Request finished HTTP/1.1 GET http://localhost:5279/api/Orders - 200 null application/json; charset=utf-8 5.9707ms
2026-08-23 22:02:10.221 +03:00 [INF] Request starting HTTP/1.1 GET http://localhost:5279/api/Orders - null null
2026-08-23 22:02:10.223 +03:00 [INF] Executing endpoint 'Presentation.Controllers.OrdersController.GetAllOrders (Presentation)'
2026-08-23 22:02:10.223 +03:00 [INF] Route matched with {action = "GetAllOrders", controller = "Orders"}. Executing controller action with signature System.Threading.Tasks.Task`1[Microsoft.AspNetCore.Mvc.IActionResult] GetAllOrders(System.Nullable`1[Domain.Enums.OrderStatus]) on controller Presentation.Controllers.OrdersController (Presentation).
2026-08-23 22:02:10.227 +03:00 [INF] Executed DbCommand (25ms) [Parameters=[@__id_0='?' (DbType = Int32)], CommandType='"Text"', CommandTimeout='30']
SELECT [s].[Id], [s].[CancellationReason], [s].[CancelledAt], [s].[CancelledBy], [s].[CreatedAt], [s].[DiscountAmount], [s].[FinalAmount], [s].[RowVersion], [s].[Status], [s].[TableId], [s].[TotalAmount], [s].[UpdatedAt], [s].[WaiterId], [s].[Id0], [s].[Capacity], [s].[RowVersion0], [s].[Status0], [s].[TableNumber], [s].[WaiterId0], [s].[Id1], [s].[CreatedAt0], [s].[Email], [s].[FullName], [s].[IsActive], [s].[PasswordHash], [s].[Phone], [s].[Role], [s0].[Id], [s0].[CancellationReason], [s0].[CancelledAt], [s0].[CancelledBy], [s0].[MenuItemId], [s0].[Notes], [s0].[OrderId], [s0].[Quantity], [s0].[Status], [s0].[UnitPrice], [s0].[Id0], [s0].[CategoryId], [s0].[CreatedAt], [s0].[IsAvailable], [s0].[IsSeasonalItem], [s0].[Name], [s0].[Price]
FROM (
    SELECT TOP(1) [o].[Id], [o].[CancellationReason], [o].[CancelledAt], [o].[CancelledBy], [o].[CreatedAt], [o].[DiscountAmount], [o].[FinalAmount], [o].[RowVersion], [o].[Status], [o].[TableId], [o].[TotalAmount], [o].[UpdatedAt], [o].[WaiterId], [r].[Id] AS [Id0], [r].[Capacity], [r].[RowVersion] AS [RowVersion0], [r].[Status] AS [Status0], [r].[TableNumber], [r].[WaiterId] AS [WaiterId0], [e].[Id] AS [Id1], [e].[CreatedAt] AS [CreatedAt0], [e].[Email], [e].[FullName], [e].[IsActive], [e].[PasswordHash], [e].[Phone], [e].[Role]
    FROM [Orders] AS [o]
    INNER JOIN [RestaurantTables] AS [r] ON [o].[TableId] = [r].[Id]
    INNER JOIN [Employees] AS [e] ON [o].[WaiterId] = [e].[Id]
    WHERE [o].[Id] = @__id_0
) AS [s]
LEFT JOIN (
    SELECT [o0].[Id], [o0].[CancellationReason], [o0].[CancelledAt], [o0].[CancelledBy], [o0].[MenuItemId], [o0].[Notes], [o0].[OrderId], [o0].[Quantity], [o0].[Status], [o0].[UnitPrice], [m].[Id] AS [Id0], [m].[CategoryId], [m].[CreatedAt], [m].[IsAvailable], [m].[IsSeasonalItem], [m].[Name], [m].[Price]
    FROM [OrderItems] AS [o0]
    INNER JOIN [MenuItems] AS [m] ON [o0].[MenuItemId] = [m].[Id]
) AS [s0] ON [s].[Id] = [s0].[OrderId]
ORDER BY [s].[Id], [s].[Id0], [s].[Id1], [s0].[Id]
2026-08-23 22:02:10.228 +03:00 [INF] Executed DbCommand (4ms) [Parameters=[], CommandType='"Text"', CommandTimeout='30']
SELECT [o].[Id], [o].[CancellationReason], [o].[CancelledAt], [o].[CancelledBy], [o].[CreatedAt], [o].[DiscountAmount], [o].[FinalAmount], [o].[RowVersion], [o].[Status], [o].[TableId], [o].[TotalAmount], [o].[UpdatedAt], [o].[WaiterId], [r].[Id], [r].[Capacity], [r].[RowVersion], [r].[Status], [r].[TableNumber], [r].[WaiterId], [e].[Id], [e].[CreatedAt], [e].[Email], [e].[FullName], [e].[IsActive], [e].[PasswordHash], [e].[Phone], [e].[Role], [o0].[Id], [o0].[CancellationReason], [o0].[CancelledAt], [o0].[CancelledBy], [o0].[MenuItemId], [o0].[Notes], [o0].[OrderId], [o0].[Quantity], [o0].[Status], [o0].[UnitPrice]
FROM [Orders] AS [o]
INNER JOIN [RestaurantTables] AS [r] ON [o].[TableId] = [r].[Id]
INNER JOIN [Employees] AS [e] ON [o].[WaiterId] = [e].[Id]
LEFT JOIN [OrderItems] AS [o0] ON [o].[Id] = [o0].[OrderId]
ORDER BY [o].[Id], [r].[Id], [e].[Id]
2026-08-23 22:02:10.228 +03:00 [INF] Executing OkObjectResult, writing value of type 'Application.DTOs.Orders.OrderDetailsDto'.
2026-08-23 22:02:10.229 +03:00 [INF] Executing OkObjectResult, writing value of type 'System.Linq.Enumerable+ListSelectIterator`2[[Domain.Models.Order, Domain, Version=1.0.0.0, Culture=neutral, PublicKeyToken=null],[Application.DTOs.Orders.OrderSummaryDto, Application, Version=1.0.0.0, Culture=neutral, PublicKeyToken=null]]'.
2026-08-23 22:02:10.229 +03:00 [INF] Executed action Presentation.Controllers.OrdersController.GetOrderById (Presentation) in 28.0467ms
2026-08-23 22:02:10.230 +03:00 [INF] Executed action Presentation.Controllers.OrdersController.GetAllOrders (Presentation) in 6.2502ms
2026-08-23 22:02:10.230 +03:00 [INF] Executed endpoint 'Presentation.Controllers.OrdersController.GetOrderById (Presentation)'
2026-08-23 22:02:10.231 +03:00 [INF] Executed endpoint 'Presentation.Controllers.OrdersController.GetAllOrders (Presentation)'
2026-08-23 22:02:10.231 +03:00 [INF] Request starting HTTP/1.1 GET http://localhost:5279/api/Orders/103 - null null
2026-08-23 22:02:10.231 +03:00 [INF] Request finished HTTP/1.1 GET http://localhost:5279/api/Orders/103 - 200 null application/json; charset=utf-8 32.4192ms
2026-08-23 22:02:10.232 +03:00 [INF] Request finished HTTP/1.1 GET http://localhost:5279/api/Orders - 200 null application/json; charset=utf-8 10.909ms
2026-08-23 22:02:10.233 +03:00 [INF] Executing endpoint 'Presentation.Controllers.OrdersController.GetOrderById (Presentation)'
2026-08-23 22:02:10.238 +03:00 [INF] Route matched with {action = "GetOrderById", controller = "Orders"}. Executing controller action with signature System.Threading.Tasks.Task`1[Microsoft.AspNetCore.Mvc.IActionResult] GetOrderById(Int32) on controller Presentation.Controllers.OrdersController (Presentation).
2026-08-23 22:02:10.240 +03:00 [INF] Executed DbCommand (1ms) [Parameters=[@__id_0='?' (DbType = Int32)], CommandType='"Text"', CommandTimeout='30']
SELECT [s].[Id], [s].[CancellationReason], [s].[CancelledAt], [s].[CancelledBy], [s].[CreatedAt], [s].[DiscountAmount], [s].[FinalAmount], [s].[RowVersion], [s].[Status], [s].[TableId], [s].[TotalAmount], [s].[UpdatedAt], [s].[WaiterId], [s].[Id0], [s].[Capacity], [s].[RowVersion0], [s].[Status0], [s].[TableNumber], [s].[WaiterId0], [s].[Id1], [s].[CreatedAt0], [s].[Email], [s].[FullName], [s].[IsActive], [s].[PasswordHash], [s].[Phone], [s].[Role], [s0].[Id], [s0].[CancellationReason], [s0].[CancelledAt], [s0].[CancelledBy], [s0].[MenuItemId], [s0].[Notes], [s0].[OrderId], [s0].[Quantity], [s0].[Status], [s0].[UnitPrice], [s0].[Id0], [s0].[CategoryId], [s0].[CreatedAt], [s0].[IsAvailable], [s0].[IsSeasonalItem], [s0].[Name], [s0].[Price]
FROM (
    SELECT TOP(1) [o].[Id], [o].[CancellationReason], [o].[CancelledAt], [o].[CancelledBy], [o].[CreatedAt], [o].[DiscountAmount], [o].[FinalAmount], [o].[RowVersion], [o].[Status], [o].[TableId], [o].[TotalAmount], [o].[UpdatedAt], [o].[WaiterId], [r].[Id] AS [Id0], [r].[Capacity], [r].[RowVersion] AS [RowVersion0], [r].[Status] AS [Status0], [r].[TableNumber], [r].[WaiterId] AS [WaiterId0], [e].[Id] AS [Id1], [e].[CreatedAt] AS [CreatedAt0], [e].[Email], [e].[FullName], [e].[IsActive], [e].[PasswordHash], [e].[Phone], [e].[Role]
    FROM [Orders] AS [o]
    INNER JOIN [RestaurantTables] AS [r] ON [o].[TableId] = [r].[Id]
    INNER JOIN [Employees] AS [e] ON [o].[WaiterId] = [e].[Id]
    WHERE [o].[Id] = @__id_0
) AS [s]
LEFT JOIN (
    SELECT [o0].[Id], [o0].[CancellationReason], [o0].[CancelledAt], [o0].[CancelledBy], [o0].[MenuItemId], [o0].[Notes], [o0].[OrderId], [o0].[Quantity], [o0].[Status], [o0].[UnitPrice], [m].[Id] AS [Id0], [m].[CategoryId], [m].[CreatedAt], [m].[IsAvailable], [m].[IsSeasonalItem], [m].[Name], [m].[Price]
    FROM [OrderItems] AS [o0]
    INNER JOIN [MenuItems] AS [m] ON [o0].[MenuItemId] = [m].[Id]
) AS [s0] ON [s].[Id] = [s0].[OrderId]
ORDER BY [s].[Id], [s].[Id0], [s].[Id1], [s0].[Id]
2026-08-23 22:02:10.241 +03:00 [INF] Executing OkObjectResult, writing value of type 'Application.DTOs.Orders.OrderDetailsDto'.
2026-08-23 22:02:10.242 +03:00 [INF] Executed action Presentation.Controllers.OrdersController.GetOrderById (Presentation) in 2.8937ms
2026-08-23 22:02:10.243 +03:00 [INF] Executed endpoint 'Presentation.Controllers.OrdersController.GetOrderById (Presentation)'
2026-08-23 22:02:10.243 +03:00 [INF] Request finished HTTP/1.1 GET http://localhost:5279/api/Orders/103 - 200 null application/json; charset=utf-8 12.0582ms
2026-08-23 22:02:10.244 +03:00 [INF] Request starting HTTP/1.1 GET http://localhost:5279/api/Orders/103 - null null
2026-08-23 22:02:10.247 +03:00 [INF] Executing endpoint 'Presentation.Controllers.OrdersController.GetOrderById (Presentation)'
2026-08-23 22:02:10.247 +03:00 [INF] Route matched with {action = "GetOrderById", controller = "Orders"}. Executing controller action with signature System.Threading.Tasks.Task`1[Microsoft.AspNetCore.Mvc.IActionResult] GetOrderById(Int32) on controller Presentation.Controllers.OrdersController (Presentation).
2026-08-23 22:02:10.249 +03:00 [INF] Executed DbCommand (0ms) [Parameters=[@__id_0='?' (DbType = Int32)], CommandType='"Text"', CommandTimeout='30']
SELECT [s].[Id], [s].[CancellationReason], [s].[CancelledAt], [s].[CancelledBy], [s].[CreatedAt], [s].[DiscountAmount], [s].[FinalAmount], [s].[RowVersion], [s].[Status], [s].[TableId], [s].[TotalAmount], [s].[UpdatedAt], [s].[WaiterId], [s].[Id0], [s].[Capacity], [s].[RowVersion0], [s].[Status0], [s].[TableNumber], [s].[WaiterId0], [s].[Id1], [s].[CreatedAt0], [s].[Email], [s].[FullName], [s].[IsActive], [s].[PasswordHash], [s].[Phone], [s].[Role], [s0].[Id], [s0].[CancellationReason], [s0].[CancelledAt], [s0].[CancelledBy], [s0].[MenuItemId], [s0].[Notes], [s0].[OrderId], [s0].[Quantity], [s0].[Status], [s0].[UnitPrice], [s0].[Id0], [s0].[CategoryId], [s0].[CreatedAt], [s0].[IsAvailable], [s0].[IsSeasonalItem], [s0].[Name], [s0].[Price]
FROM (
    SELECT TOP(1) [o].[Id], [o].[CancellationReason], [o].[CancelledAt], [o].[CancelledBy], [o].[CreatedAt], [o].[DiscountAmount], [o].[FinalAmount], [o].[RowVersion], [o].[Status], [o].[TableId], [o].[TotalAmount], [o].[UpdatedAt], [o].[WaiterId], [r].[Id] AS [Id0], [r].[Capacity], [r].[RowVersion] AS [RowVersion0], [r].[Status] AS [Status0], [r].[TableNumber], [r].[WaiterId] AS [WaiterId0], [e].[Id] AS [Id1], [e].[CreatedAt] AS [CreatedAt0], [e].[Email], [e].[FullName], [e].[IsActive], [e].[PasswordHash], [e].[Phone], [e].[Role]
    FROM [Orders] AS [o]
    INNER JOIN [RestaurantTables] AS [r] ON [o].[TableId] = [r].[Id]
    INNER JOIN [Employees] AS [e] ON [o].[WaiterId] = [e].[Id]
    WHERE [o].[Id] = @__id_0
) AS [s]
LEFT JOIN (
    SELECT [o0].[Id], [o0].[CancellationReason], [o0].[CancelledAt], [o0].[CancelledBy], [o0].[MenuItemId], [o0].[Notes], [o0].[OrderId], [o0].[Quantity], [o0].[Status], [o0].[UnitPrice], [m].[Id] AS [Id0], [m].[CategoryId], [m].[CreatedAt], [m].[IsAvailable], [m].[IsSeasonalItem], [m].[Name], [m].[Price]
    FROM [OrderItems] AS [o0]
    INNER JOIN [MenuItems] AS [m] ON [o0].[MenuItemId] = [m].[Id]
) AS [s0] ON [s].[Id] = [s0].[OrderId]
ORDER BY [s].[Id], [s].[Id0], [s].[Id1], [s0].[Id]
2026-08-23 22:02:10.250 +03:00 [INF] Executing OkObjectResult, writing value of type 'Application.DTOs.Orders.OrderDetailsDto'.
2026-08-23 22:02:10.250 +03:00 [INF] Executed action Presentation.Controllers.OrdersController.GetOrderById (Presentation) in 2.5795ms
2026-08-23 22:02:10.251 +03:00 [INF] Executed endpoint 'Presentation.Controllers.OrdersController.GetOrderById (Presentation)'
2026-08-23 22:02:10.251 +03:00 [INF] Request finished HTTP/1.1 GET http://localhost:5279/api/Orders/103 - 200 null application/json; charset=utf-8 7.2426ms
2026-08-23 22:02:15.244 +03:00 [INF] Request starting HTTP/1.1 POST http://localhost:5279/api/Auth/login - application/json 56
2026-08-23 22:02:15.245 +03:00 [INF] CORS policy execution successful.
2026-08-23 22:02:15.246 +03:00 [INF] Executing endpoint 'Presentation.Controllers.AuthController.Login (Presentation)'
2026-08-23 22:02:15.246 +03:00 [INF] Route matched with {action = "Login", controller = "Auth"}. Executing controller action with signature System.Threading.Tasks.Task`1[Microsoft.AspNetCore.Mvc.IActionResult] Login(Application.DTOs.Authentication.LoginDto) on controller Presentation.Controllers.AuthController (Presentation).
2026-08-23 22:02:15.249 +03:00 [INF] Executed DbCommand (2ms) [Parameters=[@__dto_Email_0='?' (Size = 255)], CommandType='"Text"', CommandTimeout='30']
SELECT TOP(2) [e].[Id], [e].[CreatedAt], [e].[Email], [e].[FullName], [e].[IsActive], [e].[PasswordHash], [e].[Phone], [e].[Role]
FROM [Employees] AS [e]
WHERE [e].[Email] = @__dto_Email_0
2026-08-23 22:02:15.252 +03:00 [INF] Executing OkObjectResult, writing value of type 'Application.DTOs.Authentication.AuthResponseDto'.
2026-08-23 22:02:15.253 +03:00 [INF] Executed action Presentation.Controllers.AuthController.Login (Presentation) in 5.9616ms
2026-08-23 22:02:15.254 +03:00 [INF] Executed endpoint 'Presentation.Controllers.AuthController.Login (Presentation)'
2026-08-23 22:02:15.254 +03:00 [INF] Request finished HTTP/1.1 POST http://localhost:5279/api/Auth/login - 200 null application/json; charset=utf-8 10.2525ms
2026-08-23 22:02:15.275 +03:00 [INF] Request starting HTTP/1.1 GET http://localhost:5279/api/Tables - null null
2026-08-23 22:02:15.278 +03:00 [INF] Executing endpoint 'Presentation.Controllers.TablesController.GetAllTables (Presentation)'
2026-08-23 22:02:15.279 +03:00 [INF] Route matched with {action = "GetAllTables", controller = "Tables"}. Executing controller action with signature System.Threading.Tasks.Task`1[Microsoft.AspNetCore.Mvc.IActionResult] GetAllTables(System.Nullable`1[Domain.Enums.TableStatus]) on controller Presentation.Controllers.TablesController (Presentation).
2026-08-23 22:02:15.285 +03:00 [INF] Executed DbCommand (5ms) [Parameters=[], CommandType='"Text"', CommandTimeout='30']
SELECT [r].[Id], [r].[Capacity], [r].[RowVersion], [r].[Status], [r].[TableNumber], [r].[WaiterId], [e].[Id], [e].[CreatedAt], [e].[Email], [e].[FullName], [e].[IsActive], [e].[PasswordHash], [e].[Phone], [e].[Role]
FROM [RestaurantTables] AS [r]
LEFT JOIN [Employees] AS [e] ON [r].[WaiterId] = [e].[Id]
2026-08-23 22:02:15.287 +03:00 [INF] Executing OkObjectResult, writing value of type 'System.Linq.Enumerable+ListSelectIterator`2[[Domain.Models.RestaurantTable, Domain, Version=1.0.0.0, Culture=neutral, PublicKeyToken=null],[Application.DTOs.Tables.TableSummaryDto, Application, Version=1.0.0.0, Culture=neutral, PublicKeyToken=null]]'.
2026-08-23 22:02:15.288 +03:00 [INF] Executed action Presentation.Controllers.TablesController.GetAllTables (Presentation) in 8.4019ms
2026-08-23 22:02:15.289 +03:00 [INF] Executed endpoint 'Presentation.Controllers.TablesController.GetAllTables (Presentation)'
2026-08-23 22:02:15.289 +03:00 [INF] Request finished HTTP/1.1 GET http://localhost:5279/api/Tables - 200 null application/json; charset=utf-8 14.0459ms
2026-08-23 22:02:15.290 +03:00 [INF] Request starting HTTP/1.1 GET http://localhost:5279/api/Tables - null null
2026-08-23 22:02:15.293 +03:00 [INF] Executing endpoint 'Presentation.Controllers.TablesController.GetAllTables (Presentation)'
2026-08-23 22:02:15.294 +03:00 [INF] Route matched with {action = "GetAllTables", controller = "Tables"}. Executing controller action with signature System.Threading.Tasks.Task`1[Microsoft.AspNetCore.Mvc.IActionResult] GetAllTables(System.Nullable`1[Domain.Enums.TableStatus]) on controller Presentation.Controllers.TablesController (Presentation).
2026-08-23 22:02:15.297 +03:00 [INF] Executed DbCommand (1ms) [Parameters=[], CommandType='"Text"', CommandTimeout='30']
SELECT [r].[Id], [r].[Capacity], [r].[RowVersion], [r].[Status], [r].[TableNumber], [r].[WaiterId], [e].[Id], [e].[CreatedAt], [e].[Email], [e].[FullName], [e].[IsActive], [e].[PasswordHash], [e].[Phone], [e].[Role]
FROM [RestaurantTables] AS [r]
LEFT JOIN [Employees] AS [e] ON [r].[WaiterId] = [e].[Id]
2026-08-23 22:02:15.298 +03:00 [INF] Executing OkObjectResult, writing value of type 'System.Linq.Enumerable+ListSelectIterator`2[[Domain.Models.RestaurantTable, Domain, Version=1.0.0.0, Culture=neutral, PublicKeyToken=null],[Application.DTOs.Tables.TableSummaryDto, Application, Version=1.0.0.0, Culture=neutral, PublicKeyToken=null]]'.
2026-08-23 22:02:15.299 +03:00 [INF] Executed action Presentation.Controllers.TablesController.GetAllTables (Presentation) in 4.1055ms
2026-08-23 22:02:15.300 +03:00 [INF] Executed endpoint 'Presentation.Controllers.TablesController.GetAllTables (Presentation)'
2026-08-23 22:02:15.301 +03:00 [INF] Request finished HTTP/1.1 GET http://localhost:5279/api/Tables - 200 null application/json; charset=utf-8 10.7379ms
2026-08-23 22:02:16.860 +03:00 [INF] Request starting HTTP/1.1 GET http://localhost:5279/api/Tables - null null
2026-08-23 22:02:16.860 +03:00 [INF] Request starting HTTP/1.1 GET http://localhost:5279/api/Categories - null null
2026-08-23 22:02:16.860 +03:00 [INF] Request starting HTTP/1.1 GET http://localhost:5279/api/MenuItems - null null
2026-08-23 22:02:16.862 +03:00 [INF] Executing endpoint 'Presentation.Controllers.TablesController.GetAllTables (Presentation)'
2026-08-23 22:02:16.864 +03:00 [INF] Executing endpoint 'Presentation.Controllers.CategoriesController.GetAllCategories (Presentation)'
2026-08-23 22:02:16.866 +03:00 [INF] Executing endpoint 'Presentation.Controllers.MenuItemsController.GetAllMenuItems (Presentation)'
2026-08-23 22:02:16.867 +03:00 [INF] Route matched with {action = "GetAllTables", controller = "Tables"}. Executing controller action with signature System.Threading.Tasks.Task`1[Microsoft.AspNetCore.Mvc.IActionResult] GetAllTables(System.Nullable`1[Domain.Enums.TableStatus]) on controller Presentation.Controllers.TablesController (Presentation).
2026-08-23 22:02:16.867 +03:00 [INF] Route matched with {action = "GetAllCategories", controller = "Categories"}. Executing controller action with signature System.Threading.Tasks.Task`1[Microsoft.AspNetCore.Mvc.IActionResult] GetAllCategories() on controller Presentation.Controllers.CategoriesController (Presentation).
2026-08-23 22:02:16.868 +03:00 [INF] Route matched with {action = "GetAllMenuItems", controller = "MenuItems"}. Executing controller action with signature System.Threading.Tasks.Task`1[Microsoft.AspNetCore.Mvc.IActionResult] GetAllMenuItems(Application.DTOs.Menu.MenuFilterDto) on controller Presentation.Controllers.MenuItemsController (Presentation).
2026-08-23 22:02:16.871 +03:00 [INF] Executed DbCommand (1ms) [Parameters=[], CommandType='"Text"', CommandTimeout='30']
SELECT [r].[Id], [r].[Capacity], [r].[RowVersion], [r].[Status], [r].[TableNumber], [r].[WaiterId], [e].[Id], [e].[CreatedAt], [e].[Email], [e].[FullName], [e].[IsActive], [e].[PasswordHash], [e].[Phone], [e].[Role]
FROM [RestaurantTables] AS [r]
LEFT JOIN [Employees] AS [e] ON [r].[WaiterId] = [e].[Id]
2026-08-23 22:02:16.873 +03:00 [INF] Executed DbCommand (1ms) [Parameters=[], CommandType='"Text"', CommandTimeout='30']
SELECT [c].[Id], [c].[Description], [c].[IsActive], [c].[Name]
FROM [Categories] AS [c]
2026-08-23 22:02:16.874 +03:00 [INF] Executing OkObjectResult, writing value of type 'System.Linq.Enumerable+ListSelectIterator`2[[Domain.Models.RestaurantTable, Domain, Version=1.0.0.0, Culture=neutral, PublicKeyToken=null],[Application.DTOs.Tables.TableSummaryDto, Application, Version=1.0.0.0, Culture=neutral, PublicKeyToken=null]]'.
2026-08-23 22:02:16.875 +03:00 [INF] Executing OkObjectResult, writing value of type 'System.Linq.Enumerable+ListSelectIterator`2[[Domain.Models.Category, Domain, Version=1.0.0.0, Culture=neutral, PublicKeyToken=null],[Application.DTOs.Menu.Categories.CategoryDto, Application, Version=1.0.0.0, Culture=neutral, PublicKeyToken=null]]'.
2026-08-23 22:02:16.876 +03:00 [INF] Executed action Presentation.Controllers.TablesController.GetAllTables (Presentation) in 6.3714ms
2026-08-23 22:02:16.876 +03:00 [INF] Executed DbCommand (3ms) [Parameters=[], CommandType='"Text"', CommandTimeout='30']
SELECT [m].[Id], [m].[CategoryId], [m].[CreatedAt], [m].[IsAvailable], [m].[IsSeasonalItem], [m].[Name], [m].[Price], [c].[Id], [c].[Description], [c].[IsActive], [c].[Name]
FROM [MenuItems] AS [m]
LEFT JOIN [Categories] AS [c] ON [m].[CategoryId] = [c].[Id]
2026-08-23 22:02:16.877 +03:00 [INF] Executed action Presentation.Controllers.CategoriesController.GetAllCategories (Presentation) in 6.0084ms
2026-08-23 22:02:16.878 +03:00 [INF] Executed endpoint 'Presentation.Controllers.TablesController.GetAllTables (Presentation)'
2026-08-23 22:02:16.879 +03:00 [INF] Request starting HTTP/1.1 GET http://localhost:5279/api/Tables - null null
2026-08-23 22:02:16.879 +03:00 [INF] Request starting HTTP/1.1 GET http://localhost:5279/api/Categories - null null
2026-08-23 22:02:16.880 +03:00 [INF] Executing OkObjectResult, writing value of type 'System.Linq.Enumerable+ListSelectIterator`2[[Domain.Models.MenuItem, Domain, Version=1.0.0.0, Culture=neutral, PublicKeyToken=null],[Application.DTOs.Menu.MenuItemDto, Application, Version=1.0.0.0, Culture=neutral, PublicKeyToken=null]]'.
2026-08-23 22:02:16.881 +03:00 [INF] Executed endpoint 'Presentation.Controllers.CategoriesController.GetAllCategories (Presentation)'
2026-08-23 22:02:16.881 +03:00 [INF] Request finished HTTP/1.1 GET http://localhost:5279/api/Tables - 200 null application/json; charset=utf-8 21.0256ms
2026-08-23 22:02:16.885 +03:00 [INF] Executing endpoint 'Presentation.Controllers.CategoriesController.GetAllCategories (Presentation)'
2026-08-23 22:02:16.887 +03:00 [INF] Executed action Presentation.Controllers.MenuItemsController.GetAllMenuItems (Presentation) in 14.2787ms
2026-08-23 22:02:16.889 +03:00 [INF] Request finished HTTP/1.1 GET http://localhost:5279/api/Categories - 200 null application/json; charset=utf-8 28.2259ms
2026-08-23 22:02:16.883 +03:00 [INF] Executing endpoint 'Presentation.Controllers.TablesController.GetAllTables (Presentation)'
2026-08-23 22:02:16.891 +03:00 [INF] Request starting HTTP/1.1 GET http://localhost:5279/api/MenuItems - null null
2026-08-23 22:02:16.892 +03:00 [INF] Route matched with {action = "GetAllCategories", controller = "Categories"}. Executing controller action with signature System.Threading.Tasks.Task`1[Microsoft.AspNetCore.Mvc.IActionResult] GetAllCategories() on controller Presentation.Controllers.CategoriesController (Presentation).
2026-08-23 22:02:16.893 +03:00 [INF] Executed endpoint 'Presentation.Controllers.MenuItemsController.GetAllMenuItems (Presentation)'
2026-08-23 22:02:16.896 +03:00 [INF] Route matched with {action = "GetAllTables", controller = "Tables"}. Executing controller action with signature System.Threading.Tasks.Task`1[Microsoft.AspNetCore.Mvc.IActionResult] GetAllTables(System.Nullable`1[Domain.Enums.TableStatus]) on controller Presentation.Controllers.TablesController (Presentation).
2026-08-23 22:02:16.897 +03:00 [INF] Executing endpoint 'Presentation.Controllers.MenuItemsController.GetAllMenuItems (Presentation)'
2026-08-23 22:02:16.898 +03:00 [INF] Request finished HTTP/1.1 GET http://localhost:5279/api/MenuItems - 200 null application/json; charset=utf-8 38.0403ms
2026-08-23 22:02:16.900 +03:00 [INF] Executed DbCommand (1ms) [Parameters=[], CommandType='"Text"', CommandTimeout='30']
SELECT [c].[Id], [c].[Description], [c].[IsActive], [c].[Name]
FROM [Categories] AS [c]
2026-08-23 22:02:16.900 +03:00 [INF] Route matched with {action = "GetAllMenuItems", controller = "MenuItems"}. Executing controller action with signature System.Threading.Tasks.Task`1[Microsoft.AspNetCore.Mvc.IActionResult] GetAllMenuItems(Application.DTOs.Menu.MenuFilterDto) on controller Presentation.Controllers.MenuItemsController (Presentation).
2026-08-23 22:02:16.902 +03:00 [INF] Executed DbCommand (2ms) [Parameters=[], CommandType='"Text"', CommandTimeout='30']
SELECT [r].[Id], [r].[Capacity], [r].[RowVersion], [r].[Status], [r].[TableNumber], [r].[WaiterId], [e].[Id], [e].[CreatedAt], [e].[Email], [e].[FullName], [e].[IsActive], [e].[PasswordHash], [e].[Phone], [e].[Role]
FROM [RestaurantTables] AS [r]
LEFT JOIN [Employees] AS [e] ON [r].[WaiterId] = [e].[Id]
2026-08-23 22:02:16.903 +03:00 [INF] Executing OkObjectResult, writing value of type 'System.Linq.Enumerable+ListSelectIterator`2[[Domain.Models.Category, Domain, Version=1.0.0.0, Culture=neutral, PublicKeyToken=null],[Application.DTOs.Menu.Categories.CategoryDto, Application, Version=1.0.0.0, Culture=neutral, PublicKeyToken=null]]'.
2026-08-23 22:02:16.905 +03:00 [INF] Executed DbCommand (0ms) [Parameters=[], CommandType='"Text"', CommandTimeout='30']
SELECT [m].[Id], [m].[CategoryId], [m].[CreatedAt], [m].[IsAvailable], [m].[IsSeasonalItem], [m].[Name], [m].[Price], [c].[Id], [c].[Description], [c].[IsActive], [c].[Name]
FROM [MenuItems] AS [m]
LEFT JOIN [Categories] AS [c] ON [m].[CategoryId] = [c].[Id]
2026-08-23 22:02:16.906 +03:00 [INF] Executing OkObjectResult, writing value of type 'System.Linq.Enumerable+ListSelectIterator`2[[Domain.Models.RestaurantTable, Domain, Version=1.0.0.0, Culture=neutral, PublicKeyToken=null],[Application.DTOs.Tables.TableSummaryDto, Application, Version=1.0.0.0, Culture=neutral, PublicKeyToken=null]]'.
2026-08-23 22:02:16.907 +03:00 [INF] Executed action Presentation.Controllers.CategoriesController.GetAllCategories (Presentation) in 8.6835ms
2026-08-23 22:02:16.909 +03:00 [INF] Executing OkObjectResult, writing value of type 'System.Linq.Enumerable+ListSelectIterator`2[[Domain.Models.MenuItem, Domain, Version=1.0.0.0, Culture=neutral, PublicKeyToken=null],[Application.DTOs.Menu.MenuItemDto, Application, Version=1.0.0.0, Culture=neutral, PublicKeyToken=null]]'.
2026-08-23 22:02:16.910 +03:00 [INF] Executed action Presentation.Controllers.TablesController.GetAllTables (Presentation) in 10.4756ms
2026-08-23 22:02:16.910 +03:00 [INF] Executed endpoint 'Presentation.Controllers.CategoriesController.GetAllCategories (Presentation)'
2026-08-23 22:02:16.912 +03:00 [INF] Executed action Presentation.Controllers.MenuItemsController.GetAllMenuItems (Presentation) in 7.6527ms
2026-08-23 22:02:16.912 +03:00 [INF] Executed endpoint 'Presentation.Controllers.TablesController.GetAllTables (Presentation)'
2026-08-23 22:02:16.913 +03:00 [INF] Request finished HTTP/1.1 GET http://localhost:5279/api/Categories - 200 null application/json; charset=utf-8 33.9753ms
2026-08-23 22:02:16.914 +03:00 [INF] Executed endpoint 'Presentation.Controllers.MenuItemsController.GetAllMenuItems (Presentation)'
2026-08-23 22:02:16.915 +03:00 [INF] Request finished HTTP/1.1 GET http://localhost:5279/api/Tables - 200 null application/json; charset=utf-8 35.6583ms
2026-08-23 22:02:16.918 +03:00 [INF] Request finished HTTP/1.1 GET http://localhost:5279/api/MenuItems - 200 null application/json; charset=utf-8 26.9865ms
2026-08-23 22:02:17.878 +03:00 [INF] Request starting HTTP/1.1 GET http://localhost:5279/api/Discounts/active - null null
2026-08-23 22:02:17.878 +03:00 [INF] Request starting HTTP/1.1 GET http://localhost:5279/api/Orders - null null
2026-08-23 22:02:17.878 +03:00 [INF] Request starting HTTP/1.1 GET http://localhost:5279/api/Payments - null null
2026-08-23 22:02:17.880 +03:00 [INF] Executing endpoint 'Presentation.Controllers.DiscountsController.GetActiveDiscounts (Presentation)'
2026-08-23 22:02:17.880 +03:00 [INF] Executing endpoint 'Presentation.Controllers.OrdersController.GetAllOrders (Presentation)'
2026-08-23 22:02:17.881 +03:00 [INF] Executing endpoint 'Presentation.Controllers.PaymentsController.GetAllPayments (Presentation)'
2026-08-23 22:02:17.882 +03:00 [INF] Route matched with {action = "GetAllOrders", controller = "Orders"}. Executing controller action with signature System.Threading.Tasks.Task`1[Microsoft.AspNetCore.Mvc.IActionResult] GetAllOrders(System.Nullable`1[Domain.Enums.OrderStatus]) on controller Presentation.Controllers.OrdersController (Presentation).
2026-08-23 22:02:17.884 +03:00 [INF] Route matched with {action = "GetActiveDiscounts", controller = "Discounts"}. Executing controller action with signature System.Threading.Tasks.Task`1[Microsoft.AspNetCore.Mvc.IActionResult] GetActiveDiscounts() on controller Presentation.Controllers.DiscountsController (Presentation).
2026-08-23 22:02:17.886 +03:00 [INF] Executed DbCommand (1ms) [Parameters=[], CommandType='"Text"', CommandTimeout='30']
SELECT [o].[Id], [o].[CancellationReason], [o].[CancelledAt], [o].[CancelledBy], [o].[CreatedAt], [o].[DiscountAmount], [o].[FinalAmount], [o].[RowVersion], [o].[Status], [o].[TableId], [o].[TotalAmount], [o].[UpdatedAt], [o].[WaiterId], [r].[Id], [r].[Capacity], [r].[RowVersion], [r].[Status], [r].[TableNumber], [r].[WaiterId], [e].[Id], [e].[CreatedAt], [e].[Email], [e].[FullName], [e].[IsActive], [e].[PasswordHash], [e].[Phone], [e].[Role], [o0].[Id], [o0].[CancellationReason], [o0].[CancelledAt], [o0].[CancelledBy], [o0].[MenuItemId], [o0].[Notes], [o0].[OrderId], [o0].[Quantity], [o0].[Status], [o0].[UnitPrice]
FROM [Orders] AS [o]
INNER JOIN [RestaurantTables] AS [r] ON [o].[TableId] = [r].[Id]
INNER JOIN [Employees] AS [e] ON [o].[WaiterId] = [e].[Id]
LEFT JOIN [OrderItems] AS [o0] ON [o].[Id] = [o0].[OrderId]
ORDER BY [o].[Id], [r].[Id], [e].[Id]
2026-08-23 22:02:17.887 +03:00 [INF] Route matched with {action = "GetAllPayments", controller = "Payments"}. Executing controller action with signature System.Threading.Tasks.Task`1[Microsoft.AspNetCore.Mvc.IActionResult] GetAllPayments(Application.DTOs.Payments.PaymentFilterDto) on controller Presentation.Controllers.PaymentsController (Presentation).
2026-08-23 22:02:17.889 +03:00 [INF] Executing OkObjectResult, writing value of type 'System.Linq.Enumerable+ListSelectIterator`2[[Domain.Models.Order, Domain, Version=1.0.0.0, Culture=neutral, PublicKeyToken=null],[Application.DTOs.Orders.OrderSummaryDto, Application, Version=1.0.0.0, Culture=neutral, PublicKeyToken=null]]'.
2026-08-23 22:02:17.891 +03:00 [INF] Executed action Presentation.Controllers.OrdersController.GetAllOrders (Presentation) in 7.143ms
2026-08-23 22:02:17.892 +03:00 [INF] Executed endpoint 'Presentation.Controllers.OrdersController.GetAllOrders (Presentation)'
2026-08-23 22:02:17.893 +03:00 [INF] Request finished HTTP/1.1 GET http://localhost:5279/api/Orders - 200 null application/json; charset=utf-8 14.8006ms
2026-08-23 22:02:17.894 +03:00 [INF] Request starting HTTP/1.1 GET http://localhost:5279/api/Orders - null null
2026-08-23 22:02:17.897 +03:00 [INF] Executing endpoint 'Presentation.Controllers.OrdersController.GetAllOrders (Presentation)'
2026-08-23 22:02:17.898 +03:00 [INF] Route matched with {action = "GetAllOrders", controller = "Orders"}. Executing controller action with signature System.Threading.Tasks.Task`1[Microsoft.AspNetCore.Mvc.IActionResult] GetAllOrders(System.Nullable`1[Domain.Enums.OrderStatus]) on controller Presentation.Controllers.OrdersController (Presentation).
2026-08-23 22:02:17.901 +03:00 [INF] Executed DbCommand (1ms) [Parameters=[], CommandType='"Text"', CommandTimeout='30']
SELECT [o].[Id], [o].[CancellationReason], [o].[CancelledAt], [o].[CancelledBy], [o].[CreatedAt], [o].[DiscountAmount], [o].[FinalAmount], [o].[RowVersion], [o].[Status], [o].[TableId], [o].[TotalAmount], [o].[UpdatedAt], [o].[WaiterId], [r].[Id], [r].[Capacity], [r].[RowVersion], [r].[Status], [r].[TableNumber], [r].[WaiterId], [e].[Id], [e].[CreatedAt], [e].[Email], [e].[FullName], [e].[IsActive], [e].[PasswordHash], [e].[Phone], [e].[Role], [o0].[Id], [o0].[CancellationReason], [o0].[CancelledAt], [o0].[CancelledBy], [o0].[MenuItemId], [o0].[Notes], [o0].[OrderId], [o0].[Quantity], [o0].[Status], [o0].[UnitPrice]
FROM [Orders] AS [o]
INNER JOIN [RestaurantTables] AS [r] ON [o].[TableId] = [r].[Id]
INNER JOIN [Employees] AS [e] ON [o].[WaiterId] = [e].[Id]
LEFT JOIN [OrderItems] AS [o0] ON [o].[Id] = [o0].[OrderId]
ORDER BY [o].[Id], [r].[Id], [e].[Id]
2026-08-23 22:02:17.903 +03:00 [INF] Executing OkObjectResult, writing value of type 'System.Linq.Enumerable+ListSelectIterator`2[[Domain.Models.Order, Domain, Version=1.0.0.0, Culture=neutral, PublicKeyToken=null],[Application.DTOs.Orders.OrderSummaryDto, Application, Version=1.0.0.0, Culture=neutral, PublicKeyToken=null]]'.
2026-08-23 22:02:17.905 +03:00 [INF] Executed action Presentation.Controllers.OrdersController.GetAllOrders (Presentation) in 4.9303ms
2026-08-23 22:02:17.906 +03:00 [INF] Executed endpoint 'Presentation.Controllers.OrdersController.GetAllOrders (Presentation)'
2026-08-23 22:02:17.906 +03:00 [INF] Executed DbCommand (10ms) [Parameters=[@__now_0='?' (DbType = DateTime2)], CommandType='"Text"', CommandTimeout='30']
SELECT [d].[Id], [d].[AppliedAt], [d].[ApprovedBy], [d].[CreatedAt], [d].[CreatedById], [d].[DiscountAmount], [d].[DiscountPercent], [d].[IsActive], [d].[IsApproved], [d].[Name], [d].[OrderId], [d].[Reason], [d].[Type], [d].[UpdatedAt], [d].[ValidFrom], [d].[ValidTo], [d].[Value], [e].[Id], [e].[CreatedAt], [e].[Email], [e].[FullName], [e].[IsActive], [e].[PasswordHash], [e].[Phone], [e].[Role]
FROM [Discounts] AS [d]
LEFT JOIN [Employees] AS [e] ON [d].[CreatedById] = [e].[Id]
WHERE [d].[OrderId] IS NULL AND [d].[IsActive] = CAST(1 AS bit) AND [d].[IsApproved] = CAST(1 AS bit) AND ([d].[ValidFrom] IS NULL OR [d].[ValidFrom] <= @__now_0) AND ([d].[ValidTo] IS NULL OR [d].[ValidTo] >= @__now_0)
ORDER BY [d].[CreatedAt] DESC
2026-08-23 22:02:17.906 +03:00 [INF] Request finished HTTP/1.1 GET http://localhost:5279/api/Orders - 200 null application/json; charset=utf-8 12.1635ms
2026-08-23 22:02:17.907 +03:00 [INF] Executed DbCommand (4ms) [Parameters=[], CommandType='"Text"', CommandTimeout='30']
SELECT [p].[Id], [p].[CashierId], [p].[DiscountAmount], [p].[FinalAmount], [p].[OrderId], [p].[PaidAt], [p].[PaymentMethod], [p].[ReceiptNumber], [p].[TotalAmount], [o].[Id], [o].[CancellationReason], [o].[CancelledAt], [o].[CancelledBy], [o].[CreatedAt], [o].[DiscountAmount], [o].[FinalAmount], [o].[RowVersion], [o].[Status], [o].[TableId], [o].[TotalAmount], [o].[UpdatedAt], [o].[WaiterId], [e].[Id], [e].[CreatedAt], [e].[Email], [e].[FullName], [e].[IsActive], [e].[PasswordHash], [e].[Phone], [e].[Role]
FROM [Payments] AS [p]
INNER JOIN [Orders] AS [o] ON [p].[OrderId] = [o].[Id]
INNER JOIN [Employees] AS [e] ON [p].[CashierId] = [e].[Id]
2026-08-23 22:02:17.913 +03:00 [INF] Executing OkObjectResult, writing value of type 'System.Collections.Generic.List`1[[Application.DTOs.Payments.PaymentSummaryDto, Application, Version=1.0.0.0, Culture=neutral, PublicKeyToken=null]]'.
2026-08-23 22:02:17.915 +03:00 [INF] Executed action Presentation.Controllers.PaymentsController.GetAllPayments (Presentation) in 25.338ms
2026-08-23 22:02:17.916 +03:00 [INF] Executed endpoint 'Presentation.Controllers.PaymentsController.GetAllPayments (Presentation)'
2026-08-23 22:02:17.917 +03:00 [INF] Request finished HTTP/1.1 GET http://localhost:5279/api/Payments - 200 null application/json; charset=utf-8 38.6283ms
2026-08-23 22:02:17.918 +03:00 [INF] Request starting HTTP/1.1 GET http://localhost:5279/api/Payments - null null
2026-08-23 22:02:17.921 +03:00 [INF] Executing endpoint 'Presentation.Controllers.PaymentsController.GetAllPayments (Presentation)'
2026-08-23 22:02:17.922 +03:00 [INF] Route matched with {action = "GetAllPayments", controller = "Payments"}. Executing controller action with signature System.Threading.Tasks.Task`1[Microsoft.AspNetCore.Mvc.IActionResult] GetAllPayments(Application.DTOs.Payments.PaymentFilterDto) on controller Presentation.Controllers.PaymentsController (Presentation).
2026-08-23 22:02:17.924 +03:00 [INF] Executed DbCommand (1ms) [Parameters=[], CommandType='"Text"', CommandTimeout='30']
SELECT [p].[Id], [p].[CashierId], [p].[DiscountAmount], [p].[FinalAmount], [p].[OrderId], [p].[PaidAt], [p].[PaymentMethod], [p].[ReceiptNumber], [p].[TotalAmount], [o].[Id], [o].[CancellationReason], [o].[CancelledAt], [o].[CancelledBy], [o].[CreatedAt], [o].[DiscountAmount], [o].[FinalAmount], [o].[RowVersion], [o].[Status], [o].[TableId], [o].[TotalAmount], [o].[UpdatedAt], [o].[WaiterId], [e].[Id], [e].[CreatedAt], [e].[Email], [e].[FullName], [e].[IsActive], [e].[PasswordHash], [e].[Phone], [e].[Role]
FROM [Payments] AS [p]
INNER JOIN [Orders] AS [o] ON [p].[OrderId] = [o].[Id]
INNER JOIN [Employees] AS [e] ON [p].[CashierId] = [e].[Id]
2026-08-23 22:02:17.926 +03:00 [INF] Executing OkObjectResult, writing value of type 'System.Collections.Generic.List`1[[Application.DTOs.Payments.PaymentSummaryDto, Application, Version=1.0.0.0, Culture=neutral, PublicKeyToken=null]]'.
2026-08-23 22:02:17.927 +03:00 [INF] Executed action Presentation.Controllers.PaymentsController.GetAllPayments (Presentation) in 4.2387ms
2026-08-23 22:02:17.928 +03:00 [INF] Executed endpoint 'Presentation.Controllers.PaymentsController.GetAllPayments (Presentation)'
2026-08-23 22:02:17.929 +03:00 [INF] Request finished HTTP/1.1 GET http://localhost:5279/api/Payments - 200 null application/json; charset=utf-8 10.8413ms
2026-08-23 22:02:17.937 +03:00 [INF] Executing OkObjectResult, writing value of type 'System.Linq.Enumerable+ListSelectIterator`2[[Domain.Models.Discount, Domain, Version=1.0.0.0, Culture=neutral, PublicKeyToken=null],[Application.DTOs.Discounts.DiscountResponseDto, Application, Version=1.0.0.0, Culture=neutral, PublicKeyToken=null]]'.
2026-08-23 22:02:17.947 +03:00 [INF] Executed action Presentation.Controllers.DiscountsController.GetActiveDiscounts (Presentation) in 60.7527ms
2026-08-23 22:02:17.948 +03:00 [INF] Executed endpoint 'Presentation.Controllers.DiscountsController.GetActiveDiscounts (Presentation)'
2026-08-23 22:02:17.948 +03:00 [INF] Request finished HTTP/1.1 GET http://localhost:5279/api/Discounts/active - 200 null application/json; charset=utf-8 69.7521ms
2026-08-23 22:02:17.949 +03:00 [INF] Request starting HTTP/1.1 GET http://localhost:5279/api/Discounts/active - null null
2026-08-23 22:02:17.950 +03:00 [INF] Executing endpoint 'Presentation.Controllers.DiscountsController.GetActiveDiscounts (Presentation)'
2026-08-23 22:02:17.951 +03:00 [INF] Route matched with {action = "GetActiveDiscounts", controller = "Discounts"}. Executing controller action with signature System.Threading.Tasks.Task`1[Microsoft.AspNetCore.Mvc.IActionResult] GetActiveDiscounts() on controller Presentation.Controllers.DiscountsController (Presentation).
2026-08-23 22:02:17.955 +03:00 [INF] Executed DbCommand (3ms) [Parameters=[@__now_0='?' (DbType = DateTime2)], CommandType='"Text"', CommandTimeout='30']
SELECT [d].[Id], [d].[AppliedAt], [d].[ApprovedBy], [d].[CreatedAt], [d].[CreatedById], [d].[DiscountAmount], [d].[DiscountPercent], [d].[IsActive], [d].[IsApproved], [d].[Name], [d].[OrderId], [d].[Reason], [d].[Type], [d].[UpdatedAt], [d].[ValidFrom], [d].[ValidTo], [d].[Value], [e].[Id], [e].[CreatedAt], [e].[Email], [e].[FullName], [e].[IsActive], [e].[PasswordHash], [e].[Phone], [e].[Role]
FROM [Discounts] AS [d]
LEFT JOIN [Employees] AS [e] ON [d].[CreatedById] = [e].[Id]
WHERE [d].[OrderId] IS NULL AND [d].[IsActive] = CAST(1 AS bit) AND [d].[IsApproved] = CAST(1 AS bit) AND ([d].[ValidFrom] IS NULL OR [d].[ValidFrom] <= @__now_0) AND ([d].[ValidTo] IS NULL OR [d].[ValidTo] >= @__now_0)
ORDER BY [d].[CreatedAt] DESC
2026-08-23 22:02:17.956 +03:00 [INF] Executing OkObjectResult, writing value of type 'System.Linq.Enumerable+ListSelectIterator`2[[Domain.Models.Discount, Domain, Version=1.0.0.0, Culture=neutral, PublicKeyToken=null],[Application.DTOs.Discounts.DiscountResponseDto, Application, Version=1.0.0.0, Culture=neutral, PublicKeyToken=null]]'.
2026-08-23 22:02:17.957 +03:00 [INF] Executed action Presentation.Controllers.DiscountsController.GetActiveDiscounts (Presentation) in 5.1587ms
2026-08-23 22:02:17.957 +03:00 [INF] Executed endpoint 'Presentation.Controllers.DiscountsController.GetActiveDiscounts (Presentation)'
2026-08-23 22:02:17.958 +03:00 [INF] Request finished HTTP/1.1 GET http://localhost:5279/api/Discounts/active - 200 null application/json; charset=utf-8 8.4054ms
2026-08-23 22:02:29.763 +03:00 [INF] Request starting HTTP/1.1 POST http://localhost:5279/api/Payments/orders/103/discount - application/json 16
2026-08-23 22:02:29.764 +03:00 [INF] CORS policy execution successful.
2026-08-23 22:02:29.765 +03:00 [INF] Executing endpoint 'Presentation.Controllers.PaymentsController.ApplyDiscount (Presentation)'
2026-08-23 22:02:29.767 +03:00 [INF] Route matched with {action = "ApplyDiscount", controller = "Payments"}. Executing controller action with signature System.Threading.Tasks.Task`1[Microsoft.AspNetCore.Mvc.IActionResult] ApplyDiscount(Int32, Application.DTOs.Payments.ApplyDiscountDto) on controller Presentation.Controllers.PaymentsController (Presentation).
2026-08-23 22:02:29.779 +03:00 [INF] Executed DbCommand (3ms) [Parameters=[@__p_0='?' (DbType = Int32)], CommandType='"Text"', CommandTimeout='30']
SELECT TOP(1) [o].[Id], [o].[CancellationReason], [o].[CancelledAt], [o].[CancelledBy], [o].[CreatedAt], [o].[DiscountAmount], [o].[FinalAmount], [o].[RowVersion], [o].[Status], [o].[TableId], [o].[TotalAmount], [o].[UpdatedAt], [o].[WaiterId]
FROM [Orders] AS [o]
WHERE [o].[Id] = @__p_0
2026-08-23 22:02:29.786 +03:00 [INF] Executed DbCommand (5ms) [Parameters=[@__p_0='?' (DbType = Int32)], CommandType='"Text"', CommandTimeout='30']
SELECT TOP(1) [e].[Id], [e].[CreatedAt], [e].[Email], [e].[FullName], [e].[IsActive], [e].[PasswordHash], [e].[Phone], [e].[Role]
FROM [Employees] AS [e]
WHERE [e].[Id] = @__p_0
2026-08-23 22:02:29.793 +03:00 [INF] Executed DbCommand (3ms) [Parameters=[@__p_0='?' (DbType = Int32)], CommandType='"Text"', CommandTimeout='30']
SELECT TOP(1) [d].[Id], [d].[AppliedAt], [d].[ApprovedBy], [d].[CreatedAt], [d].[CreatedById], [d].[DiscountAmount], [d].[DiscountPercent], [d].[IsActive], [d].[IsApproved], [d].[Name], [d].[OrderId], [d].[Reason], [d].[Type], [d].[UpdatedAt], [d].[ValidFrom], [d].[ValidTo], [d].[Value]
FROM [Discounts] AS [d]
WHERE [d].[Id] = @__p_0
2026-08-23 22:02:29.850 +03:00 [INF] Executed DbCommand (42ms) [Parameters=[@p0='?' (DbType = DateTime2), @p1='?' (DbType = Int32), @p2='?' (DbType = DateTime2), @p3='?' (DbType = Int32), @p4='?' (Precision = 18) (Scale = 2) (DbType = Decimal), @p5='?' (Precision = 5) (Scale = 2) (DbType = Decimal), @p6='?' (Size = 100), @p7='?' (DbType = Int32), @p8='?' (Size = 255), @p9='?' (DbType = DateTime2), @p10='?' (DbType = DateTime2), @p11='?' (DbType = DateTime2), @p12='?' (Precision = 18) (Scale = 2) (DbType = Decimal), @p24='?' (DbType = Int32), @p13='?' (Size = 500), @p14='?' (DbType = DateTime2), @p15='?' (DbType = Int32), @p16='?' (DbType = DateTime2), @p17='?' (Precision = 18) (Scale = 2) (DbType = Decimal), @p18='?' (Precision = 18) (Scale = 2) (DbType = Decimal), @p25='?' (Size = 8) (DbType = Binary), @p19='?' (DbType = Int32), @p20='?' (DbType = Int32), @p21='?' (Precision = 18) (Scale = 2) (DbType = Decimal), @p22='?' (DbType = DateTime2), @p23='?' (DbType = Int32)], CommandType='"Text"', CommandTimeout='30']
SET NOCOUNT ON;
INSERT INTO [Discounts] ([AppliedAt], [ApprovedBy], [CreatedAt], [CreatedById], [DiscountAmount], [DiscountPercent], [Name], [OrderId], [Reason], [UpdatedAt], [ValidFrom], [ValidTo], [Value])
OUTPUT INSERTED.[Id], INSERTED.[IsActive], INSERTED.[IsApproved], INSERTED.[Type]
VALUES (@p0, @p1, @p2, @p3, @p4, @p5, @p6, @p7, @p8, @p9, @p10, @p11, @p12);
UPDATE [Orders] SET [CancellationReason] = @p13, [CancelledAt] = @p14, [CancelledBy] = @p15, [CreatedAt] = @p16, [DiscountAmount] = @p17, [FinalAmount] = @p18, [Status] = @p19, [TableId] = @p20, [TotalAmount] = @p21, [UpdatedAt] = @p22, [WaiterId] = @p23
OUTPUT INSERTED.[RowVersion]
WHERE [Id] = @p24 AND [RowVersion] = @p25;
2026-08-23 22:02:29.875 +03:00 [INF] Executing OkObjectResult, writing value of type '<>f__AnonymousType1`1[[System.String, System.Private.CoreLib, Version=9.0.0.0, Culture=neutral, PublicKeyToken=7cec85d7bea7798e]]'.
2026-08-23 22:02:29.876 +03:00 [INF] Executed action Presentation.Controllers.PaymentsController.ApplyDiscount (Presentation) in 107.8373ms
2026-08-23 22:02:29.877 +03:00 [INF] Executed endpoint 'Presentation.Controllers.PaymentsController.ApplyDiscount (Presentation)'
2026-08-23 22:02:29.878 +03:00 [INF] Request finished HTTP/1.1 POST http://localhost:5279/api/Payments/orders/103/discount - 200 null application/json; charset=utf-8 114.9409ms
2026-08-23 22:02:29.879 +03:00 [INF] Request starting HTTP/1.1 GET http://localhost:5279/api/Orders - null null
2026-08-23 22:02:29.880 +03:00 [INF] Request starting HTTP/1.1 GET http://localhost:5279/api/Discounts/active - null null
2026-08-23 22:02:29.880 +03:00 [INF] Request starting HTTP/1.1 GET http://localhost:5279/api/Payments - null null
2026-08-23 22:02:29.881 +03:00 [INF] Executing endpoint 'Presentation.Controllers.OrdersController.GetAllOrders (Presentation)'
2026-08-23 22:02:29.882 +03:00 [INF] Executing endpoint 'Presentation.Controllers.DiscountsController.GetActiveDiscounts (Presentation)'
2026-08-23 22:02:29.883 +03:00 [INF] Executing endpoint 'Presentation.Controllers.PaymentsController.GetAllPayments (Presentation)'
2026-08-23 22:02:29.884 +03:00 [INF] Route matched with {action = "GetAllOrders", controller = "Orders"}. Executing controller action with signature System.Threading.Tasks.Task`1[Microsoft.AspNetCore.Mvc.IActionResult] GetAllOrders(System.Nullable`1[Domain.Enums.OrderStatus]) on controller Presentation.Controllers.OrdersController (Presentation).
2026-08-23 22:02:29.884 +03:00 [INF] Route matched with {action = "GetActiveDiscounts", controller = "Discounts"}. Executing controller action with signature System.Threading.Tasks.Task`1[Microsoft.AspNetCore.Mvc.IActionResult] GetActiveDiscounts() on controller Presentation.Controllers.DiscountsController (Presentation).
2026-08-23 22:02:29.884 +03:00 [INF] Route matched with {action = "GetAllPayments", controller = "Payments"}. Executing controller action with signature System.Threading.Tasks.Task`1[Microsoft.AspNetCore.Mvc.IActionResult] GetAllPayments(Application.DTOs.Payments.PaymentFilterDto) on controller Presentation.Controllers.PaymentsController (Presentation).
2026-08-23 22:02:29.887 +03:00 [INF] Executed DbCommand (1ms) [Parameters=[], CommandType='"Text"', CommandTimeout='30']
SELECT [o].[Id], [o].[CancellationReason], [o].[CancelledAt], [o].[CancelledBy], [o].[CreatedAt], [o].[DiscountAmount], [o].[FinalAmount], [o].[RowVersion], [o].[Status], [o].[TableId], [o].[TotalAmount], [o].[UpdatedAt], [o].[WaiterId], [r].[Id], [r].[Capacity], [r].[RowVersion], [r].[Status], [r].[TableNumber], [r].[WaiterId], [e].[Id], [e].[CreatedAt], [e].[Email], [e].[FullName], [e].[IsActive], [e].[PasswordHash], [e].[Phone], [e].[Role], [o0].[Id], [o0].[CancellationReason], [o0].[CancelledAt], [o0].[CancelledBy], [o0].[MenuItemId], [o0].[Notes], [o0].[OrderId], [o0].[Quantity], [o0].[Status], [o0].[UnitPrice]
FROM [Orders] AS [o]
INNER JOIN [RestaurantTables] AS [r] ON [o].[TableId] = [r].[Id]
INNER JOIN [Employees] AS [e] ON [o].[WaiterId] = [e].[Id]
LEFT JOIN [OrderItems] AS [o0] ON [o].[Id] = [o0].[OrderId]
ORDER BY [o].[Id], [r].[Id], [e].[Id]
2026-08-23 22:02:29.888 +03:00 [INF] Executed DbCommand (1ms) [Parameters=[@__now_0='?' (DbType = DateTime2)], CommandType='"Text"', CommandTimeout='30']
SELECT [d].[Id], [d].[AppliedAt], [d].[ApprovedBy], [d].[CreatedAt], [d].[CreatedById], [d].[DiscountAmount], [d].[DiscountPercent], [d].[IsActive], [d].[IsApproved], [d].[Name], [d].[OrderId], [d].[Reason], [d].[Type], [d].[UpdatedAt], [d].[ValidFrom], [d].[ValidTo], [d].[Value], [e].[Id], [e].[CreatedAt], [e].[Email], [e].[FullName], [e].[IsActive], [e].[PasswordHash], [e].[Phone], [e].[Role]
FROM [Discounts] AS [d]
LEFT JOIN [Employees] AS [e] ON [d].[CreatedById] = [e].[Id]
WHERE [d].[OrderId] IS NULL AND [d].[IsActive] = CAST(1 AS bit) AND [d].[IsApproved] = CAST(1 AS bit) AND ([d].[ValidFrom] IS NULL OR [d].[ValidFrom] <= @__now_0) AND ([d].[ValidTo] IS NULL OR [d].[ValidTo] >= @__now_0)
ORDER BY [d].[CreatedAt] DESC
2026-08-23 22:02:29.889 +03:00 [INF] Executed DbCommand (1ms) [Parameters=[], CommandType='"Text"', CommandTimeout='30']
SELECT [p].[Id], [p].[CashierId], [p].[DiscountAmount], [p].[FinalAmount], [p].[OrderId], [p].[PaidAt], [p].[PaymentMethod], [p].[ReceiptNumber], [p].[TotalAmount], [o].[Id], [o].[CancellationReason], [o].[CancelledAt], [o].[CancelledBy], [o].[CreatedAt], [o].[DiscountAmount], [o].[FinalAmount], [o].[RowVersion], [o].[Status], [o].[TableId], [o].[TotalAmount], [o].[UpdatedAt], [o].[WaiterId], [e].[Id], [e].[CreatedAt], [e].[Email], [e].[FullName], [e].[IsActive], [e].[PasswordHash], [e].[Phone], [e].[Role]
FROM [Payments] AS [p]
INNER JOIN [Orders] AS [o] ON [p].[OrderId] = [o].[Id]
INNER JOIN [Employees] AS [e] ON [p].[CashierId] = [e].[Id]
2026-08-23 22:02:29.890 +03:00 [INF] Executing OkObjectResult, writing value of type 'System.Linq.Enumerable+ListSelectIterator`2[[Domain.Models.Order, Domain, Version=1.0.0.0, Culture=neutral, PublicKeyToken=null],[Application.DTOs.Orders.OrderSummaryDto, Application, Version=1.0.0.0, Culture=neutral, PublicKeyToken=null]]'.
2026-08-23 22:02:29.891 +03:00 [INF] Executing OkObjectResult, writing value of type 'System.Linq.Enumerable+ListSelectIterator`2[[Domain.Models.Discount, Domain, Version=1.0.0.0, Culture=neutral, PublicKeyToken=null],[Application.DTOs.Discounts.DiscountResponseDto, Application, Version=1.0.0.0, Culture=neutral, PublicKeyToken=null]]'.
2026-08-23 22:02:29.892 +03:00 [INF] Executing OkObjectResult, writing value of type 'System.Collections.Generic.List`1[[Application.DTOs.Payments.PaymentSummaryDto, Application, Version=1.0.0.0, Culture=neutral, PublicKeyToken=null]]'.
2026-08-23 22:02:29.893 +03:00 [INF] Executed action Presentation.Controllers.OrdersController.GetAllOrders (Presentation) in 7.5214ms
2026-08-23 22:02:29.893 +03:00 [INF] Executed action Presentation.Controllers.DiscountsController.GetActiveDiscounts (Presentation) in 7.0747ms
2026-08-23 22:02:29.895 +03:00 [INF] Executed endpoint 'Presentation.Controllers.OrdersController.GetAllOrders (Presentation)'
2026-08-23 22:02:29.894 +03:00 [INF] Executed action Presentation.Controllers.PaymentsController.GetAllPayments (Presentation) in 5.6542ms
2026-08-23 22:02:29.895 +03:00 [INF] Executed endpoint 'Presentation.Controllers.DiscountsController.GetActiveDiscounts (Presentation)'
2026-08-23 22:02:29.895 +03:00 [INF] Request starting HTTP/1.1 GET http://localhost:5279/api/Orders - null null
2026-08-23 22:02:29.896 +03:00 [INF] Request starting HTTP/1.1 GET http://localhost:5279/api/Discounts/active - null null
2026-08-23 22:02:29.896 +03:00 [INF] Request starting HTTP/1.1 GET http://localhost:5279/api/Payments - null null
2026-08-23 22:02:29.896 +03:00 [INF] Request finished HTTP/1.1 GET http://localhost:5279/api/Orders - 200 null application/json; charset=utf-8 16.5147ms
2026-08-23 22:02:29.897 +03:00 [INF] Executed endpoint 'Presentation.Controllers.PaymentsController.GetAllPayments (Presentation)'
2026-08-23 22:02:29.897 +03:00 [INF] Request finished HTTP/1.1 GET http://localhost:5279/api/Discounts/active - 200 null application/json; charset=utf-8 17.3737ms
2026-08-23 22:02:29.899 +03:00 [INF] Executing endpoint 'Presentation.Controllers.OrdersController.GetAllOrders (Presentation)'
2026-08-23 22:02:29.901 +03:00 [INF] Executing endpoint 'Presentation.Controllers.DiscountsController.GetActiveDiscounts (Presentation)'
2026-08-23 22:02:29.903 +03:00 [INF] Executing endpoint 'Presentation.Controllers.PaymentsController.GetAllPayments (Presentation)'
2026-08-23 22:02:29.906 +03:00 [INF] Request finished HTTP/1.1 GET http://localhost:5279/api/Payments - 200 null application/json; charset=utf-8 26.0675ms
2026-08-23 22:02:29.909 +03:00 [INF] Route matched with {action = "GetAllOrders", controller = "Orders"}. Executing controller action with signature System.Threading.Tasks.Task`1[Microsoft.AspNetCore.Mvc.IActionResult] GetAllOrders(System.Nullable`1[Domain.Enums.OrderStatus]) on controller Presentation.Controllers.OrdersController (Presentation).
2026-08-23 22:02:29.910 +03:00 [INF] Route matched with {action = "GetActiveDiscounts", controller = "Discounts"}. Executing controller action with signature System.Threading.Tasks.Task`1[Microsoft.AspNetCore.Mvc.IActionResult] GetActiveDiscounts() on controller Presentation.Controllers.DiscountsController (Presentation).
2026-08-23 22:02:29.910 +03:00 [INF] Route matched with {action = "GetAllPayments", controller = "Payments"}. Executing controller action with signature System.Threading.Tasks.Task`1[Microsoft.AspNetCore.Mvc.IActionResult] GetAllPayments(Application.DTOs.Payments.PaymentFilterDto) on controller Presentation.Controllers.PaymentsController (Presentation).
2026-08-23 22:02:29.915 +03:00 [INF] Executed DbCommand (1ms) [Parameters=[], CommandType='"Text"', CommandTimeout='30']
SELECT [o].[Id], [o].[CancellationReason], [o].[CancelledAt], [o].[CancelledBy], [o].[CreatedAt], [o].[DiscountAmount], [o].[FinalAmount], [o].[RowVersion], [o].[Status], [o].[TableId], [o].[TotalAmount], [o].[UpdatedAt], [o].[WaiterId], [r].[Id], [r].[Capacity], [r].[RowVersion], [r].[Status], [r].[TableNumber], [r].[WaiterId], [e].[Id], [e].[CreatedAt], [e].[Email], [e].[FullName], [e].[IsActive], [e].[PasswordHash], [e].[Phone], [e].[Role], [o0].[Id], [o0].[CancellationReason], [o0].[CancelledAt], [o0].[CancelledBy], [o0].[MenuItemId], [o0].[Notes], [o0].[OrderId], [o0].[Quantity], [o0].[Status], [o0].[UnitPrice]
FROM [Orders] AS [o]
INNER JOIN [RestaurantTables] AS [r] ON [o].[TableId] = [r].[Id]
INNER JOIN [Employees] AS [e] ON [o].[WaiterId] = [e].[Id]
LEFT JOIN [OrderItems] AS [o0] ON [o].[Id] = [o0].[OrderId]
ORDER BY [o].[Id], [r].[Id], [e].[Id]
2026-08-23 22:02:29.916 +03:00 [INF] Executed DbCommand (0ms) [Parameters=[@__now_0='?' (DbType = DateTime2)], CommandType='"Text"', CommandTimeout='30']
SELECT [d].[Id], [d].[AppliedAt], [d].[ApprovedBy], [d].[CreatedAt], [d].[CreatedById], [d].[DiscountAmount], [d].[DiscountPercent], [d].[IsActive], [d].[IsApproved], [d].[Name], [d].[OrderId], [d].[Reason], [d].[Type], [d].[UpdatedAt], [d].[ValidFrom], [d].[ValidTo], [d].[Value], [e].[Id], [e].[CreatedAt], [e].[Email], [e].[FullName], [e].[IsActive], [e].[PasswordHash], [e].[Phone], [e].[Role]
FROM [Discounts] AS [d]
LEFT JOIN [Employees] AS [e] ON [d].[CreatedById] = [e].[Id]
WHERE [d].[OrderId] IS NULL AND [d].[IsActive] = CAST(1 AS bit) AND [d].[IsApproved] = CAST(1 AS bit) AND ([d].[ValidFrom] IS NULL OR [d].[ValidFrom] <= @__now_0) AND ([d].[ValidTo] IS NULL OR [d].[ValidTo] >= @__now_0)
ORDER BY [d].[CreatedAt] DESC
2026-08-23 22:02:29.918 +03:00 [INF] Executed DbCommand (0ms) [Parameters=[], CommandType='"Text"', CommandTimeout='30']
SELECT [p].[Id], [p].[CashierId], [p].[DiscountAmount], [p].[FinalAmount], [p].[OrderId], [p].[PaidAt], [p].[PaymentMethod], [p].[ReceiptNumber], [p].[TotalAmount], [o].[Id], [o].[CancellationReason], [o].[CancelledAt], [o].[CancelledBy], [o].[CreatedAt], [o].[DiscountAmount], [o].[FinalAmount], [o].[RowVersion], [o].[Status], [o].[TableId], [o].[TotalAmount], [o].[UpdatedAt], [o].[WaiterId], [e].[Id], [e].[CreatedAt], [e].[Email], [e].[FullName], [e].[IsActive], [e].[PasswordHash], [e].[Phone], [e].[Role]
FROM [Payments] AS [p]
INNER JOIN [Orders] AS [o] ON [p].[OrderId] = [o].[Id]
INNER JOIN [Employees] AS [e] ON [p].[CashierId] = [e].[Id]
2026-08-23 22:02:29.919 +03:00 [INF] Executing OkObjectResult, writing value of type 'System.Linq.Enumerable+ListSelectIterator`2[[Domain.Models.Order, Domain, Version=1.0.0.0, Culture=neutral, PublicKeyToken=null],[Application.DTOs.Orders.OrderSummaryDto, Application, Version=1.0.0.0, Culture=neutral, PublicKeyToken=null]]'.
2026-08-23 22:02:29.920 +03:00 [INF] Executing OkObjectResult, writing value of type 'System.Linq.Enumerable+ListSelectIterator`2[[Domain.Models.Discount, Domain, Version=1.0.0.0, Culture=neutral, PublicKeyToken=null],[Application.DTOs.Discounts.DiscountResponseDto, Application, Version=1.0.0.0, Culture=neutral, PublicKeyToken=null]]'.
2026-08-23 22:02:29.922 +03:00 [INF] Executing OkObjectResult, writing value of type 'System.Collections.Generic.List`1[[Application.DTOs.Payments.PaymentSummaryDto, Application, Version=1.0.0.0, Culture=neutral, PublicKeyToken=null]]'.
2026-08-23 22:02:29.923 +03:00 [INF] Executed action Presentation.Controllers.OrdersController.GetAllOrders (Presentation) in 8.6874ms
2026-08-23 22:02:29.924 +03:00 [INF] Executed action Presentation.Controllers.DiscountsController.GetActiveDiscounts (Presentation) in 8.3123ms
2026-08-23 22:02:29.925 +03:00 [INF] Executed action Presentation.Controllers.PaymentsController.GetAllPayments (Presentation) in 7.8493ms
2026-08-23 22:02:29.926 +03:00 [INF] Executed endpoint 'Presentation.Controllers.OrdersController.GetAllOrders (Presentation)'
2026-08-23 22:02:29.927 +03:00 [INF] Executed endpoint 'Presentation.Controllers.DiscountsController.GetActiveDiscounts (Presentation)'
2026-08-23 22:02:29.927 +03:00 [INF] Request starting HTTP/1.1 GET http://localhost:5279/api/Discounts/active - null null
2026-08-23 22:02:29.927 +03:00 [INF] Request starting HTTP/1.1 GET http://localhost:5279/api/Orders - null null
2026-08-23 22:02:29.928 +03:00 [INF] Request starting HTTP/1.1 GET http://localhost:5279/api/Payments - null null
2026-08-23 22:02:29.928 +03:00 [INF] Executed endpoint 'Presentation.Controllers.PaymentsController.GetAllPayments (Presentation)'
2026-08-23 22:02:29.929 +03:00 [INF] Request finished HTTP/1.1 GET http://localhost:5279/api/Orders - 200 null application/json; charset=utf-8 33.3563ms
2026-08-23 22:02:29.930 +03:00 [INF] Request finished HTTP/1.1 GET http://localhost:5279/api/Discounts/active - 200 null application/json; charset=utf-8 34.0861ms
2026-08-23 22:02:29.932 +03:00 [INF] Executing endpoint 'Presentation.Controllers.DiscountsController.GetActiveDiscounts (Presentation)'
2026-08-23 22:02:29.934 +03:00 [INF] Executing endpoint 'Presentation.Controllers.OrdersController.GetAllOrders (Presentation)'
2026-08-23 22:02:29.935 +03:00 [INF] Executing endpoint 'Presentation.Controllers.PaymentsController.GetAllPayments (Presentation)'
2026-08-23 22:02:29.936 +03:00 [INF] Request finished HTTP/1.1 GET http://localhost:5279/api/Payments - 200 null application/json; charset=utf-8 40.6327ms
2026-08-23 22:02:29.941 +03:00 [INF] Route matched with {action = "GetActiveDiscounts", controller = "Discounts"}. Executing controller action with signature System.Threading.Tasks.Task`1[Microsoft.AspNetCore.Mvc.IActionResult] GetActiveDiscounts() on controller Presentation.Controllers.DiscountsController (Presentation).
2026-08-23 22:02:29.942 +03:00 [INF] Route matched with {action = "GetAllOrders", controller = "Orders"}. Executing controller action with signature System.Threading.Tasks.Task`1[Microsoft.AspNetCore.Mvc.IActionResult] GetAllOrders(System.Nullable`1[Domain.Enums.OrderStatus]) on controller Presentation.Controllers.OrdersController (Presentation).
2026-08-23 22:02:29.943 +03:00 [INF] Route matched with {action = "GetAllPayments", controller = "Payments"}. Executing controller action with signature System.Threading.Tasks.Task`1[Microsoft.AspNetCore.Mvc.IActionResult] GetAllPayments(Application.DTOs.Payments.PaymentFilterDto) on controller Presentation.Controllers.PaymentsController (Presentation).
2026-08-23 22:02:29.947 +03:00 [INF] Executed DbCommand (0ms) [Parameters=[@__now_0='?' (DbType = DateTime2)], CommandType='"Text"', CommandTimeout='30']
SELECT [d].[Id], [d].[AppliedAt], [d].[ApprovedBy], [d].[CreatedAt], [d].[CreatedById], [d].[DiscountAmount], [d].[DiscountPercent], [d].[IsActive], [d].[IsApproved], [d].[Name], [d].[OrderId], [d].[Reason], [d].[Type], [d].[UpdatedAt], [d].[ValidFrom], [d].[ValidTo], [d].[Value], [e].[Id], [e].[CreatedAt], [e].[Email], [e].[FullName], [e].[IsActive], [e].[PasswordHash], [e].[Phone], [e].[Role]
FROM [Discounts] AS [d]
LEFT JOIN [Employees] AS [e] ON [d].[CreatedById] = [e].[Id]
WHERE [d].[OrderId] IS NULL AND [d].[IsActive] = CAST(1 AS bit) AND [d].[IsApproved] = CAST(1 AS bit) AND ([d].[ValidFrom] IS NULL OR [d].[ValidFrom] <= @__now_0) AND ([d].[ValidTo] IS NULL OR [d].[ValidTo] >= @__now_0)
ORDER BY [d].[CreatedAt] DESC
2026-08-23 22:02:29.948 +03:00 [INF] Executed DbCommand (1ms) [Parameters=[], CommandType='"Text"', CommandTimeout='30']
SELECT [o].[Id], [o].[CancellationReason], [o].[CancelledAt], [o].[CancelledBy], [o].[CreatedAt], [o].[DiscountAmount], [o].[FinalAmount], [o].[RowVersion], [o].[Status], [o].[TableId], [o].[TotalAmount], [o].[UpdatedAt], [o].[WaiterId], [r].[Id], [r].[Capacity], [r].[RowVersion], [r].[Status], [r].[TableNumber], [r].[WaiterId], [e].[Id], [e].[CreatedAt], [e].[Email], [e].[FullName], [e].[IsActive], [e].[PasswordHash], [e].[Phone], [e].[Role], [o0].[Id], [o0].[CancellationReason], [o0].[CancelledAt], [o0].[CancelledBy], [o0].[MenuItemId], [o0].[Notes], [o0].[OrderId], [o0].[Quantity], [o0].[Status], [o0].[UnitPrice]
FROM [Orders] AS [o]
INNER JOIN [RestaurantTables] AS [r] ON [o].[TableId] = [r].[Id]
INNER JOIN [Employees] AS [e] ON [o].[WaiterId] = [e].[Id]
LEFT JOIN [OrderItems] AS [o0] ON [o].[Id] = [o0].[OrderId]
ORDER BY [o].[Id], [r].[Id], [e].[Id]
2026-08-23 22:02:29.949 +03:00 [INF] Executed DbCommand (0ms) [Parameters=[], CommandType='"Text"', CommandTimeout='30']
SELECT [p].[Id], [p].[CashierId], [p].[DiscountAmount], [p].[FinalAmount], [p].[OrderId], [p].[PaidAt], [p].[PaymentMethod], [p].[ReceiptNumber], [p].[TotalAmount], [o].[Id], [o].[CancellationReason], [o].[CancelledAt], [o].[CancelledBy], [o].[CreatedAt], [o].[DiscountAmount], [o].[FinalAmount], [o].[RowVersion], [o].[Status], [o].[TableId], [o].[TotalAmount], [o].[UpdatedAt], [o].[WaiterId], [e].[Id], [e].[CreatedAt], [e].[Email], [e].[FullName], [e].[IsActive], [e].[PasswordHash], [e].[Phone], [e].[Role]
FROM [Payments] AS [p]
INNER JOIN [Orders] AS [o] ON [p].[OrderId] = [o].[Id]
INNER JOIN [Employees] AS [e] ON [p].[CashierId] = [e].[Id]
2026-08-23 22:02:29.950 +03:00 [INF] Executing OkObjectResult, writing value of type 'System.Linq.Enumerable+ListSelectIterator`2[[Domain.Models.Discount, Domain, Version=1.0.0.0, Culture=neutral, PublicKeyToken=null],[Application.DTOs.Discounts.DiscountResponseDto, Application, Version=1.0.0.0, Culture=neutral, PublicKeyToken=null]]'.
2026-08-23 22:02:29.952 +03:00 [INF] Executing OkObjectResult, writing value of type 'System.Linq.Enumerable+ListSelectIterator`2[[Domain.Models.Order, Domain, Version=1.0.0.0, Culture=neutral, PublicKeyToken=null],[Application.DTOs.Orders.OrderSummaryDto, Application, Version=1.0.0.0, Culture=neutral, PublicKeyToken=null]]'.
2026-08-23 22:02:29.953 +03:00 [INF] Executing OkObjectResult, writing value of type 'System.Collections.Generic.List`1[[Application.DTOs.Payments.PaymentSummaryDto, Application, Version=1.0.0.0, Culture=neutral, PublicKeyToken=null]]'.
2026-08-23 22:02:29.953 +03:00 [INF] Executed action Presentation.Controllers.DiscountsController.GetActiveDiscounts (Presentation) in 7.3883ms
2026-08-23 22:02:29.954 +03:00 [INF] Executed action Presentation.Controllers.OrdersController.GetAllOrders (Presentation) in 6.6083ms
2026-08-23 22:02:29.954 +03:00 [INF] Executed action Presentation.Controllers.PaymentsController.GetAllPayments (Presentation) in 5.7152ms
2026-08-23 22:02:29.955 +03:00 [INF] Executed endpoint 'Presentation.Controllers.DiscountsController.GetActiveDiscounts (Presentation)'
2026-08-23 22:02:29.955 +03:00 [INF] Request starting HTTP/1.1 GET http://localhost:5279/api/Orders - null null
2026-08-23 22:02:29.955 +03:00 [INF] Executed endpoint 'Presentation.Controllers.OrdersController.GetAllOrders (Presentation)'
2026-08-23 22:02:29.956 +03:00 [INF] Executed endpoint 'Presentation.Controllers.PaymentsController.GetAllPayments (Presentation)'
2026-08-23 22:02:29.956 +03:00 [INF] Request finished HTTP/1.1 GET http://localhost:5279/api/Discounts/active - 200 null application/json; charset=utf-8 29.2636ms
2026-08-23 22:02:29.957 +03:00 [INF] Executing endpoint 'Presentation.Controllers.OrdersController.GetAllOrders (Presentation)'
2026-08-23 22:02:29.957 +03:00 [INF] Request finished HTTP/1.1 GET http://localhost:5279/api/Orders - 200 null application/json; charset=utf-8 30.9582ms
2026-08-23 22:02:29.958 +03:00 [INF] Request finished HTTP/1.1 GET http://localhost:5279/api/Payments - 200 null application/json; charset=utf-8 30.3535ms
2026-08-23 22:02:29.959 +03:00 [INF] Route matched with {action = "GetAllOrders", controller = "Orders"}. Executing controller action with signature System.Threading.Tasks.Task`1[Microsoft.AspNetCore.Mvc.IActionResult] GetAllOrders(System.Nullable`1[Domain.Enums.OrderStatus]) on controller Presentation.Controllers.OrdersController (Presentation).
2026-08-23 22:02:29.963 +03:00 [INF] Executed DbCommand (1ms) [Parameters=[], CommandType='"Text"', CommandTimeout='30']
SELECT [o].[Id], [o].[CancellationReason], [o].[CancelledAt], [o].[CancelledBy], [o].[CreatedAt], [o].[DiscountAmount], [o].[FinalAmount], [o].[RowVersion], [o].[Status], [o].[TableId], [o].[TotalAmount], [o].[UpdatedAt], [o].[WaiterId], [r].[Id], [r].[Capacity], [r].[RowVersion], [r].[Status], [r].[TableNumber], [r].[WaiterId], [e].[Id], [e].[CreatedAt], [e].[Email], [e].[FullName], [e].[IsActive], [e].[PasswordHash], [e].[Phone], [e].[Role], [o0].[Id], [o0].[CancellationReason], [o0].[CancelledAt], [o0].[CancelledBy], [o0].[MenuItemId], [o0].[Notes], [o0].[OrderId], [o0].[Quantity], [o0].[Status], [o0].[UnitPrice]
FROM [Orders] AS [o]
INNER JOIN [RestaurantTables] AS [r] ON [o].[TableId] = [r].[Id]
INNER JOIN [Employees] AS [e] ON [o].[WaiterId] = [e].[Id]
LEFT JOIN [OrderItems] AS [o0] ON [o].[Id] = [o0].[OrderId]
ORDER BY [o].[Id], [r].[Id], [e].[Id]
2026-08-23 22:02:29.965 +03:00 [INF] Executing OkObjectResult, writing value of type 'System.Linq.Enumerable+ListSelectIterator`2[[Domain.Models.Order, Domain, Version=1.0.0.0, Culture=neutral, PublicKeyToken=null],[Application.DTOs.Orders.OrderSummaryDto, Application, Version=1.0.0.0, Culture=neutral, PublicKeyToken=null]]'.
2026-08-23 22:02:29.965 +03:00 [INF] Executed action Presentation.Controllers.OrdersController.GetAllOrders (Presentation) in 3.1285ms
2026-08-23 22:02:29.965 +03:00 [INF] Executed endpoint 'Presentation.Controllers.OrdersController.GetAllOrders (Presentation)'
2026-08-23 22:02:29.966 +03:00 [INF] Request finished HTTP/1.1 GET http://localhost:5279/api/Orders - 200 null application/json; charset=utf-8 10.4556ms
2026-08-23 22:02:29.967 +03:00 [INF] Request starting HTTP/1.1 GET http://localhost:5279/api/Orders - null null
2026-08-23 22:02:29.968 +03:00 [INF] Executing endpoint 'Presentation.Controllers.OrdersController.GetAllOrders (Presentation)'
2026-08-23 22:02:29.969 +03:00 [INF] Route matched with {action = "GetAllOrders", controller = "Orders"}. Executing controller action with signature System.Threading.Tasks.Task`1[Microsoft.AspNetCore.Mvc.IActionResult] GetAllOrders(System.Nullable`1[Domain.Enums.OrderStatus]) on controller Presentation.Controllers.OrdersController (Presentation).
2026-08-23 22:02:29.971 +03:00 [INF] Executed DbCommand (1ms) [Parameters=[], CommandType='"Text"', CommandTimeout='30']
SELECT [o].[Id], [o].[CancellationReason], [o].[CancelledAt], [o].[CancelledBy], [o].[CreatedAt], [o].[DiscountAmount], [o].[FinalAmount], [o].[RowVersion], [o].[Status], [o].[TableId], [o].[TotalAmount], [o].[UpdatedAt], [o].[WaiterId], [r].[Id], [r].[Capacity], [r].[RowVersion], [r].[Status], [r].[TableNumber], [r].[WaiterId], [e].[Id], [e].[CreatedAt], [e].[Email], [e].[FullName], [e].[IsActive], [e].[PasswordHash], [e].[Phone], [e].[Role], [o0].[Id], [o0].[CancellationReason], [o0].[CancelledAt], [o0].[CancelledBy], [o0].[MenuItemId], [o0].[Notes], [o0].[OrderId], [o0].[Quantity], [o0].[Status], [o0].[UnitPrice]
FROM [Orders] AS [o]
INNER JOIN [RestaurantTables] AS [r] ON [o].[TableId] = [r].[Id]
INNER JOIN [Employees] AS [e] ON [o].[WaiterId] = [e].[Id]
LEFT JOIN [OrderItems] AS [o0] ON [o].[Id] = [o0].[OrderId]
ORDER BY [o].[Id], [r].[Id], [e].[Id]
2026-08-23 22:02:29.972 +03:00 [INF] Executing OkObjectResult, writing value of type 'System.Linq.Enumerable+ListSelectIterator`2[[Domain.Models.Order, Domain, Version=1.0.0.0, Culture=neutral, PublicKeyToken=null],[Application.DTOs.Orders.OrderSummaryDto, Application, Version=1.0.0.0, Culture=neutral, PublicKeyToken=null]]'.
2026-08-23 22:02:29.972 +03:00 [INF] Executed action Presentation.Controllers.OrdersController.GetAllOrders (Presentation) in 2.932ms
2026-08-23 22:02:29.973 +03:00 [INF] Executed endpoint 'Presentation.Controllers.OrdersController.GetAllOrders (Presentation)'
2026-08-23 22:02:29.973 +03:00 [INF] Request finished HTTP/1.1 GET http://localhost:5279/api/Orders - 200 null application/json; charset=utf-8 6.4337ms
2026-08-23 22:02:40.296 +03:00 [INF] Request starting HTTP/1.1 POST http://localhost:5279/api/Payments - application/json 55
2026-08-23 22:02:40.297 +03:00 [INF] CORS policy execution successful.
2026-08-23 22:02:40.298 +03:00 [INF] Executing endpoint 'Presentation.Controllers.PaymentsController.ProcessPayment (Presentation)'
2026-08-23 22:02:40.299 +03:00 [INF] Route matched with {action = "ProcessPayment", controller = "Payments"}. Executing controller action with signature System.Threading.Tasks.Task`1[Microsoft.AspNetCore.Mvc.IActionResult] ProcessPayment(Application.DTOs.Payments.CreatePaymentDto) on controller Presentation.Controllers.PaymentsController (Presentation).
2026-08-23 22:02:40.336 +03:00 [INF] Executed DbCommand (17ms) [Parameters=[@__dto_OrderId_0='?' (DbType = Int32)], CommandType='"Text"', CommandTimeout='30']
SELECT [s].[Id], [s].[CancellationReason], [s].[CancelledAt], [s].[CancelledBy], [s].[CreatedAt], [s].[DiscountAmount], [s].[FinalAmount], [s].[RowVersion], [s].[Status], [s].[TableId], [s].[TotalAmount], [s].[UpdatedAt], [s].[WaiterId], [s].[Id0], [s].[Capacity], [s].[RowVersion0], [s].[Status0], [s].[TableNumber], [s].[WaiterId0], [o0].[Id], [o0].[CancellationReason], [o0].[CancelledAt], [o0].[CancelledBy], [o0].[MenuItemId], [o0].[Notes], [o0].[OrderId], [o0].[Quantity], [o0].[Status], [o0].[UnitPrice]
FROM (
    SELECT TOP(1) [o].[Id], [o].[CancellationReason], [o].[CancelledAt], [o].[CancelledBy], [o].[CreatedAt], [o].[DiscountAmount], [o].[FinalAmount], [o].[RowVersion], [o].[Status], [o].[TableId], [o].[TotalAmount], [o].[UpdatedAt], [o].[WaiterId], [r].[Id] AS [Id0], [r].[Capacity], [r].[RowVersion] AS [RowVersion0], [r].[Status] AS [Status0], [r].[TableNumber], [r].[WaiterId] AS [WaiterId0]
    FROM [Orders] AS [o]
    INNER JOIN [RestaurantTables] AS [r] ON [o].[TableId] = [r].[Id]
    WHERE [o].[Id] = @__dto_OrderId_0
) AS [s]
LEFT JOIN [OrderItems] AS [o0] ON [s].[Id] = [o0].[OrderId]
ORDER BY [s].[Id], [s].[Id0]
2026-08-23 22:02:40.339 +03:00 [INF] Executed DbCommand (1ms) [Parameters=[@__p_0='?' (DbType = Int32)], CommandType='"Text"', CommandTimeout='30']
SELECT TOP(1) [e].[Id], [e].[CreatedAt], [e].[Email], [e].[FullName], [e].[IsActive], [e].[PasswordHash], [e].[Phone], [e].[Role]
FROM [Employees] AS [e]
WHERE [e].[Id] = @__p_0
2026-08-23 22:02:40.382 +03:00 [INF] Executed DbCommand (23ms) [Parameters=[@__orderId_0='?' (DbType = Int32)], CommandType='"Text"', CommandTimeout='30']
SELECT [o].[Id], [o].[CancellationReason], [o].[CancelledAt], [o].[CancelledBy], [o].[MenuItemId], [o].[Notes], [o].[OrderId], [o].[Quantity], [o].[Status], [o].[UnitPrice], [m].[Id], [m].[CategoryId], [m].[CreatedAt], [m].[IsAvailable], [m].[IsSeasonalItem], [m].[Name], [m].[Price], [s].[Id], [s].[IngredientId], [s].[MenuItemId], [s].[QuantityUsed], [s].[Id0], [s].[LowStockAlert], [s].[Name], [s].[RowVersion], [s].[TotalStock], [s].[Unit]
FROM [OrderItems] AS [o]
INNER JOIN [MenuItems] AS [m] ON [o].[MenuItemId] = [m].[Id]
LEFT JOIN (
    SELECT [m0].[Id], [m0].[IngredientId], [m0].[MenuItemId], [m0].[QuantityUsed], [i].[Id] AS [Id0], [i].[LowStockAlert], [i].[Name], [i].[RowVersion], [i].[TotalStock], [i].[Unit]
    FROM [MenuItemIngredients] AS [m0]
    INNER JOIN [Ingredients] AS [i] ON [m0].[IngredientId] = [i].[Id]
) AS [s] ON [m].[Id] = [s].[MenuItemId]
WHERE [o].[OrderId] = @__orderId_0 AND [o].[Status] <> 5 AND [o].[Status] <> 6
ORDER BY [o].[Id], [m].[Id], [s].[Id]
2026-08-23 22:02:40.424 +03:00 [INF] Executed DbCommand (33ms) [Parameters=[@p11='?' (DbType = Int32), @p0='?' (Size = 500), @p1='?' (DbType = DateTime2), @p2='?' (DbType = Int32), @p3='?' (DbType = DateTime2), @p4='?' (Precision = 18) (Scale = 2) (DbType = Decimal), @p5='?' (Precision = 18) (Scale = 2) (DbType = Decimal), @p12='?' (Size = 8) (DbType = Binary), @p6='?' (DbType = Int32), @p7='?' (DbType = Int32), @p8='?' (Precision = 18) (Scale = 2) (DbType = Decimal), @p9='?' (DbType = DateTime2), @p10='?' (DbType = Int32), @p13='?' (DbType = Int32), @p14='?' (Precision = 18) (Scale = 2) (DbType = Decimal), @p15='?' (Precision = 18) (Scale = 2) (DbType = Decimal), @p16='?' (DbType = Int32), @p17='?' (DbType = DateTime2), @p18='?' (DbType = Int32), @p19='?' (Size = 4000), @p20='?' (Precision = 18) (Scale = 2) (DbType = Decimal), @p25='?' (DbType = Int32), @p21='?' (DbType = Int32), @p26='?' (Size = 8) (DbType = Binary), @p22='?' (DbType = Int32), @p23='?' (DbType = Int32), @p24='?' (DbType = Int32)], CommandType='"Text"', CommandTimeout='30']
SET NOCOUNT ON;
UPDATE [Orders] SET [CancellationReason] = @p0, [CancelledAt] = @p1, [CancelledBy] = @p2, [CreatedAt] = @p3, [DiscountAmount] = @p4, [FinalAmount] = @p5, [Status] = @p6, [TableId] = @p7, [TotalAmount] = @p8, [UpdatedAt] = @p9, [WaiterId] = @p10
OUTPUT INSERTED.[RowVersion]
WHERE [Id] = @p11 AND [RowVersion] = @p12;
INSERT INTO [Payments] ([CashierId], [DiscountAmount], [FinalAmount], [OrderId], [PaidAt], [PaymentMethod], [ReceiptNumber], [TotalAmount])
OUTPUT INSERTED.[Id]
VALUES (@p13, @p14, @p15, @p16, @p17, @p18, @p19, @p20);
UPDATE [RestaurantTables] SET [Capacity] = @p21, [Status] = @p22, [TableNumber] = @p23, [WaiterId] = @p24
OUTPUT INSERTED.[RowVersion]
WHERE [Id] = @p25 AND [RowVersion] = @p26;
2026-08-23 22:02:40.446 +03:00 [INF] Executed DbCommand (8ms) [Parameters=[@p0='?' (Precision = 18) (Scale = 2) (DbType = Decimal), @p1='?' (DbType = DateTime2), @p2='?' (Size = 500), @p3='?' (DbType = DateTime2), @p4='?' (Size = 20), @p5='?' (DbType = DateTime2), @p6='?' (DbType = Int32), @p7='?' (DbType = Int32), @p8='?' (Size = 4000), @p9='?' (DbType = Int32), @p10='?' (DbType = Int32)], CommandType='"Text"', CommandTimeout='30']
SET NOCOUNT ON;
INSERT INTO [FinancialRecords] ([Amount], [CreatedAt], [Description], [RecordDate], [Type])
OUTPUT INSERTED.[Id]
VALUES (@p0, @p1, @p2, @p3, @p4);
INSERT INTO [OrderStatusHistory] ([ChangedAt], [ChangedBy], [NewStatus], [Notes], [OldStatus], [OrderId])
OUTPUT INSERTED.[Id]
VALUES (@p5, @p6, @p7, @p8, @p9, @p10);
2026-08-23 22:02:40.453 +03:00 [INF] Executing CreatedAtActionResult, writing value of type 'Application.DTOs.Payments.PaymentDto'.
2026-08-23 22:02:40.456 +03:00 [INF] Executed action Presentation.Controllers.PaymentsController.ProcessPayment (Presentation) in 155.5398ms
2026-08-23 22:02:40.457 +03:00 [INF] Executed endpoint 'Presentation.Controllers.PaymentsController.ProcessPayment (Presentation)'
2026-08-23 22:02:40.458 +03:00 [INF] Request finished HTTP/1.1 POST http://localhost:5279/api/Payments - 201 null application/json; charset=utf-8 162.0136ms
2026-08-23 22:02:40.457 +03:00 [INF] Request starting HTTP/1.1 GET http://localhost:5279/api/Orders - null null
2026-08-23 22:02:40.458 +03:00 [INF] Request starting HTTP/1.1 GET http://localhost:5279/api/Discounts/active - null null
2026-08-23 22:02:40.457 +03:00 [INF] Request starting HTTP/1.1 GET http://localhost:5279/api/Payments - null null
2026-08-23 22:02:40.459 +03:00 [INF] Request starting HTTP/1.1 GET http://localhost:5279/api/Payments - null null
2026-08-23 22:02:40.462 +03:00 [INF] Request starting HTTP/1.1 GET http://localhost:5279/api/Payments/orders/103/invoice - null null
2026-08-23 22:02:40.462 +03:00 [INF] Executing endpoint 'Presentation.Controllers.OrdersController.GetAllOrders (Presentation)'
2026-08-23 22:02:40.466 +03:00 [INF] Executing endpoint 'Presentation.Controllers.PaymentsController.GetInvoice (Presentation)'
2026-08-23 22:02:40.463 +03:00 [INF] Executing endpoint 'Presentation.Controllers.DiscountsController.GetActiveDiscounts (Presentation)'
2026-08-23 22:02:40.464 +03:00 [INF] Executing endpoint 'Presentation.Controllers.PaymentsController.GetAllPayments (Presentation)'
2026-08-23 22:02:40.465 +03:00 [INF] Executing endpoint 'Presentation.Controllers.PaymentsController.GetAllPayments (Presentation)'
2026-08-23 22:02:40.466 +03:00 [INF] Route matched with {action = "GetAllOrders", controller = "Orders"}. Executing controller action with signature System.Threading.Tasks.Task`1[Microsoft.AspNetCore.Mvc.IActionResult] GetAllOrders(System.Nullable`1[Domain.Enums.OrderStatus]) on controller Presentation.Controllers.OrdersController (Presentation).
2026-08-23 22:02:40.467 +03:00 [INF] Route matched with {action = "GetActiveDiscounts", controller = "Discounts"}. Executing controller action with signature System.Threading.Tasks.Task`1[Microsoft.AspNetCore.Mvc.IActionResult] GetActiveDiscounts() on controller Presentation.Controllers.DiscountsController (Presentation).
2026-08-23 22:02:40.467 +03:00 [INF] Route matched with {action = "GetAllPayments", controller = "Payments"}. Executing controller action with signature System.Threading.Tasks.Task`1[Microsoft.AspNetCore.Mvc.IActionResult] GetAllPayments(Application.DTOs.Payments.PaymentFilterDto) on controller Presentation.Controllers.PaymentsController (Presentation).
2026-08-23 22:02:40.467 +03:00 [INF] Route matched with {action = "GetAllPayments", controller = "Payments"}. Executing controller action with signature System.Threading.Tasks.Task`1[Microsoft.AspNetCore.Mvc.IActionResult] GetAllPayments(Application.DTOs.Payments.PaymentFilterDto) on controller Presentation.Controllers.PaymentsController (Presentation).
2026-08-23 22:02:40.468 +03:00 [INF] Route matched with {action = "GetInvoice", controller = "Payments"}. Executing controller action with signature System.Threading.Tasks.Task`1[Microsoft.AspNetCore.Mvc.IActionResult] GetInvoice(Int32) on controller Presentation.Controllers.PaymentsController (Presentation).
2026-08-23 22:02:40.469 +03:00 [INF] Executed DbCommand (1ms) [Parameters=[], CommandType='"Text"', CommandTimeout='30']
SELECT [o].[Id], [o].[CancellationReason], [o].[CancelledAt], [o].[CancelledBy], [o].[CreatedAt], [o].[DiscountAmount], [o].[FinalAmount], [o].[RowVersion], [o].[Status], [o].[TableId], [o].[TotalAmount], [o].[UpdatedAt], [o].[WaiterId], [r].[Id], [r].[Capacity], [r].[RowVersion], [r].[Status], [r].[TableNumber], [r].[WaiterId], [e].[Id], [e].[CreatedAt], [e].[Email], [e].[FullName], [e].[IsActive], [e].[PasswordHash], [e].[Phone], [e].[Role], [o0].[Id], [o0].[CancellationReason], [o0].[CancelledAt], [o0].[CancelledBy], [o0].[MenuItemId], [o0].[Notes], [o0].[OrderId], [o0].[Quantity], [o0].[Status], [o0].[UnitPrice]
FROM [Orders] AS [o]
INNER JOIN [RestaurantTables] AS [r] ON [o].[TableId] = [r].[Id]
INNER JOIN [Employees] AS [e] ON [o].[WaiterId] = [e].[Id]
LEFT JOIN [OrderItems] AS [o0] ON [o].[Id] = [o0].[OrderId]
ORDER BY [o].[Id], [r].[Id], [e].[Id]
2026-08-23 22:02:40.469 +03:00 [INF] Executed DbCommand (0ms) [Parameters=[@__now_0='?' (DbType = DateTime2)], CommandType='"Text"', CommandTimeout='30']
SELECT [d].[Id], [d].[AppliedAt], [d].[ApprovedBy], [d].[CreatedAt], [d].[CreatedById], [d].[DiscountAmount], [d].[DiscountPercent], [d].[IsActive], [d].[IsApproved], [d].[Name], [d].[OrderId], [d].[Reason], [d].[Type], [d].[UpdatedAt], [d].[ValidFrom], [d].[ValidTo], [d].[Value], [e].[Id], [e].[CreatedAt], [e].[Email], [e].[FullName], [e].[IsActive], [e].[PasswordHash], [e].[Phone], [e].[Role]
FROM [Discounts] AS [d]
LEFT JOIN [Employees] AS [e] ON [d].[CreatedById] = [e].[Id]
WHERE [d].[OrderId] IS NULL AND [d].[IsActive] = CAST(1 AS bit) AND [d].[IsApproved] = CAST(1 AS bit) AND ([d].[ValidFrom] IS NULL OR [d].[ValidFrom] <= @__now_0) AND ([d].[ValidTo] IS NULL OR [d].[ValidTo] >= @__now_0)
ORDER BY [d].[CreatedAt] DESC
2026-08-23 22:02:40.471 +03:00 [INF] Executed DbCommand (0ms) [Parameters=[], CommandType='"Text"', CommandTimeout='30']
SELECT [p].[Id], [p].[CashierId], [p].[DiscountAmount], [p].[FinalAmount], [p].[OrderId], [p].[PaidAt], [p].[PaymentMethod], [p].[ReceiptNumber], [p].[TotalAmount], [o].[Id], [o].[CancellationReason], [o].[CancelledAt], [o].[CancelledBy], [o].[CreatedAt], [o].[DiscountAmount], [o].[FinalAmount], [o].[RowVersion], [o].[Status], [o].[TableId], [o].[TotalAmount], [o].[UpdatedAt], [o].[WaiterId], [e].[Id], [e].[CreatedAt], [e].[Email], [e].[FullName], [e].[IsActive], [e].[PasswordHash], [e].[Phone], [e].[Role]
FROM [Payments] AS [p]
INNER JOIN [Orders] AS [o] ON [p].[OrderId] = [o].[Id]
INNER JOIN [Employees] AS [e] ON [p].[CashierId] = [e].[Id]
2026-08-23 22:02:40.474 +03:00 [INF] Executing OkObjectResult, writing value of type 'System.Linq.Enumerable+ListSelectIterator`2[[Domain.Models.Order, Domain, Version=1.0.0.0, Culture=neutral, PublicKeyToken=null],[Application.DTOs.Orders.OrderSummaryDto, Application, Version=1.0.0.0, Culture=neutral, PublicKeyToken=null]]'.
2026-08-23 22:02:40.475 +03:00 [INF] Executing OkObjectResult, writing value of type 'System.Linq.Enumerable+ListSelectIterator`2[[Domain.Models.Discount, Domain, Version=1.0.0.0, Culture=neutral, PublicKeyToken=null],[Application.DTOs.Discounts.DiscountResponseDto, Application, Version=1.0.0.0, Culture=neutral, PublicKeyToken=null]]'.
2026-08-23 22:02:40.476 +03:00 [INF] Executing OkObjectResult, writing value of type 'System.Collections.Generic.List`1[[Application.DTOs.Payments.PaymentSummaryDto, Application, Version=1.0.0.0, Culture=neutral, PublicKeyToken=null]]'.
2026-08-23 22:02:40.476 +03:00 [INF] Executed action Presentation.Controllers.OrdersController.GetAllOrders (Presentation) in 8.5291ms
2026-08-23 22:02:40.477 +03:00 [INF] Executed action Presentation.Controllers.DiscountsController.GetActiveDiscounts (Presentation) in 8.4484ms
2026-08-23 22:02:40.478 +03:00 [INF] Executed action Presentation.Controllers.PaymentsController.GetAllPayments (Presentation) in 7.8478ms
2026-08-23 22:02:40.478 +03:00 [INF] Request starting HTTP/1.1 GET http://localhost:5279/api/Orders - null null
2026-08-23 22:02:40.478 +03:00 [WRN] Compiling a query which loads related collections for more than one collection navigation, either via 'Include' or through projection, but no 'QuerySplittingBehavior' has been configured. By default, Entity Framework will use 'QuerySplittingBehavior.SingleQuery', which can potentially result in slow query performance. See https://go.microsoft.com/fwlink/?linkid=2134277 for more information. To identify the query that's triggering this warning call 'ConfigureWarnings(w => w.Throw(RelationalEventId.MultipleCollectionIncludeWarning))'.
2026-08-23 22:02:40.479 +03:00 [INF] Executed endpoint 'Presentation.Controllers.OrdersController.GetAllOrders (Presentation)'
2026-08-23 22:02:40.479 +03:00 [INF] Executed endpoint 'Presentation.Controllers.DiscountsController.GetActiveDiscounts (Presentation)'
2026-08-23 22:02:40.480 +03:00 [INF] Executed endpoint 'Presentation.Controllers.PaymentsController.GetAllPayments (Presentation)'
2026-08-23 22:02:40.481 +03:00 [INF] Executed DbCommand (1ms) [Parameters=[], CommandType='"Text"', CommandTimeout='30']
SELECT [p].[Id], [p].[CashierId], [p].[DiscountAmount], [p].[FinalAmount], [p].[OrderId], [p].[PaidAt], [p].[PaymentMethod], [p].[ReceiptNumber], [p].[TotalAmount], [o].[Id], [o].[CancellationReason], [o].[CancelledAt], [o].[CancelledBy], [o].[CreatedAt], [o].[DiscountAmount], [o].[FinalAmount], [o].[RowVersion], [o].[Status], [o].[TableId], [o].[TotalAmount], [o].[UpdatedAt], [o].[WaiterId], [e].[Id], [e].[CreatedAt], [e].[Email], [e].[FullName], [e].[IsActive], [e].[PasswordHash], [e].[Phone], [e].[Role]
FROM [Payments] AS [p]
INNER JOIN [Orders] AS [o] ON [p].[OrderId] = [o].[Id]
INNER JOIN [Employees] AS [e] ON [p].[CashierId] = [e].[Id]
2026-08-23 22:02:40.483 +03:00 [INF] Executing endpoint 'Presentation.Controllers.OrdersController.GetAllOrders (Presentation)'
2026-08-23 22:02:40.484 +03:00 [INF] Request finished HTTP/1.1 GET http://localhost:5279/api/Orders - 200 null application/json; charset=utf-8 26.3712ms
2026-08-23 22:02:40.484 +03:00 [INF] Request finished HTTP/1.1 GET http://localhost:5279/api/Discounts/active - 200 null application/json; charset=utf-8 26.4987ms
2026-08-23 22:02:40.485 +03:00 [INF] Request finished HTTP/1.1 GET http://localhost:5279/api/Payments - 200 null application/json; charset=utf-8 27.6942ms
2026-08-23 22:02:40.486 +03:00 [INF] Request starting HTTP/1.1 GET http://localhost:5279/api/Discounts/active - null null
2026-08-23 22:02:40.486 +03:00 [INF] Executing OkObjectResult, writing value of type 'System.Collections.Generic.List`1[[Application.DTOs.Payments.PaymentSummaryDto, Application, Version=1.0.0.0, Culture=neutral, PublicKeyToken=null]]'.
2026-08-23 22:02:40.487 +03:00 [INF] Route matched with {action = "GetAllOrders", controller = "Orders"}. Executing controller action with signature System.Threading.Tasks.Task`1[Microsoft.AspNetCore.Mvc.IActionResult] GetAllOrders(System.Nullable`1[Domain.Enums.OrderStatus]) on controller Presentation.Controllers.OrdersController (Presentation).
2026-08-23 22:02:40.495 +03:00 [INF] Executing endpoint 'Presentation.Controllers.DiscountsController.GetActiveDiscounts (Presentation)'
2026-08-23 22:02:40.496 +03:00 [INF] Executed action Presentation.Controllers.PaymentsController.GetAllPayments (Presentation) in 24.1219ms
2026-08-23 22:02:40.497 +03:00 [INF] Route matched with {action = "GetActiveDiscounts", controller = "Discounts"}. Executing controller action with signature System.Threading.Tasks.Task`1[Microsoft.AspNetCore.Mvc.IActionResult] GetActiveDiscounts() on controller Presentation.Controllers.DiscountsController (Presentation).
2026-08-23 22:02:40.497 +03:00 [INF] Executed DbCommand (1ms) [Parameters=[], CommandType='"Text"', CommandTimeout='30']
SELECT [o].[Id], [o].[CancellationReason], [o].[CancelledAt], [o].[CancelledBy], [o].[CreatedAt], [o].[DiscountAmount], [o].[FinalAmount], [o].[RowVersion], [o].[Status], [o].[TableId], [o].[TotalAmount], [o].[UpdatedAt], [o].[WaiterId], [r].[Id], [r].[Capacity], [r].[RowVersion], [r].[Status], [r].[TableNumber], [r].[WaiterId], [e].[Id], [e].[CreatedAt], [e].[Email], [e].[FullName], [e].[IsActive], [e].[PasswordHash], [e].[Phone], [e].[Role], [o0].[Id], [o0].[CancellationReason], [o0].[CancelledAt], [o0].[CancelledBy], [o0].[MenuItemId], [o0].[Notes], [o0].[OrderId], [o0].[Quantity], [o0].[Status], [o0].[UnitPrice]
FROM [Orders] AS [o]
INNER JOIN [RestaurantTables] AS [r] ON [o].[TableId] = [r].[Id]
INNER JOIN [Employees] AS [e] ON [o].[WaiterId] = [e].[Id]
LEFT JOIN [OrderItems] AS [o0] ON [o].[Id] = [o0].[OrderId]
ORDER BY [o].[Id], [r].[Id], [e].[Id]
2026-08-23 22:02:40.498 +03:00 [INF] Executed endpoint 'Presentation.Controllers.PaymentsController.GetAllPayments (Presentation)'
2026-08-23 22:02:40.498 +03:00 [INF] Request starting HTTP/1.1 GET http://localhost:5279/api/Payments - null null
2026-08-23 22:02:40.500 +03:00 [INF] Executing OkObjectResult, writing value of type 'System.Linq.Enumerable+ListSelectIterator`2[[Domain.Models.Order, Domain, Version=1.0.0.0, Culture=neutral, PublicKeyToken=null],[Application.DTOs.Orders.OrderSummaryDto, Application, Version=1.0.0.0, Culture=neutral, PublicKeyToken=null]]'.
2026-08-23 22:02:40.501 +03:00 [INF] Request finished HTTP/1.1 GET http://localhost:5279/api/Payments - 200 null application/json; charset=utf-8 41.1592ms
2026-08-23 22:02:40.502 +03:00 [INF] Executing endpoint 'Presentation.Controllers.PaymentsController.GetAllPayments (Presentation)'
2026-08-23 22:02:40.503 +03:00 [INF] Executed action Presentation.Controllers.OrdersController.GetAllOrders (Presentation) in 6.4429ms
2026-08-23 22:02:40.501 +03:00 [INF] Executed DbCommand (2ms) [Parameters=[@__now_0='?' (DbType = DateTime2)], CommandType='"Text"', CommandTimeout='30']
SELECT [d].[Id], [d].[AppliedAt], [d].[ApprovedBy], [d].[CreatedAt], [d].[CreatedById], [d].[DiscountAmount], [d].[DiscountPercent], [d].[IsActive], [d].[IsApproved], [d].[Name], [d].[OrderId], [d].[Reason], [d].[Type], [d].[UpdatedAt], [d].[ValidFrom], [d].[ValidTo], [d].[Value], [e].[Id], [e].[CreatedAt], [e].[Email], [e].[FullName], [e].[IsActive], [e].[PasswordHash], [e].[Phone], [e].[Role]
FROM [Discounts] AS [d]
LEFT JOIN [Employees] AS [e] ON [d].[CreatedById] = [e].[Id]
WHERE [d].[OrderId] IS NULL AND [d].[IsActive] = CAST(1 AS bit) AND [d].[IsApproved] = CAST(1 AS bit) AND ([d].[ValidFrom] IS NULL OR [d].[ValidFrom] <= @__now_0) AND ([d].[ValidTo] IS NULL OR [d].[ValidTo] >= @__now_0)
ORDER BY [d].[CreatedAt] DESC
2026-08-23 22:02:40.504 +03:00 [INF] Request starting HTTP/1.1 GET http://localhost:5279/api/Orders - null null
2026-08-23 22:02:40.505 +03:00 [INF] Route matched with {action = "GetAllPayments", controller = "Payments"}. Executing controller action with signature System.Threading.Tasks.Task`1[Microsoft.AspNetCore.Mvc.IActionResult] GetAllPayments(Application.DTOs.Payments.PaymentFilterDto) on controller Presentation.Controllers.PaymentsController (Presentation).
2026-08-23 22:02:40.506 +03:00 [INF] Executed endpoint 'Presentation.Controllers.OrdersController.GetAllOrders (Presentation)'
2026-08-23 22:02:40.507 +03:00 [INF] Executing OkObjectResult, writing value of type 'System.Linq.Enumerable+ListSelectIterator`2[[Domain.Models.Discount, Domain, Version=1.0.0.0, Culture=neutral, PublicKeyToken=null],[Application.DTOs.Discounts.DiscountResponseDto, Application, Version=1.0.0.0, Culture=neutral, PublicKeyToken=null]]'.
2026-08-23 22:02:40.507 +03:00 [INF] Executing endpoint 'Presentation.Controllers.OrdersController.GetAllOrders (Presentation)'
2026-08-23 22:02:40.509 +03:00 [INF] Request finished HTTP/1.1 GET http://localhost:5279/api/Orders - 200 null application/json; charset=utf-8 30.6908ms
2026-08-23 22:02:40.509 +03:00 [INF] Executed DbCommand (0ms) [Parameters=[], CommandType='"Text"', CommandTimeout='30']
SELECT [p].[Id], [p].[CashierId], [p].[DiscountAmount], [p].[FinalAmount], [p].[OrderId], [p].[PaidAt], [p].[PaymentMethod], [p].[ReceiptNumber], [p].[TotalAmount], [o].[Id], [o].[CancellationReason], [o].[CancelledAt], [o].[CancelledBy], [o].[CreatedAt], [o].[DiscountAmount], [o].[FinalAmount], [o].[RowVersion], [o].[Status], [o].[TableId], [o].[TotalAmount], [o].[UpdatedAt], [o].[WaiterId], [e].[Id], [e].[CreatedAt], [e].[Email], [e].[FullName], [e].[IsActive], [e].[PasswordHash], [e].[Phone], [e].[Role]
FROM [Payments] AS [p]
INNER JOIN [Orders] AS [o] ON [p].[OrderId] = [o].[Id]
INNER JOIN [Employees] AS [e] ON [p].[CashierId] = [e].[Id]
2026-08-23 22:02:40.510 +03:00 [INF] Executed action Presentation.Controllers.DiscountsController.GetActiveDiscounts (Presentation) in 11.3375ms
2026-08-23 22:02:40.511 +03:00 [INF] Route matched with {action = "GetAllOrders", controller = "Orders"}. Executing controller action with signature System.Threading.Tasks.Task`1[Microsoft.AspNetCore.Mvc.IActionResult] GetAllOrders(System.Nullable`1[Domain.Enums.OrderStatus]) on controller Presentation.Controllers.OrdersController (Presentation).
2026-08-23 22:02:40.511 +03:00 [INF] Request starting HTTP/1.1 GET http://localhost:5279/api/Discounts/active - null null
2026-08-23 22:02:40.514 +03:00 [INF] Executing OkObjectResult, writing value of type 'System.Collections.Generic.List`1[[Application.DTOs.Payments.PaymentSummaryDto, Application, Version=1.0.0.0, Culture=neutral, PublicKeyToken=null]]'.
2026-08-23 22:02:40.514 +03:00 [INF] Executed endpoint 'Presentation.Controllers.DiscountsController.GetActiveDiscounts (Presentation)'
2026-08-23 22:02:40.516 +03:00 [INF] Executing endpoint 'Presentation.Controllers.DiscountsController.GetActiveDiscounts (Presentation)'
2026-08-23 22:02:40.516 +03:00 [INF] Executed action Presentation.Controllers.PaymentsController.GetAllPayments (Presentation) in 8.2083ms
2026-08-23 22:02:40.517 +03:00 [INF] Request finished HTTP/1.1 GET http://localhost:5279/api/Discounts/active - 200 null application/json; charset=utf-8 31.082ms
2026-08-23 22:02:40.517 +03:00 [INF] Route matched with {action = "GetActiveDiscounts", controller = "Discounts"}. Executing controller action with signature System.Threading.Tasks.Task`1[Microsoft.AspNetCore.Mvc.IActionResult] GetActiveDiscounts() on controller Presentation.Controllers.DiscountsController (Presentation).
2026-08-23 22:02:40.517 +03:00 [INF] Executed DbCommand (2ms) [Parameters=[], CommandType='"Text"', CommandTimeout='30']
SELECT [o].[Id], [o].[CancellationReason], [o].[CancelledAt], [o].[CancelledBy], [o].[CreatedAt], [o].[DiscountAmount], [o].[FinalAmount], [o].[RowVersion], [o].[Status], [o].[TableId], [o].[TotalAmount], [o].[UpdatedAt], [o].[WaiterId], [r].[Id], [r].[Capacity], [r].[RowVersion], [r].[Status], [r].[TableNumber], [r].[WaiterId], [e].[Id], [e].[CreatedAt], [e].[Email], [e].[FullName], [e].[IsActive], [e].[PasswordHash], [e].[Phone], [e].[Role], [o0].[Id], [o0].[CancellationReason], [o0].[CancelledAt], [o0].[CancelledBy], [o0].[MenuItemId], [o0].[Notes], [o0].[OrderId], [o0].[Quantity], [o0].[Status], [o0].[UnitPrice]
FROM [Orders] AS [o]
INNER JOIN [RestaurantTables] AS [r] ON [o].[TableId] = [r].[Id]
INNER JOIN [Employees] AS [e] ON [o].[WaiterId] = [e].[Id]
LEFT JOIN [OrderItems] AS [o0] ON [o].[Id] = [o0].[OrderId]
ORDER BY [o].[Id], [r].[Id], [e].[Id]
2026-08-23 22:02:40.518 +03:00 [INF] Executed endpoint 'Presentation.Controllers.PaymentsController.GetAllPayments (Presentation)'
2026-08-23 22:02:40.518 +03:00 [INF] Request starting HTTP/1.1 GET http://localhost:5279/api/Payments - null null
2026-08-23 22:02:40.521 +03:00 [INF] Executed DbCommand (1ms) [Parameters=[@__now_0='?' (DbType = DateTime2)], CommandType='"Text"', CommandTimeout='30']
SELECT [d].[Id], [d].[AppliedAt], [d].[ApprovedBy], [d].[CreatedAt], [d].[CreatedById], [d].[DiscountAmount], [d].[DiscountPercent], [d].[IsActive], [d].[IsApproved], [d].[Name], [d].[OrderId], [d].[Reason], [d].[Type], [d].[UpdatedAt], [d].[ValidFrom], [d].[ValidTo], [d].[Value], [e].[Id], [e].[CreatedAt], [e].[Email], [e].[FullName], [e].[IsActive], [e].[PasswordHash], [e].[Phone], [e].[Role]
FROM [Discounts] AS [d]
LEFT JOIN [Employees] AS [e] ON [d].[CreatedById] = [e].[Id]
WHERE [d].[OrderId] IS NULL AND [d].[IsActive] = CAST(1 AS bit) AND [d].[IsApproved] = CAST(1 AS bit) AND ([d].[ValidFrom] IS NULL OR [d].[ValidFrom] <= @__now_0) AND ([d].[ValidTo] IS NULL OR [d].[ValidTo] >= @__now_0)
ORDER BY [d].[CreatedAt] DESC
2026-08-23 22:02:40.521 +03:00 [INF] Executing OkObjectResult, writing value of type 'System.Linq.Enumerable+ListSelectIterator`2[[Domain.Models.Order, Domain, Version=1.0.0.0, Culture=neutral, PublicKeyToken=null],[Application.DTOs.Orders.OrderSummaryDto, Application, Version=1.0.0.0, Culture=neutral, PublicKeyToken=null]]'.
2026-08-23 22:02:40.521 +03:00 [INF] Request finished HTTP/1.1 GET http://localhost:5279/api/Payments - 200 null application/json; charset=utf-8 23.0077ms
2026-08-23 22:02:40.522 +03:00 [INF] Executed DbCommand (26ms) [Parameters=[@__orderId_0='?' (DbType = Int32)], CommandType='"Text"', CommandTimeout='30']
SELECT [s].[Id], [s].[CancellationReason], [s].[CancelledAt], [s].[CancelledBy], [s].[CreatedAt], [s].[DiscountAmount], [s].[FinalAmount], [s].[RowVersion], [s].[Status], [s].[TableId], [s].[TotalAmount], [s].[UpdatedAt], [s].[WaiterId], [s].[Id0], [s].[Capacity], [s].[RowVersion0], [s].[Status0], [s].[TableNumber], [s].[WaiterId0], [s].[Id1], [s].[CreatedAt0], [s].[Email], [s].[FullName], [s].[IsActive], [s].[PasswordHash], [s].[Phone], [s].[Role], [s0].[Id], [s0].[CancellationReason], [s0].[CancelledAt], [s0].[CancelledBy], [s0].[MenuItemId], [s0].[Notes], [s0].[OrderId], [s0].[Quantity], [s0].[Status], [s0].[UnitPrice], [s0].[Id0], [s0].[CategoryId], [s0].[CreatedAt], [s0].[IsAvailable], [s0].[IsSeasonalItem], [s0].[Name], [s0].[Price], [p].[Id], [p].[CashierId], [p].[DiscountAmount], [p].[FinalAmount], [p].[OrderId], [p].[PaidAt], [p].[PaymentMethod], [p].[ReceiptNumber], [p].[TotalAmount]
FROM (
    SELECT TOP(1) [o].[Id], [o].[CancellationReason], [o].[CancelledAt], [o].[CancelledBy], [o].[CreatedAt], [o].[DiscountAmount], [o].[FinalAmount], [o].[RowVersion], [o].[Status], [o].[TableId], [o].[TotalAmount], [o].[UpdatedAt], [o].[WaiterId], [r].[Id] AS [Id0], [r].[Capacity], [r].[RowVersion] AS [RowVersion0], [r].[Status] AS [Status0], [r].[TableNumber], [r].[WaiterId] AS [WaiterId0], [e].[Id] AS [Id1], [e].[CreatedAt] AS [CreatedAt0], [e].[Email], [e].[FullName], [e].[IsActive], [e].[PasswordHash], [e].[Phone], [e].[Role]
    FROM [Orders] AS [o]
    INNER JOIN [RestaurantTables] AS [r] ON [o].[TableId] = [r].[Id]
    INNER JOIN [Employees] AS [e] ON [o].[WaiterId] = [e].[Id]
    WHERE [o].[Id] = @__orderId_0
) AS [s]
LEFT JOIN (
    SELECT [o0].[Id], [o0].[CancellationReason], [o0].[CancelledAt], [o0].[CancelledBy], [o0].[MenuItemId], [o0].[Notes], [o0].[OrderId], [o0].[Quantity], [o0].[Status], [o0].[UnitPrice], [m].[Id] AS [Id0], [m].[CategoryId], [m].[CreatedAt], [m].[IsAvailable], [m].[IsSeasonalItem], [m].[Name], [m].[Price]
    FROM [OrderItems] AS [o0]
    INNER JOIN [MenuItems] AS [m] ON [o0].[MenuItemId] = [m].[Id]
) AS [s0] ON [s].[Id] = [s0].[OrderId]
LEFT JOIN [Payments] AS [p] ON [s].[Id] = [p].[OrderId]
ORDER BY [s].[Id], [s].[Id0], [s].[Id1], [s0].[Id], [s0].[Id0]
2026-08-23 22:02:40.522 +03:00 [INF] Executing endpoint 'Presentation.Controllers.PaymentsController.GetAllPayments (Presentation)'
2026-08-23 22:02:40.523 +03:00 [INF] Executing OkObjectResult, writing value of type 'System.Linq.Enumerable+ListSelectIterator`2[[Domain.Models.Discount, Domain, Version=1.0.0.0, Culture=neutral, PublicKeyToken=null],[Application.DTOs.Discounts.DiscountResponseDto, Application, Version=1.0.0.0, Culture=neutral, PublicKeyToken=null]]'.
2026-08-23 22:02:40.523 +03:00 [INF] Executed action Presentation.Controllers.OrdersController.GetAllOrders (Presentation) in 7.8675ms
2026-08-23 22:02:40.524 +03:00 [INF] Request starting HTTP/1.1 GET http://localhost:5279/api/Orders - null null
2026-08-23 22:02:40.526 +03:00 [INF] Route matched with {action = "GetAllPayments", controller = "Payments"}. Executing controller action with signature System.Threading.Tasks.Task`1[Microsoft.AspNetCore.Mvc.IActionResult] GetAllPayments(Application.DTOs.Payments.PaymentFilterDto) on controller Presentation.Controllers.PaymentsController (Presentation).
2026-08-23 22:02:40.526 +03:00 [INF] Executed action Presentation.Controllers.DiscountsController.GetActiveDiscounts (Presentation) in 6.497ms
2026-08-23 22:02:40.526 +03:00 [INF] Executed endpoint 'Presentation.Controllers.OrdersController.GetAllOrders (Presentation)'
2026-08-23 22:02:40.527 +03:00 [INF] Request starting HTTP/1.1 GET http://localhost:5279/api/Discounts/active - null null
2026-08-23 22:02:40.527 +03:00 [INF] Executing endpoint 'Presentation.Controllers.OrdersController.GetAllOrders (Presentation)'
2026-08-23 22:02:40.528 +03:00 [INF] Executed endpoint 'Presentation.Controllers.DiscountsController.GetActiveDiscounts (Presentation)'
2026-08-23 22:02:40.529 +03:00 [INF] Request finished HTTP/1.1 GET http://localhost:5279/api/Orders - 200 null application/json; charset=utf-8 24.6063ms
2026-08-23 22:02:40.530 +03:00 [INF] Executed DbCommand (1ms) [Parameters=[], CommandType='"Text"', CommandTimeout='30']
SELECT [p].[Id], [p].[CashierId], [p].[DiscountAmount], [p].[FinalAmount], [p].[OrderId], [p].[PaidAt], [p].[PaymentMethod], [p].[ReceiptNumber], [p].[TotalAmount], [o].[Id], [o].[CancellationReason], [o].[CancelledAt], [o].[CancelledBy], [o].[CreatedAt], [o].[DiscountAmount], [o].[FinalAmount], [o].[RowVersion], [o].[Status], [o].[TableId], [o].[TotalAmount], [o].[UpdatedAt], [o].[WaiterId], [e].[Id], [e].[CreatedAt], [e].[Email], [e].[FullName], [e].[IsActive], [e].[PasswordHash], [e].[Phone], [e].[Role]
FROM [Payments] AS [p]
INNER JOIN [Orders] AS [o] ON [p].[OrderId] = [o].[Id]
INNER JOIN [Employees] AS [e] ON [p].[CashierId] = [e].[Id]
2026-08-23 22:02:40.530 +03:00 [INF] Executing endpoint 'Presentation.Controllers.DiscountsController.GetActiveDiscounts (Presentation)'
2026-08-23 22:02:40.530 +03:00 [INF] Route matched with {action = "GetAllOrders", controller = "Orders"}. Executing controller action with signature System.Threading.Tasks.Task`1[Microsoft.AspNetCore.Mvc.IActionResult] GetAllOrders(System.Nullable`1[Domain.Enums.OrderStatus]) on controller Presentation.Controllers.OrdersController (Presentation).
2026-08-23 22:02:40.531 +03:00 [INF] Request finished HTTP/1.1 GET http://localhost:5279/api/Discounts/active - 200 null application/json; charset=utf-8 19.1721ms
2026-08-23 22:02:40.533 +03:00 [INF] Executing OkObjectResult, writing value of type 'System.Collections.Generic.List`1[[Application.DTOs.Payments.PaymentSummaryDto, Application, Version=1.0.0.0, Culture=neutral, PublicKeyToken=null]]'.
2026-08-23 22:02:40.533 +03:00 [INF] Route matched with {action = "GetActiveDiscounts", controller = "Discounts"}. Executing controller action with signature System.Threading.Tasks.Task`1[Microsoft.AspNetCore.Mvc.IActionResult] GetActiveDiscounts() on controller Presentation.Controllers.DiscountsController (Presentation).
2026-08-23 22:02:40.535 +03:00 [INF] Executed action Presentation.Controllers.PaymentsController.GetAllPayments (Presentation) in 7.0009ms
2026-08-23 22:02:40.536 +03:00 [INF] Executed DbCommand (2ms) [Parameters=[], CommandType='"Text"', CommandTimeout='30']
SELECT [o].[Id], [o].[CancellationReason], [o].[CancelledAt], [o].[CancelledBy], [o].[CreatedAt], [o].[DiscountAmount], [o].[FinalAmount], [o].[RowVersion], [o].[Status], [o].[TableId], [o].[TotalAmount], [o].[UpdatedAt], [o].[WaiterId], [r].[Id], [r].[Capacity], [r].[RowVersion], [r].[Status], [r].[TableNumber], [r].[WaiterId], [e].[Id], [e].[CreatedAt], [e].[Email], [e].[FullName], [e].[IsActive], [e].[PasswordHash], [e].[Phone], [e].[Role], [o0].[Id], [o0].[CancellationReason], [o0].[CancelledAt], [o0].[CancelledBy], [o0].[MenuItemId], [o0].[Notes], [o0].[OrderId], [o0].[Quantity], [o0].[Status], [o0].[UnitPrice]
FROM [Orders] AS [o]
INNER JOIN [RestaurantTables] AS [r] ON [o].[TableId] = [r].[Id]
INNER JOIN [Employees] AS [e] ON [o].[WaiterId] = [e].[Id]
LEFT JOIN [OrderItems] AS [o0] ON [o].[Id] = [o0].[OrderId]
ORDER BY [o].[Id], [r].[Id], [e].[Id]
2026-08-23 22:02:40.536 +03:00 [INF] Executed endpoint 'Presentation.Controllers.PaymentsController.GetAllPayments (Presentation)'
2026-08-23 22:02:40.536 +03:00 [INF] Executed DbCommand (0ms) [Parameters=[@__now_0='?' (DbType = DateTime2)], CommandType='"Text"', CommandTimeout='30']
SELECT [d].[Id], [d].[AppliedAt], [d].[ApprovedBy], [d].[CreatedAt], [d].[CreatedById], [d].[DiscountAmount], [d].[DiscountPercent], [d].[IsActive], [d].[IsApproved], [d].[Name], [d].[OrderId], [d].[Reason], [d].[Type], [d].[UpdatedAt], [d].[ValidFrom], [d].[ValidTo], [d].[Value], [e].[Id], [e].[CreatedAt], [e].[Email], [e].[FullName], [e].[IsActive], [e].[PasswordHash], [e].[Phone], [e].[Role]
FROM [Discounts] AS [d]
LEFT JOIN [Employees] AS [e] ON [d].[CreatedById] = [e].[Id]
WHERE [d].[OrderId] IS NULL AND [d].[IsActive] = CAST(1 AS bit) AND [d].[IsApproved] = CAST(1 AS bit) AND ([d].[ValidFrom] IS NULL OR [d].[ValidFrom] <= @__now_0) AND ([d].[ValidTo] IS NULL OR [d].[ValidTo] >= @__now_0)
ORDER BY [d].[CreatedAt] DESC
2026-08-23 22:02:40.538 +03:00 [INF] Executing OkObjectResult, writing value of type 'System.Linq.Enumerable+ListSelectIterator`2[[Domain.Models.Order, Domain, Version=1.0.0.0, Culture=neutral, PublicKeyToken=null],[Application.DTOs.Orders.OrderSummaryDto, Application, Version=1.0.0.0, Culture=neutral, PublicKeyToken=null]]'.
2026-08-23 22:02:40.538 +03:00 [INF] Request finished HTTP/1.1 GET http://localhost:5279/api/Payments - 200 null application/json; charset=utf-8 20.0023ms
2026-08-23 22:02:40.539 +03:00 [INF] Executing OkObjectResult, writing value of type 'System.Linq.Enumerable+ListSelectIterator`2[[Domain.Models.Discount, Domain, Version=1.0.0.0, Culture=neutral, PublicKeyToken=null],[Application.DTOs.Discounts.DiscountResponseDto, Application, Version=1.0.0.0, Culture=neutral, PublicKeyToken=null]]'.
2026-08-23 22:02:40.540 +03:00 [INF] Executed action Presentation.Controllers.OrdersController.GetAllOrders (Presentation) in 6.0953ms
2026-08-23 22:02:40.541 +03:00 [INF] Request starting HTTP/1.1 GET http://localhost:5279/api/Orders - null null
2026-08-23 22:02:40.541 +03:00 [INF] Executed action Presentation.Controllers.DiscountsController.GetActiveDiscounts (Presentation) in 5.6047ms
2026-08-23 22:02:40.542 +03:00 [INF] Executed endpoint 'Presentation.Controllers.OrdersController.GetAllOrders (Presentation)'
2026-08-23 22:02:40.543 +03:00 [INF] Executing endpoint 'Presentation.Controllers.OrdersController.GetAllOrders (Presentation)'
2026-08-23 22:02:40.543 +03:00 [INF] Executed endpoint 'Presentation.Controllers.DiscountsController.GetActiveDiscounts (Presentation)'
2026-08-23 22:02:40.543 +03:00 [INF] Request finished HTTP/1.1 GET http://localhost:5279/api/Orders - 200 null application/json; charset=utf-8 19.0588ms
2026-08-23 22:02:40.544 +03:00 [INF] Route matched with {action = "GetAllOrders", controller = "Orders"}. Executing controller action with signature System.Threading.Tasks.Task`1[Microsoft.AspNetCore.Mvc.IActionResult] GetAllOrders(System.Nullable`1[Domain.Enums.OrderStatus]) on controller Presentation.Controllers.OrdersController (Presentation).
2026-08-23 22:02:40.544 +03:00 [INF] Request finished HTTP/1.1 GET http://localhost:5279/api/Discounts/active - 200 null application/json; charset=utf-8 17.0245ms
2026-08-23 22:02:40.546 +03:00 [INF] Executed DbCommand (13ms) [Parameters=[@__orderId_0='?' (DbType = Int32)], CommandType='"Text"', CommandTimeout='30']
SELECT TOP(1) [p].[Id], [p].[CashierId], [p].[DiscountAmount], [p].[FinalAmount], [p].[OrderId], [p].[PaidAt], [p].[PaymentMethod], [p].[ReceiptNumber], [p].[TotalAmount], [e].[Id], [e].[CreatedAt], [e].[Email], [e].[FullName], [e].[IsActive], [e].[PasswordHash], [e].[Phone], [e].[Role]
FROM [Payments] AS [p]
INNER JOIN [Employees] AS [e] ON [p].[CashierId] = [e].[Id]
WHERE [p].[OrderId] = @__orderId_0
ORDER BY [p].[PaidAt] DESC
2026-08-23 22:02:40.547 +03:00 [INF] Request starting HTTP/1.1 GET http://localhost:5279/api/Payments - null null
2026-08-23 22:02:40.547 +03:00 [INF] Request starting HTTP/1.1 GET http://localhost:5279/api/Discounts/active - null null
2026-08-23 22:02:40.550 +03:00 [INF] Executing OkObjectResult, writing value of type 'Application.DTOs.Payments.InvoiceDto'.
2026-08-23 22:02:40.550 +03:00 [INF] Executing endpoint 'Presentation.Controllers.PaymentsController.GetAllPayments (Presentation)'
2026-08-23 22:02:40.551 +03:00 [INF] Executing endpoint 'Presentation.Controllers.DiscountsController.GetActiveDiscounts (Presentation)'
2026-08-23 22:02:40.552 +03:00 [INF] Route matched with {action = "GetAllPayments", controller = "Payments"}. Executing controller action with signature System.Threading.Tasks.Task`1[Microsoft.AspNetCore.Mvc.IActionResult] GetAllPayments(Application.DTOs.Payments.PaymentFilterDto) on controller Presentation.Controllers.PaymentsController (Presentation).
2026-08-23 22:02:40.552 +03:00 [INF] Route matched with {action = "GetActiveDiscounts", controller = "Discounts"}. Executing controller action with signature System.Threading.Tasks.Task`1[Microsoft.AspNetCore.Mvc.IActionResult] GetActiveDiscounts() on controller Presentation.Controllers.DiscountsController (Presentation).
2026-08-23 22:02:40.552 +03:00 [INF] Executed action Presentation.Controllers.PaymentsController.GetInvoice (Presentation) in 79.1611ms
2026-08-23 22:02:40.553 +03:00 [INF] Executed DbCommand (6ms) [Parameters=[], CommandType='"Text"', CommandTimeout='30']
SELECT [o].[Id], [o].[CancellationReason], [o].[CancelledAt], [o].[CancelledBy], [o].[CreatedAt], [o].[DiscountAmount], [o].[FinalAmount], [o].[RowVersion], [o].[Status], [o].[TableId], [o].[TotalAmount], [o].[UpdatedAt], [o].[WaiterId], [r].[Id], [r].[Capacity], [r].[RowVersion], [r].[Status], [r].[TableNumber], [r].[WaiterId], [e].[Id], [e].[CreatedAt], [e].[Email], [e].[FullName], [e].[IsActive], [e].[PasswordHash], [e].[Phone], [e].[Role], [o0].[Id], [o0].[CancellationReason], [o0].[CancelledAt], [o0].[CancelledBy], [o0].[MenuItemId], [o0].[Notes], [o0].[OrderId], [o0].[Quantity], [o0].[Status], [o0].[UnitPrice]
FROM [Orders] AS [o]
INNER JOIN [RestaurantTables] AS [r] ON [o].[TableId] = [r].[Id]
INNER JOIN [Employees] AS [e] ON [o].[WaiterId] = [e].[Id]
LEFT JOIN [OrderItems] AS [o0] ON [o].[Id] = [o0].[OrderId]
ORDER BY [o].[Id], [r].[Id], [e].[Id]
2026-08-23 22:02:40.553 +03:00 [INF] Executed DbCommand (1ms) [Parameters=[], CommandType='"Text"', CommandTimeout='30']
SELECT [p].[Id], [p].[CashierId], [p].[DiscountAmount], [p].[FinalAmount], [p].[OrderId], [p].[PaidAt], [p].[PaymentMethod], [p].[ReceiptNumber], [p].[TotalAmount], [o].[Id], [o].[CancellationReason], [o].[CancelledAt], [o].[CancelledBy], [o].[CreatedAt], [o].[DiscountAmount], [o].[FinalAmount], [o].[RowVersion], [o].[Status], [o].[TableId], [o].[TotalAmount], [o].[UpdatedAt], [o].[WaiterId], [e].[Id], [e].[CreatedAt], [e].[Email], [e].[FullName], [e].[IsActive], [e].[PasswordHash], [e].[Phone], [e].[Role]
FROM [Payments] AS [p]
INNER JOIN [Orders] AS [o] ON [p].[OrderId] = [o].[Id]
INNER JOIN [Employees] AS [e] ON [p].[CashierId] = [e].[Id]
2026-08-23 22:02:40.554 +03:00 [INF] Executed endpoint 'Presentation.Controllers.PaymentsController.GetInvoice (Presentation)'
2026-08-23 22:02:40.555 +03:00 [INF] Executed DbCommand (1ms) [Parameters=[@__now_0='?' (DbType = DateTime2)], CommandType='"Text"', CommandTimeout='30']
SELECT [d].[Id], [d].[AppliedAt], [d].[ApprovedBy], [d].[CreatedAt], [d].[CreatedById], [d].[DiscountAmount], [d].[DiscountPercent], [d].[IsActive], [d].[IsApproved], [d].[Name], [d].[OrderId], [d].[Reason], [d].[Type], [d].[UpdatedAt], [d].[ValidFrom], [d].[ValidTo], [d].[Value], [e].[Id], [e].[CreatedAt], [e].[Email], [e].[FullName], [e].[IsActive], [e].[PasswordHash], [e].[Phone], [e].[Role]
FROM [Discounts] AS [d]
LEFT JOIN [Employees] AS [e] ON [d].[CreatedById] = [e].[Id]
WHERE [d].[OrderId] IS NULL AND [d].[IsActive] = CAST(1 AS bit) AND [d].[IsApproved] = CAST(1 AS bit) AND ([d].[ValidFrom] IS NULL OR [d].[ValidFrom] <= @__now_0) AND ([d].[ValidTo] IS NULL OR [d].[ValidTo] >= @__now_0)
ORDER BY [d].[CreatedAt] DESC
2026-08-23 22:02:40.555 +03:00 [INF] Executing OkObjectResult, writing value of type 'System.Linq.Enumerable+ListSelectIterator`2[[Domain.Models.Order, Domain, Version=1.0.0.0, Culture=neutral, PublicKeyToken=null],[Application.DTOs.Orders.OrderSummaryDto, Application, Version=1.0.0.0, Culture=neutral, PublicKeyToken=null]]'.
2026-08-23 22:02:40.556 +03:00 [INF] Executing OkObjectResult, writing value of type 'System.Collections.Generic.List`1[[Application.DTOs.Payments.PaymentSummaryDto, Application, Version=1.0.0.0, Culture=neutral, PublicKeyToken=null]]'.
2026-08-23 22:02:40.556 +03:00 [INF] Request finished HTTP/1.1 GET http://localhost:5279/api/Payments/orders/103/invoice - 200 null application/json; charset=utf-8 94.2363ms
2026-08-23 22:02:40.557 +03:00 [INF] Executing OkObjectResult, writing value of type 'System.Linq.Enumerable+ListSelectIterator`2[[Domain.Models.Discount, Domain, Version=1.0.0.0, Culture=neutral, PublicKeyToken=null],[Application.DTOs.Discounts.DiscountResponseDto, Application, Version=1.0.0.0, Culture=neutral, PublicKeyToken=null]]'.
2026-08-23 22:02:40.558 +03:00 [INF] Executed action Presentation.Controllers.OrdersController.GetAllOrders (Presentation) in 10.4652ms
2026-08-23 22:02:40.558 +03:00 [INF] Executed action Presentation.Controllers.PaymentsController.GetAllPayments (Presentation) in 5.8796ms
2026-08-23 22:02:40.560 +03:00 [INF] Request starting HTTP/1.1 GET http://localhost:5279/api/Orders - null null
2026-08-23 22:02:40.560 +03:00 [INF] Executed action Presentation.Controllers.DiscountsController.GetActiveDiscounts (Presentation) in 6.9471ms
2026-08-23 22:02:40.561 +03:00 [INF] Executed endpoint 'Presentation.Controllers.OrdersController.GetAllOrders (Presentation)'
2026-08-23 22:02:40.561 +03:00 [INF] Executed endpoint 'Presentation.Controllers.PaymentsController.GetAllPayments (Presentation)'
2026-08-23 22:02:40.562 +03:00 [INF] Executing endpoint 'Presentation.Controllers.OrdersController.GetAllOrders (Presentation)'
2026-08-23 22:02:40.563 +03:00 [INF] Executed endpoint 'Presentation.Controllers.DiscountsController.GetActiveDiscounts (Presentation)'
2026-08-23 22:02:40.563 +03:00 [INF] Request finished HTTP/1.1 GET http://localhost:5279/api/Orders - 200 null application/json; charset=utf-8 22.0004ms
2026-08-23 22:02:40.563 +03:00 [INF] Request finished HTTP/1.1 GET http://localhost:5279/api/Payments - 200 null application/json; charset=utf-8 16.1467ms
2026-08-23 22:02:40.564 +03:00 [INF] Route matched with {action = "GetAllOrders", controller = "Orders"}. Executing controller action with signature System.Threading.Tasks.Task`1[Microsoft.AspNetCore.Mvc.IActionResult] GetAllOrders(System.Nullable`1[Domain.Enums.OrderStatus]) on controller Presentation.Controllers.OrdersController (Presentation).
2026-08-23 22:02:40.565 +03:00 [INF] Request finished HTTP/1.1 GET http://localhost:5279/api/Discounts/active - 200 null application/json; charset=utf-8 17.2099ms
2026-08-23 22:02:40.569 +03:00 [INF] Executed DbCommand (1ms) [Parameters=[], CommandType='"Text"', CommandTimeout='30']
SELECT [o].[Id], [o].[CancellationReason], [o].[CancelledAt], [o].[CancelledBy], [o].[CreatedAt], [o].[DiscountAmount], [o].[FinalAmount], [o].[RowVersion], [o].[Status], [o].[TableId], [o].[TotalAmount], [o].[UpdatedAt], [o].[WaiterId], [r].[Id], [r].[Capacity], [r].[RowVersion], [r].[Status], [r].[TableNumber], [r].[WaiterId], [e].[Id], [e].[CreatedAt], [e].[Email], [e].[FullName], [e].[IsActive], [e].[PasswordHash], [e].[Phone], [e].[Role], [o0].[Id], [o0].[CancellationReason], [o0].[CancelledAt], [o0].[CancelledBy], [o0].[MenuItemId], [o0].[Notes], [o0].[OrderId], [o0].[Quantity], [o0].[Status], [o0].[UnitPrice]
FROM [Orders] AS [o]
INNER JOIN [RestaurantTables] AS [r] ON [o].[TableId] = [r].[Id]
INNER JOIN [Employees] AS [e] ON [o].[WaiterId] = [e].[Id]
LEFT JOIN [OrderItems] AS [o0] ON [o].[Id] = [o0].[OrderId]
ORDER BY [o].[Id], [r].[Id], [e].[Id]
2026-08-23 22:02:40.570 +03:00 [INF] Executing OkObjectResult, writing value of type 'System.Linq.Enumerable+ListSelectIterator`2[[Domain.Models.Order, Domain, Version=1.0.0.0, Culture=neutral, PublicKeyToken=null],[Application.DTOs.Orders.OrderSummaryDto, Application, Version=1.0.0.0, Culture=neutral, PublicKeyToken=null]]'.
2026-08-23 22:02:40.570 +03:00 [INF] Executed action Presentation.Controllers.OrdersController.GetAllOrders (Presentation) in 2.7278ms
2026-08-23 22:02:40.571 +03:00 [INF] Executed endpoint 'Presentation.Controllers.OrdersController.GetAllOrders (Presentation)'
2026-08-23 22:02:40.572 +03:00 [INF] Request finished HTTP/1.1 GET http://localhost:5279/api/Orders - 200 null application/json; charset=utf-8 11.3703ms
2026-08-23 22:02:40.572 +03:00 [INF] Request starting HTTP/1.1 GET http://localhost:5279/api/Orders - null null
2026-08-23 22:02:40.574 +03:00 [INF] Executing endpoint 'Presentation.Controllers.OrdersController.GetAllOrders (Presentation)'
2026-08-23 22:02:40.574 +03:00 [INF] Route matched with {action = "GetAllOrders", controller = "Orders"}. Executing controller action with signature System.Threading.Tasks.Task`1[Microsoft.AspNetCore.Mvc.IActionResult] GetAllOrders(System.Nullable`1[Domain.Enums.OrderStatus]) on controller Presentation.Controllers.OrdersController (Presentation).
2026-08-23 22:02:40.578 +03:00 [INF] Executed DbCommand (3ms) [Parameters=[], CommandType='"Text"', CommandTimeout='30']
SELECT [o].[Id], [o].[CancellationReason], [o].[CancelledAt], [o].[CancelledBy], [o].[CreatedAt], [o].[DiscountAmount], [o].[FinalAmount], [o].[RowVersion], [o].[Status], [o].[TableId], [o].[TotalAmount], [o].[UpdatedAt], [o].[WaiterId], [r].[Id], [r].[Capacity], [r].[RowVersion], [r].[Status], [r].[TableNumber], [r].[WaiterId], [e].[Id], [e].[CreatedAt], [e].[Email], [e].[FullName], [e].[IsActive], [e].[PasswordHash], [e].[Phone], [e].[Role], [o0].[Id], [o0].[CancellationReason], [o0].[CancelledAt], [o0].[CancelledBy], [o0].[MenuItemId], [o0].[Notes], [o0].[OrderId], [o0].[Quantity], [o0].[Status], [o0].[UnitPrice]
FROM [Orders] AS [o]
INNER JOIN [RestaurantTables] AS [r] ON [o].[TableId] = [r].[Id]
INNER JOIN [Employees] AS [e] ON [o].[WaiterId] = [e].[Id]
LEFT JOIN [OrderItems] AS [o0] ON [o].[Id] = [o0].[OrderId]
ORDER BY [o].[Id], [r].[Id], [e].[Id]
2026-08-23 22:02:40.579 +03:00 [INF] Executing OkObjectResult, writing value of type 'System.Linq.Enumerable+ListSelectIterator`2[[Domain.Models.Order, Domain, Version=1.0.0.0, Culture=neutral, PublicKeyToken=null],[Application.DTOs.Orders.OrderSummaryDto, Application, Version=1.0.0.0, Culture=neutral, PublicKeyToken=null]]'.
2026-08-23 22:02:40.580 +03:00 [INF] Executed action Presentation.Controllers.OrdersController.GetAllOrders (Presentation) in 4.8073ms
2026-08-23 22:02:40.580 +03:00 [INF] Executed endpoint 'Presentation.Controllers.OrdersController.GetAllOrders (Presentation)'
2026-08-23 22:02:40.580 +03:00 [INF] Request finished HTTP/1.1 GET http://localhost:5279/api/Orders - 200 null application/json; charset=utf-8 8.2791ms
2026-08-23 22:08:05.587 +03:00 [INF] Connection id "0HNO191P2PF57", Request id "0HNO191P2PF57:00000001": the application aborted the connection.
2026-08-23 22:08:05.587 +03:00 [INF] Connection id "0HNO191P2PF4B", Request id "0HNO191P2PF4B:00000001": the application aborted the connection.
2026-08-23 22:08:05.587 +03:00 [INF] Connection id "0HNO191P2PF5A", Request id "0HNO191P2PF5A:00000001": the application aborted the connection.
2026-08-23 22:08:05.587 +03:00 [INF] Connection id "0HNO191P2PF4A", Request id "0HNO191P2PF4A:00000001": the application aborted the connection.
2026-08-23 22:08:05.587 +03:00 [INF] Connection id "0HNO191P2PF48", Request id "0HNO191P2PF48:00000001": the application aborted the connection.
2026-08-23 22:08:05.587 +03:00 [INF] Connection id "0HNO191P2PF49", Request id "0HNO191P2PF49:00000001": the application aborted the connection.
2026-08-23 22:08:05.593 +03:00 [INF] Executed endpoint '/hubs/order'
2026-08-23 22:08:05.593 +03:00 [INF] Executed endpoint '/hubs/order'
2026-08-23 22:08:05.593 +03:00 [INF] Executed endpoint '/hubs/order'
2026-08-23 22:08:05.593 +03:00 [INF] Executed endpoint '/hubs/order'
2026-08-23 22:08:05.593 +03:00 [INF] Executed endpoint '/hubs/order'
2026-08-23 22:08:05.593 +03:00 [INF] Executed endpoint '/hubs/order'
2026-08-23 22:08:05.594 +03:00 [INF] Request finished HTTP/1.1 GET http://localhost:5279/hubs/order?id=vxTvO0L5SR4gx99rtfaghA&access_token=eyJhbGciOiJIUzI1NiIsInR5cCI6IkpXVCJ9.eyJuYW1laWQiOiI1IiwidW5pcXVlX25hbWUiOiJNYW5hZ2VyIFN0YWZmIiwiZW1haWwiOiJtYW5hZ2VyQGFsYXJpcy5jb20iLCJyb2xlIjoiTWFuYWdlciIsIm5iZiI6MTc4NzUwMDgxMiwiZXhwIjoxNzg3NTI5NjEyLCJpYXQiOjE3ODc1MDA4MTIsImlzcyI6IlJlc3RhdXJhbnRQT1MiLCJhdWQiOiJSZXN0YXVyYW50UE9TVXNlcnMifQ.RydEx1qnqFDfXV9xXm9q9B5oMtJHVjDMSTfGK2kPBCk - 101 null null 607951.4742ms
2026-08-23 22:08:05.594 +03:00 [INF] Request finished HTTP/1.1 GET http://localhost:5279/hubs/order?id=Q2jOA5_uUpmawJA6w4YfLw&access_token=eyJhbGciOiJIUzI1NiIsInR5cCI6IkpXVCJ9.eyJuYW1laWQiOiI1IiwidW5pcXVlX25hbWUiOiJNYW5hZ2VyIFN0YWZmIiwiZW1haWwiOiJtYW5hZ2VyQGFsYXJpcy5jb20iLCJyb2xlIjoiTWFuYWdlciIsIm5iZiI6MTc4NzUwMDgxMiwiZXhwIjoxNzg3NTI5NjEyLCJpYXQiOjE3ODc1MDA4MTIsImlzcyI6IlJlc3RhdXJhbnRQT1MiLCJhdWQiOiJSZXN0YXVyYW50UE9TVXNlcnMifQ.RydEx1qnqFDfXV9xXm9q9B5oMtJHVjDMSTfGK2kPBCk - 101 null null 607924.2196ms
2026-08-23 22:08:05.594 +03:00 [INF] Request finished HTTP/1.1 GET http://localhost:5279/hubs/order?id=BK-1ROtp-wyzSuXYT8aaaQ&access_token=eyJhbGciOiJIUzI1NiIsInR5cCI6IkpXVCJ9.eyJuYW1laWQiOiI3IiwidW5pcXVlX25hbWUiOiJDaGVmIFN0YWZmIiwiZW1haWwiOiJjaGVmQGFsYXJpcy5jb20iLCJyb2xlIjoiQ2hlZiIsIm5iZiI6MTc4NzUxMTUzOSwiZXhwIjoxNzg3NTQwMzM5LCJpYXQiOjE3ODc1MTE1MzksImlzcyI6IlJlc3RhdXJhbnRQT1MiLCJhdWQiOiJSZXN0YXVyYW50UE9TVXNlcnMifQ.L4VLAT8tmpkT8YSTi09npVkJ9Z2WfIXhSA5pk6GnQ7M - 101 null null 500627.8876ms
2026-08-23 22:08:05.595 +03:00 [INF] Request finished HTTP/1.1 GET http://localhost:5279/hubs/order?id=v1z_SsGRuB6IkwrCCPch_Q&access_token=eyJhbGciOiJIUzI1NiIsInR5cCI6IkpXVCJ9.eyJuYW1laWQiOiI3IiwidW5pcXVlX25hbWUiOiJDaGVmIFN0YWZmIiwiZW1haWwiOiJjaGVmQGFsYXJpcy5jb20iLCJyb2xlIjoiQ2hlZiIsIm5iZiI6MTc4NzUxMTUzOSwiZXhwIjoxNzg3NTQwMzM5LCJpYXQiOjE3ODc1MTE1MzksImlzcyI6IlJlc3RhdXJhbnRQT1MiLCJhdWQiOiJSZXN0YXVyYW50UE9TVXNlcnMifQ.L4VLAT8tmpkT8YSTi09npVkJ9Z2WfIXhSA5pk6GnQ7M - 101 null null 500589.2599ms
2026-08-23 22:08:05.595 +03:00 [INF] Request finished HTTP/1.1 GET http://localhost:5279/hubs/order?id=UtC9q_7wY1w2QgYz87rT1Q&access_token=eyJhbGciOiJIUzI1NiIsInR5cCI6IkpXVCJ9.eyJuYW1laWQiOiI1IiwidW5pcXVlX25hbWUiOiJNYW5hZ2VyIFN0YWZmIiwiZW1haWwiOiJtYW5hZ2VyQGFsYXJpcy5jb20iLCJyb2xlIjoiTWFuYWdlciIsIm5iZiI6MTc4NzUwMDgxMiwiZXhwIjoxNzg3NTI5NjEyLCJpYXQiOjE3ODc1MDA4MTIsImlzcyI6IlJlc3RhdXJhbnRQT1MiLCJhdWQiOiJSZXN0YXVyYW50UE9TVXNlcnMifQ.RydEx1qnqFDfXV9xXm9q9B5oMtJHVjDMSTfGK2kPBCk - 101 null null 607989.4132ms
2026-08-23 22:08:05.595 +03:00 [INF] Request finished HTTP/1.1 GET http://localhost:5279/hubs/order?id=ApxB8iZHir7ihTEs-csBYg&access_token=eyJhbGciOiJIUzI1NiIsInR5cCI6IkpXVCJ9.eyJuYW1laWQiOiI1IiwidW5pcXVlX25hbWUiOiJNYW5hZ2VyIFN0YWZmIiwiZW1haWwiOiJtYW5hZ2VyQGFsYXJpcy5jb20iLCJyb2xlIjoiTWFuYWdlciIsIm5iZiI6MTc4NzUwMDgxMiwiZXhwIjoxNzg3NTI5NjEyLCJpYXQiOjE3ODc1MDA4MTIsImlzcyI6IlJlc3RhdXJhbnRQT1MiLCJhdWQiOiJSZXN0YXVyYW50UE9TVXNlcnMifQ.RydEx1qnqFDfXV9xXm9q9B5oMtJHVjDMSTfGK2kPBCk - 101 null null 607905.3189ms
2026-08-23 22:08:11.670 +03:00 [INF] Application is shutting down...
2026-08-23 22:48:54.931 +03:00 [INF] User profile is available. Using 'C:\Users\HP\AppData\Local\ASP.NET\DataProtection-Keys' as key repository and Windows DPAPI to encrypt keys at rest.
2026-08-23 22:48:55.751 +03:00 [INF] Now listening on: https://localhost:7281
2026-08-23 22:48:55.755 +03:00 [INF] Now listening on: http://localhost:5279
2026-08-23 22:48:56.024 +03:00 [INF] Application started. Press Ctrl+C to shut down.
2026-08-23 22:48:56.028 +03:00 [INF] Hosting environment: Development
2026-08-23 22:48:56.031 +03:00 [INF] Content root path: D:\RestaurantPOS\Presentation
2026-08-23 22:50:00.335 +03:00 [INF] User profile is available. Using 'C:\Users\HP\AppData\Local\ASP.NET\DataProtection-Keys' as key repository and Windows DPAPI to encrypt keys at rest.
2026-08-23 22:50:00.657 +03:00 [INF] Now listening on: https://localhost:7281
2026-08-23 22:50:00.660 +03:00 [INF] Now listening on: http://localhost:5279
2026-08-23 22:50:00.768 +03:00 [INF] Application started. Press Ctrl+C to shut down.
2026-08-23 22:50:00.770 +03:00 [INF] Hosting environment: Development
2026-08-23 22:50:00.772 +03:00 [INF] Content root path: D:\RestaurantPOS\Presentation
2026-08-23 22:51:31.189 +03:00 [INF] Executed DbCommand (129ms) [Parameters=[], CommandType='"Text"', CommandTimeout='30']
SELECT 1
2026-08-23 22:51:31.270 +03:00 [INF] Acquiring an exclusive lock for migration application. See https://aka.ms/efcore-docs-migrations-lock for more information if this takes too long.
2026-08-23 22:51:31.550 +03:00 [INF] Executed DbCommand (275ms) [Parameters=[], CommandType='"Text"', CommandTimeout='30']
DECLARE @result int;
EXEC @result = sp_getapplock @Resource = '__EFMigrationsLock', @LockOwner = 'Session', @LockMode = 'Exclusive';
SELECT @result
2026-08-23 22:51:32.007 +03:00 [INF] Executed DbCommand (153ms) [Parameters=[], CommandType='"Text"', CommandTimeout='30']
IF OBJECT_ID(N'[__EFMigrationsHistory]') IS NULL
BEGIN
    CREATE TABLE [__EFMigrationsHistory] (
        [MigrationId] nvarchar(150) NOT NULL,
        [ProductVersion] nvarchar(32) NOT NULL,
        CONSTRAINT [PK___EFMigrationsHistory] PRIMARY KEY ([MigrationId])
    );
END;
2026-08-23 22:51:32.434 +03:00 [INF] Executed DbCommand (102ms) [Parameters=[], CommandType='"Text"', CommandTimeout='30']
SELECT 1
2026-08-23 22:51:32.794 +03:00 [INF] Executed DbCommand (359ms) [Parameters=[], CommandType='"Text"', CommandTimeout='30']
SELECT OBJECT_ID(N'[__EFMigrationsHistory]');
2026-08-23 22:51:32.937 +03:00 [INF] Executed DbCommand (140ms) [Parameters=[], CommandType='"Text"', CommandTimeout='30']
SELECT [MigrationId], [ProductVersion]
FROM [__EFMigrationsHistory]
ORDER BY [MigrationId];
2026-08-23 22:51:32.948 +03:00 [INF] Applying migration '20260823151641_MakeOldStatusNullableInOrderStatusHistory'.
2026-08-23 22:51:33.175 +03:00 [INF] Executed DbCommand (186ms) [Parameters=[], CommandType='"Text"', CommandTimeout='30']
DECLARE @var sysname;
SELECT @var = [d].[name]
FROM [sys].[default_constraints] [d]
INNER JOIN [sys].[columns] [c] ON [d].[parent_column_id] = [c].[column_id] AND [d].[parent_object_id] = [c].[object_id]
WHERE ([d].[parent_object_id] = OBJECT_ID(N'[OrderStatusHistory]') AND [c].[name] = N'OldStatus');
IF @var IS NOT NULL EXEC(N'ALTER TABLE [OrderStatusHistory] DROP CONSTRAINT [' + @var + '];');
ALTER TABLE [OrderStatusHistory] ALTER COLUMN [OldStatus] int NULL;
2026-08-23 22:51:33.304 +03:00 [INF] Executed DbCommand (128ms) [Parameters=[], CommandType='"Text"', CommandTimeout='30']
INSERT INTO [__EFMigrationsHistory] ([MigrationId], [ProductVersion])
VALUES (N'20260823151641_MakeOldStatusNullableInOrderStatusHistory', N'9.0.8');
2026-08-23 22:51:33.304 +03:00 [INF] Applying migration '20260823161411_AddInventoryPurchaseExpenses'.
2026-08-23 22:51:33.458 +03:00 [INF] Executed DbCommand (118ms) [Parameters=[], CommandType='"Text"', CommandTimeout='30']
CREATE TABLE [InventoryPurchases] (
    [Id] int NOT NULL IDENTITY,
    [IngredientId] int NOT NULL,
    [Quantity] decimal(18,2) NOT NULL,
    [UnitCost] decimal(18,2) NOT NULL,
    [TotalAmount] decimal(18,2) NOT NULL,
    [Reason] nvarchar(250) NOT NULL,
    [PurchaseDate] datetime2 NOT NULL,
    [CreatedById] int NOT NULL,
    CONSTRAINT [PK_InventoryPurchases] PRIMARY KEY ([Id]),
    CONSTRAINT [FK_InventoryPurchases_Employees_CreatedById] FOREIGN KEY ([CreatedById]) REFERENCES [Employees] ([Id]) ON DELETE NO ACTION,
    CONSTRAINT [FK_InventoryPurchases_Ingredients_IngredientId] FOREIGN KEY ([IngredientId]) REFERENCES [Ingredients] ([Id]) ON DELETE NO ACTION
);
2026-08-23 22:51:33.571 +03:00 [INF] Executed DbCommand (113ms) [Parameters=[], CommandType='"Text"', CommandTimeout='30']
CREATE INDEX [IX_InventoryPurchases_CreatedById] ON [InventoryPurchases] ([CreatedById]);
2026-08-23 22:51:33.688 +03:00 [INF] Executed DbCommand (116ms) [Parameters=[], CommandType='"Text"', CommandTimeout='30']
CREATE INDEX [IX_InventoryPurchases_IngredientId] ON [InventoryPurchases] ([IngredientId]);
2026-08-23 22:51:33.809 +03:00 [INF] Executed DbCommand (121ms) [Parameters=[], CommandType='"Text"', CommandTimeout='30']
INSERT INTO [__EFMigrationsHistory] ([MigrationId], [ProductVersion])
VALUES (N'20260823161411_AddInventoryPurchaseExpenses', N'9.0.8');
2026-08-23 22:51:33.810 +03:00 [INF] Applying migration '20260823163759_AddDiscountManagement'.
2026-08-23 22:51:34.022 +03:00 [INF] Executed DbCommand (158ms) [Parameters=[], CommandType='"Text"', CommandTimeout='30']
DECLARE @var1 sysname;
SELECT @var1 = [d].[name]
FROM [sys].[default_constraints] [d]
INNER JOIN [sys].[columns] [c] ON [d].[parent_column_id] = [c].[column_id] AND [d].[parent_object_id] = [c].[object_id]
WHERE ([d].[parent_object_id] = OBJECT_ID(N'[Discounts]') AND [c].[name] = N'OrderId');
IF @var1 IS NOT NULL EXEC(N'ALTER TABLE [Discounts] DROP CONSTRAINT [' + @var1 + '];');
ALTER TABLE [Discounts] ALTER COLUMN [OrderId] int NULL;
2026-08-23 22:51:34.291 +03:00 [INF] Executed DbCommand (269ms) [Parameters=[], CommandType='"Text"', CommandTimeout='30']
DECLARE @var2 sysname;
SELECT @var2 = [d].[name]
FROM [sys].[default_constraints] [d]
INNER JOIN [sys].[columns] [c] ON [d].[parent_column_id] = [c].[column_id] AND [d].[parent_object_id] = [c].[object_id]
WHERE ([d].[parent_object_id] = OBJECT_ID(N'[Discounts]') AND [c].[name] = N'CreatedAt');
IF @var2 IS NOT NULL EXEC(N'ALTER TABLE [Discounts] DROP CONSTRAINT [' + @var2 + '];');
UPDATE [Discounts] SET [CreatedAt] = '0001-01-01T00:00:00.0000000' WHERE [CreatedAt] IS NULL;
ALTER TABLE [Discounts] ALTER COLUMN [CreatedAt] datetime2 NOT NULL;
ALTER TABLE [Discounts] ADD DEFAULT '0001-01-01T00:00:00.0000000' FOR [CreatedAt];
2026-08-23 22:51:34.398 +03:00 [INF] Executed DbCommand (107ms) [Parameters=[], CommandType='"Text"', CommandTimeout='30']
ALTER TABLE [Discounts] ADD [CreatedById] int NULL;
2026-08-23 22:51:34.535 +03:00 [INF] Executed DbCommand (137ms) [Parameters=[], CommandType='"Text"', CommandTimeout='30']
ALTER TABLE [Discounts] ADD [IsActive] bit NOT NULL DEFAULT CAST(1 AS bit);
2026-08-23 22:51:34.644 +03:00 [INF] Executed DbCommand (108ms) [Parameters=[], CommandType='"Text"', CommandTimeout='30']
ALTER TABLE [Discounts] ADD [IsApproved] bit NOT NULL DEFAULT CAST(1 AS bit);
2026-08-23 22:51:34.770 +03:00 [INF] Executed DbCommand (126ms) [Parameters=[], CommandType='"Text"', CommandTimeout='30']
ALTER TABLE [Discounts] ADD [Name] nvarchar(100) NOT NULL DEFAULT N'';
2026-08-23 22:51:34.891 +03:00 [INF] Executed DbCommand (121ms) [Parameters=[], CommandType='"Text"', CommandTimeout='30']
ALTER TABLE [Discounts] ADD [Type] nvarchar(30) NOT NULL DEFAULT N'Percentage';
2026-08-23 22:51:34.996 +03:00 [INF] Executed DbCommand (105ms) [Parameters=[], CommandType='"Text"', CommandTimeout='30']
ALTER TABLE [Discounts] ADD [UpdatedAt] datetime2 NULL;
2026-08-23 22:51:35.109 +03:00 [INF] Executed DbCommand (112ms) [Parameters=[], CommandType='"Text"', CommandTimeout='30']
ALTER TABLE [Discounts] ADD [ValidFrom] datetime2 NULL;
2026-08-23 22:51:35.231 +03:00 [INF] Executed DbCommand (122ms) [Parameters=[], CommandType='"Text"', CommandTimeout='30']
ALTER TABLE [Discounts] ADD [ValidTo] datetime2 NULL;
2026-08-23 22:51:35.338 +03:00 [INF] Executed DbCommand (107ms) [Parameters=[], CommandType='"Text"', CommandTimeout='30']
ALTER TABLE [Discounts] ADD [Value] decimal(18,2) NOT NULL DEFAULT 0.0;
2026-08-23 22:51:35.449 +03:00 [INF] Executed DbCommand (110ms) [Parameters=[], CommandType='"Text"', CommandTimeout='30']
CREATE INDEX [IX_Discounts_CreatedById] ON [Discounts] ([CreatedById]);
2026-08-23 22:51:35.565 +03:00 [INF] Executed DbCommand (116ms) [Parameters=[], CommandType='"Text"', CommandTimeout='30']
ALTER TABLE [Discounts] ADD CONSTRAINT [FK_Discounts_Employees_CreatedById] FOREIGN KEY ([CreatedById]) REFERENCES [Employees] ([Id]) ON DELETE NO ACTION;
2026-08-23 22:51:35.704 +03:00 [INF] Executed DbCommand (138ms) [Parameters=[], CommandType='"Text"', CommandTimeout='30']
INSERT INTO [__EFMigrationsHistory] ([MigrationId], [ProductVersion])
VALUES (N'20260823163759_AddDiscountManagement', N'9.0.8');
2026-08-23 22:51:35.950 +03:00 [INF] Executed DbCommand (121ms) [Parameters=[], CommandType='"Text"', CommandTimeout='30']
DECLARE @result int;
EXEC @result = sp_releaseapplock @Resource = '__EFMigrationsLock', @LockOwner = 'Session';
SELECT @result
